external_id,siret
09a3eaea-102f-4c60-bf92-3c57f912a0ce,53053609300020
0b45ec2b-1c0d-456a-93f5-89180dd7adf0,
109c8749-a60e-4b63-918b-94c7d27d3c58,
40e2107a-ff7a-4a9a-af29-eee7c4f84568,
263ff047-5b2d-44f8-93e4-7e18616fcd1c,12000101100010
27b9c635-130e-447a-8551-c5d808c9f7e6,13002573700011
285f308f-e5f6-4363-9a51-03d1cf7ad262,
2dc7bc62-4191-495c-b29e-6b3e9f7cb0c6,12002001101155
311a21c0-8b8c-4118-9e08-727fb7ce6cbc,
35344d09-180d-4dcf-b9b0-f415f4a6cff6,
3c02584e-b19d-4e52-bcd2-694ead3bbdf7,
3c94847b-5f70-4fbf-a6a8-9a6196791267,
43def589-01b9-43e0-83b9-66c3bb4ee1aa,
44cbf917-eec0-4cd8-9d00-6379af6f1560,
44f8f18a-6dc8-4feb-808d-2ed7f7534e03,
4a2f70be-8f4c-4a3f-8999-66afb16606a8,17991092200014
dddf5913-ce01-4509-bb38-7163108537c4,
5e1c64bc-aeee-4a02-9d06-936907f5d10a,17993520000016
5f1a60d8-6426-4d28-a0fd-198058907ac6,93261775600014
6c049ad5-4659-4018-ac36-4c2d4fe4e8e7,
6d3801b5-354f-4323-9eb4-f7b2c34c7d9d,40482655400135
6edb10b0-aade-400c-b9b7-8fe63f601dec,
7487b83c-9da0-4ca2-bff6-3b57408b98eb,
7a313fda-a6a0-4e83-a6e4-1df9cfaab87b,
7d03d363-ce6a-4a3d-a426-64a364e92f76,16006401000020
7dea7c57-3b2c-4137-95f4-2b4d5dca1bea,
7deff2b0-0427-461e-8b30-66efb8cbdaf6,
86400472-30a4-47c0-9964-5e65be480150,13002538000010
867857c8-283e-48c2-8927-c3c124ebcd88,
86f7e7d9-fde8-4038-802b-3356c4d6a4be,
91aafd72-7178-4615-ac1c-545af7ac8c86,
29ab97ee-d73d-4d5c-83e8-2971889fdabb,
9a732430-ce9d-4080-8ce2-094ef72d9bc0,
9d50596f-a442-4031-a9f3-4f48c9a32f8a,
a40230e9-cced-4ab8-b91b-a3272cf19fcb,
a78e95fa-045b-4a0f-ab99-96c84f2a5041,
a861a85f-178e-494f-b3f6-294be940ba11,
a9816f20-f349-44e0-b166-84fb12d38355,17993210800014
ab4a1823-7dd8-4652-bd5a-ecc30617e256,12008701000068
ae3d5c96-8500-4294-90ac-4aecf7206646,17992190300011
b06a83da-b849-4dd3-851d-f235e30ab77c,
b0ce861d-e412-4b61-b6ca-4257f7a1f18c,
b7d94899-8a61-432f-a5a3-e7d0707a34b1,
b8cc6d6e-2870-4af5-8038-faddfa5d4ed9,17992010300019
bcf379d3-9ad2-481e-aeac-adbdd401b461,17991350400025
bd502fec-4fdf-4d97-96a6-f5de4165a8fd,
bed47eee-0ae7-4b34-895a-016f59143a7d,
d0420b11-d449-4f32-a5ee-808ab48208f5,
d60f8d14-d42e-4268-8ed6-ca712f369da6,
d8a5ff98-67d3-405d-81b8-913829272ff8,
e26eecff-921c-4ee5-85ad-21e826e54e05,
f3d8324c-7187-46ed-b4a7-fa57abf95d55,18009226400225
f42549fc-d16e-4c75-890e-07e2405ae915,
f5ee5718-8c91-4075-a572-b3fb3fac3de7,
f77b913b-4a0c-474c-bcd3-c84778af3683,42942393200012
f94fbfe2-25b0-4c20-a7e7-db8c400cd3e1,
fb718a57-bfcf-424f-92e6-88df82fbe8c6,17991360300017
fe0c7e59-9293-4209-b19e-1b16a1f3ea8c,17992250500013
00c4d934-d766-49ce-a6ba-95d8a51669fd,
042af789-87e5-4668-af92-314d9342ad2f,
047f90a2-a308-41d8-9625-c6433d86548b,
04de2e93-42c9-475b-a284-9322c79591c3,13001977100018
04efb654-1031-4dfe-b019-2d6804e50ff0,17991511100019
05581862-0526-4886-83ec-314c34345533,
067e5550-0c05-4bf2-bf40-6ec73fd5ce77,17991040100019
0bc2d191-7ff2-4fc7-84c2-3c81426e1d42,
0bd73a59-130a-4884-8eda-34f9d3294efe,17991541800018
0c55926f-6a2d-47bb-bcea-29db7e1f8939,17993100100012
0c83aaa0-945e-4694-9ff2-97f71dc51cb3,
0ed11918-21a2-4de8-869b-cacf0dec366e,
0ed3454d-758d-43b3-9a96-841678c2b3f1,17991400700010
10696315-e018-4649-8598-c336924c880c,81323409300017
cf3640b4-a97d-46e5-a28f-b30047729e23,
1a65f02a-0c64-43a9-a56a-bc242b9d88df,17993010200019
222603cd-2730-490a-aa3b-3f80f466a3c9,
228768f6-1c77-449f-808e-0726340c15cd,
358e1098-c439-40dd-a1c2-302c699feee7,17991191200014
39185d40-5941-4e5d-8dbc-d03cf10b3da4,13000456700017
4b03f327-4ede-4871-b7b6-477eb662c42c,
4b174d8c-0844-40cd-9421-73e4458743ef,
5088d2a9-afa1-4d7b-98c3-d2a25ae99167,
54b207cf-9549-46da-a006-0059813d96a7,17992430300011
5b761fed-f056-422c-8513-67abb666c521,
5bc7a6e2-fa1d-4b40-b405-681ce14cc423,17994180200011
63c836a3-4c2b-4d75-8208-dd6355f36ee8,
665d5ccf-4a01-4d95-8226-5dc582b97dc2,18000501900047
6bc44db2-6f0e-4d4d-a7e4-b2fc6c036394,18480005000017
7018c9ab-6e85-4d33-a73c-e3315125ddb4,17993111800014
707ed73c-2d5f-42a5-8682-108850773e01,
7086c332-8d86-47e1-9a2b-6e45b805352d,
717f94f1-89bb-4e57-bab4-4cadd4b0de78,
72af4d70-d812-44da-a89f-62d1d033a059,13002591900015
73ef60e6-7ddd-4a8f-b8fb-f5a583ffeff8,
805915b8-b062-42dc-87ac-bcdc531e4ed5,
87db8daf-a4de-4130-bb6a-aff850fc1e5d,17993010200019
9490322a-fb20-4c5d-9110-7f88b75268f7,
9770b7d3-f419-49f2-9ba5-950818e57bf8,
98db55d2-a0aa-4214-ab63-baf6ed677bdb,
650532cb-6786-4b72-8706-fe3dd6347a1a,17994170300011
9e1396c8-3ce5-425e-912d-736dbd78db74,13000457500010
adcb9fe6-a6d9-4213-a731-c76395a3b17f,17992480800019
b0cd2888-d586-4590-884c-0ddc3025b70a,17993500200016
b2459b1a-eaa9-4c69-b11d-c9580b6557ec,
b4ec5302-c30f-41bf-81a7-0ac6eb9c3a84,
b4eed554-6565-4103-8faf-4f0a779f7dd5,17992230700014
9f94be0e-1d0d-43ff-96c0-6afa27a030a1,
c5bebb0a-768e-4255-82cf-8904e1285151,
ccf76534-c717-4256-9124-8936c6a001fb,
ce0d1cd3-1e77-4918-84d6-4ae26ceab197,
d088972c-a0d1-4827-a0db-954a2f92ce57,
d830e627-6837-4195-bdd7-e7bf77a94137,
da140090-11e4-49a9-8ed0-4b1bf6f10246,
dbaca126-8cab-4a5c-8591-6570ee434cb0,
dc0a0918-ad0e-4b75-8069-bac5737a7d1f,33503710700018
e01eb690-ebce-4688-a558-677b7ccce94c,15700010000204
e10ef1db-ce2f-4ca3-9bf3-58ce3f41183c,17994010100019
e2621e96-30c9-4ef1-b0c3-a5e327c75ad1,
e2a18b6a-e677-409d-b8b6-f75178c24a76,
e63f08bc-532f-4afd-8fcc-adb0e6965980,11000021300030
ef6c23d2-68b3-4fb2-8dc5-e3f44cdbb8b1,18730003300011
f354c570-1a88-478c-8637-6f2e4f44e83b,11000005600033
f3d48cbf-b4bc-4a1d-af21-75a6eca40f29,
f41b604a-c7e0-407f-8396-d158c40fe12e,
fa3bf73f-0eee-4673-852d-25a9131bc7f5,
fd83a457-a1f0-489f-b2e8-906a65fd32bc,34070921100080
01ef568c-5893-47fe-a933-8c816c8d996b,
eb33a780-648d-4ad0-b88a-f62265a22e29,13001309700071
072d5e00-d2a6-4edb-a845-b235046f3dc1,
0fc23636-1873-4d47-9f01-66f7bfeb4d08,82064823600017
1366d352-85e4-467f-900a-1f107401c9d8,
13a145e9-29bd-414b-aeef-a4a788208d16,
13a31b69-e7b7-46e8-80db-86ab18b86c53,
1d52e449-238d-4fe1-bcab-84c85ec1f29c,13002810300013
210715ac-4739-4536-84f3-ff77c64a9f8f,
2faaecc6-160c-4d41-bdd6-2d595f8e7419,
31017bd4-30b4-4a50-a412-ff706d86e15f,13001744500011
3ceaafb1-0515-491a-a091-dd535e32f9bf,
45555d37-a2a0-47ea-976d-b1cd2f9c2037,
5871df80-cc02-446f-9b2d-5f70c05328aa,17991181300014
662c15d8-5f99-4283-95a6-b9be391e7fb8,17991521000019
6a72eda0-e4ff-41e9-ad11-8b48a94ba784,19250082500026
6f7b068e-e603-4c52-9091-c598d5861619,19311256200015
6ffda729-a382-47ce-8c7b-b39d67797adb,82815033400013
7490b1a0-42f8-4627-ae49-a567cb2734d4,
74b22af1-f2f1-419e-b923-21e0776f72e3,11000043700019
7ec4a383-3e32-45b6-b6e1-96b9f7060a19,
854974ef-3e5c-485c-a0b1-661a9d3b79e8,
760639b2-72d3-4c0f-a1df-8615bc33d433,
af758c33-4d56-43cd-b205-cd9a6e5f973b,
b00c582a-5589-406f-836b-c1f1ae7f5895,50483633900011
baa704aa-1f47-4bc1-b2f9-06d482cc7b5d,45021576900016
bc9ac19c-f881-4d44-ab26-f5c2cd7c2229,17992220800014
bddba554-1891-47ed-bfa9-030a48c3e107,
c12c409a-c0ea-44e1-8247-0fe886d06b13,
ccfd1487-59f3-4866-bf1e-340d7eea4be5,15700001900461
cf7d2eae-81a7-4d4b-8ea3-e504f1996167,20000835700036
d2b5b26f-6a80-4bf7-89a4-f702a4d8e901,
d42dc97f-8f60-48ad-bbc5-8a85314024e0,
d44f915c-0300-4778-9242-621162ab217d,13002333600014
d4f4cc1d-018d-47c2-90d0-8203d57eaff8,
db76fd65-16c3-437a-8a39-390a79b12925,
e59b15b3-1365-4692-976c-b71c897018e5,
e6e4c7ca-1d99-431e-bf1a-a9ec0ea4e937,
e712b0eb-c2b1-4c41-adf2-e40974d093a3,18009202500154
ed508ea5-b657-45bf-998c-dea509f65741,
ed710be4-ce66-4c7f-99b6-5064ebe394e6,
ed9aa3f5-8f85-49f3-aaf6-8763c84e0d1e,
f19a4492-bf7d-4227-baee-00178905e3dd,
f50e7339-63cc-4a4e-8ba2-d9976209dedb,19593648900010
f6155ed6-be6f-41bd-bc69-2d43927f8312,18004417400019
f69ea726-bf9b-4675-8cb5-dd1fbe9ba74d,18009202500154
f76a7799-32ae-4a20-b706-02324d19d249,17991260500013
f7864b5b-810e-4892-b474-ce1528b63882,17994260200014
f7e9ff5c-c0b3-4832-8fb8-92b1157543bd,
f7ef3577-a4fc-41d9-8cdd-6dab2d6bbed8,12000101100010
fb46a501-4480-4444-aa4a-1ce6da8ecfa8,13002461500010
fb7d197b-6256-4956-b99f-c95729a16a23,
064b96a9-560e-4e47-b2a5-c9f9460ae626,17992120000012
07fefc42-5c02-451e-a33a-44aead3f655c,
0847ac67-9bd8-4ba5-a2ee-1e0406400ea6,13000509300013
088a9028-dfcd-431b-acf8-2e99d70d0c65,11000010600036
0a598d31-3e9c-4fab-bf71-d40ecab56c52,12002001101155
0c33efc2-4ae7-46df-b6c4-0ad2c9915de9,17995010000018
0d7b432b-3e15-402a-9812-0ea488c8cbfa,
11f2e8b1-dc08-4bcc-ad82-4d5485445b12,13000509300013
17568049-eab6-46db-aa39-711b1c7479da,17991100300012
17645fb0-7c48-486a-8e08-4f0b8a4617ce,39267050100049
1adc8315-e126-4165-967d-b461129b3e2f,
1afc131b-7405-4f05-a481-878e4e1ee1af,13002514100016
309f1095-0d21-4dcf-8f7b-c1b7ee9c60c7,
3336a8e4-099e-498f-97e1-d19a53d20a31,
346e6f19-2804-467c-becb-3b14e1fa28dc,19690189600015
34e0d15d-98a8-4afe-950e-96c47ac340e1,13000362700010
36fdc64c-d0de-4cd6-9b2c-2303393225ca,
378c64dc-c25f-45fd-ac28-c05310225415,17992070700017
3bb598fb-5544-411b-8536-0e0d4e0b1e04,
4518ba1c-d3bf-416b-af22-dffbfc10b095,
534dd8b3-e5b4-4727-b8c6-b96c3082eda4,
53b65f85-3508-4f9c-855d-fa853e98acc0,50067996400014
543eded2-92ad-4859-bee0-8100fb2f0fdf,
55078168-348e-4d17-b384-3f9e64f350a1,18009249600025
55869d8b-65ba-4c51-bb5e-059b439c7176,19330203100011
56a848c2-d54e-4a18-873d-750985f61c06,13000495500014
60d9fbbd-efac-4d72-93f4-50b339404c0f,17995020900017
6c618ea2-4990-49a8-be4e-8a1e2bfd3de9,13000637200010
770bb7e7-24f5-4558-a14a-3a4fbbf8ee45,
80753471-749b-495e-b618-02d04260329a,
80ad13a8-fef7-4074-9b55-ec3e13d29dd9,
941aca3e-3b68-463b-a481-2cbbe3350433,
9f98af4e-f535-4e63-b561-49e7ed493ce8,17992400600010
a27777b2-fff4-4f28-a771-472792998834,
ad282a7e-87e2-43d9-9149-d04c68edd579,19753478700043
b07357ff-8ab0-4777-806a-df032278febb,
b67b6319-97dc-4f80-a093-ef5183b21eae,
b6e60251-4e9a-4202-80af-7d0978156304,
bc9fed18-9601-4080-83d4-943509b4be87,
c964d4ac-3042-4cd6-b076-758ca8966a3e,
c9ef4cf1-19a1-4295-aaa2-230cbdf4f8f1,
cae1a722-e619-43b1-a8da-d5b376ac6975,
cb444236-affb-4d8e-8e6e-7822023a7e6f,
d6ea59a3-6613-43b4-a12e-30528dcf93a4,
d75f115c-b5c9-4764-bbc9-8929cb0c1b72,
d87a9ffa-6ea4-4717-bfce-f84e67746ddb,
dd0233e2-f935-4b25-8cd1-acd9bdf44d16,
e4857d24-0bbc-460b-b50e-a9811c6de0f8,84935555700026
f07fd1b8-706b-40f6-952c-e85ea7dc2964,
f35f0021-44bc-4a3a-af6a-bd4589891470,
f4e973f5-d1e2-4dc2-bcaf-0c47040bcaaf,
f98c1847-3f8f-4358-a16e-9543dea13a60,
fb5e3315-eecf-4f7f-8f21-e4782eaa7ebe,13000509300013
00f575bd-9869-4763-814d-eccde30d3453,18009219900017
01f655fb-2bad-47f4-badb-dff8adf4ea2c,
0b33d6ec-b147-4b6b-b790-9780ac357ce2,
0ce0b049-e013-4126-81fe-e61953a6b1e5,
0fdfacd8-70fd-4dc4-9c78-df224fafcd24,
1dc7dfec-59f1-4b5d-8590-148802439fe5,11000025400026
1e4632a8-d380-4fe1-a1bb-ed78932e2857,
1e649c26-7df2-42cc-8637-6e84f46b9186,
26ce1513-3a98-4d35-9458-d0be5693a489,
272360d1-55e2-48ed-b921-d499dff927fc,41825312600019
2987d432-3091-48c8-8577-3375d76da86b,
355825a5-ac9e-4ded-8959-62f4b6828d72,
4270ab60-b996-4658-bc9f-479b6450fbbe,48879534500021
47c56900-607a-4f12-87c8-771bcd172bd7,17991461900012
4924df21-b28d-4dba-b9b8-1f1d19901a6f,12006603000038
4932258b-3e46-4cb3-8c03-1de7c815ce9a,
4cefb94f-a3d3-4a75-9d3f-97a162e5d52b,
63bc407b-f410-4920-ab39-4c88f9d786dc,17993220700014
63d31721-8bbb-4d9b-aa01-5bb0cb57039c,83153479700012
640831ae-23b4-4e2c-91e4-ac92b65506d8,17993430200011
6de9c10e-542b-45ec-b9bf-ecb20b641fb3,
74c6ee5e-1c50-48da-b745-7c3d49617ac9,18004409100015
74d80f45-4a5a-405c-9b70-ebfdd865d552,
77635e3f-ab3b-44c0-8d07-82a178a5ec10,
784cafd0-c49c-4f57-be9c-ceb0d180c220,
7e537361-be77-49c0-8461-2dc71731d8a9,
82eb0776-5121-4238-a6fa-e8d545aef2ef,13001972200011
8ec0f6d6-2968-44d6-8c1f-32a890b975e5,
8f00550d-cc5e-4e7a-bbc6-9a9cc49f4cbc,
91f9a618-5358-4f7c-9241-3107e2cd2524,13003079400015
971c8353-af96-4525-b816-e5fc2b762829,
b04dd3fd-e0bf-43e3-92a7-92c5df10d21c,
a224b1f7-589e-4655-a6b3-1ae941210040,13002333600014
a2a9e328-eabc-4163-915f-24923406d32f,
a5ac954b-3f94-47f0-b07d-881c04d1a664,
a770222a-8510-45f6-a3ee-b4f78cf15a7e,17993500200016
aa9e0eca-1771-4c59-949b-265d3b3aa9fb,
b7f6e3dc-3588-4614-85e2-b79c2a2252aa,17994330300018
b373a20d-08d7-4c6d-9a36-14654b18fbee,
bb964a36-c300-4674-b29f-aacfe487ea45,13002591900015
c02d18b5-4872-4cac-96c4-11b4a16ed6e7,
c6be45de-2ca1-49f8-8eb1-44e556241100,13002475500014
cb03dcfe-a466-44cf-9555-0cc0262543d0,
cb97441c-7ce8-4144-9d59-3980f886f1a0,
d4681cbc-95fb-4cdc-8004-3213388c2d26,75219543800011
d64093fa-a5c5-48cc-b414-1b32df2357e3,
d6afa78f-afb5-41ff-aae4-c8d83039ccbb,
e5287438-bbfa-4870-94ec-cb01a25f2a1c,
e6974300-7efe-455a-b464-d5d08add93ee,
e8d62483-1ecb-4c32-a0f1-57f239623e3e,13002810300013
ea4eac73-4a03-4fab-b394-553bc519517f,12006409200022
f130ad96-4a81-4eb4-a40c-0539edad5fff,11000007200014
fcb6ad81-23f8-4fa3-9e10-711b175b9db8,
fce51b05-0cca-4c7c-8476-179326264821,
fdf6dc45-7387-4ffa-ab97-071a86f59bc3,
fe2384a4-c8e1-4afa-9b2e-2f669abd1187,92457220900014
00088aa7-27fd-48d8-97bf-fe62e36425e7,33976686700016
04c6f9cf-04e1-4cb7-b4b3-79e2d7b396c8,17994060600017
067bc517-0c01-4cca-affb-902b78abbcbe,17991481700012
08bc0185-28a9-4e9e-b048-262e21f5c1b7,
0be6842e-9466-46a0-a7b9-7430f2aafb70,
0ce3dc54-ed5e-4a86-862c-30e00353c28f,
0d0493ee-8508-463d-bc98-8b24ba4980fb,13002472200014
159f92e6-1aed-4c5b-b79c-26be30437b9c,17993520000016
170a0bb5-63de-4a00-93b1-b7e451083ebb,17994210700014
17506b9f-d265-4216-8e97-32ef7069b6c8,13000454200010
199c80a4-dcf5-4a6a-b870-2a8f89c6ebd1,
1b443f11-961a-468d-aec7-c385b7e5badb,
204315c9-b645-4e84-bb12-81caa197a0ad,
20b442d5-1447-44db-a2f9-e7f7462e804d,18002002600019
271857ba-952e-440e-b531-decb66f401e2,
2bed9d5c-0c17-46fc-ac36-5fab77312cc2,17993020100019
2f84cf72-df36-44ff-9eee-c864ae6a6503,
33d69c9a-f3d4-47fb-b8d9-9bdbf9f1aa23,13000637200010
38b09301-f37d-43db-ae68-9330cd593b6d,
3f2b1594-e8af-41a6-a470-80c97f7b40be,11000018900032
3fcf4407-30c4-4fda-8354-54569ff1950e,
3febdfff-b888-4764-bae2-be79058a11ab,17990008900014
451e5f20-d8e6-47b2-af54-17dd9e2991b9,19310153200011
4b02f0cb-5a43-4aea-ab3f-22a2173cdf3c,34456830800052
4b78a3c0-fc67-45bb-9df6-31d5af5356da,
4cc2dbe7-582a-4fac-824e-555669e81f59,
50a2bd19-e5b9-46e6-885f-a18301593ac5,
56e9812b-9afd-4ce4-93fe-fdfb19fd0636,
56f8ca76-677b-4500-b313-19e1c9ea4c88,18009202500154
571425cc-769f-4140-9182-e6c51893b77f,13002806100013
58f6fa7a-a128-4a5b-a3df-d449a1657c09,13002454000010
76d44e65-e653-48a5-9920-54f2aa464588,
794da9b0-f664-4dcd-a25a-5a9b33d56ced,13002496100018
7c57752b-0603-47df-9f0d-b92d1d27f54a,
7cc932a8-999d-467c-840e-010b2a41d183,
8a2f7c32-b6b3-4177-9df0-85c5b24e7630,
908c2279-a608-4be9-9c3e-22faa51378df,
916838bb-d438-4830-87e5-4da94704bce2,
91fe7bdb-123f-439c-832f-a3f4b9be85a1,
97581715-43f1-421f-a814-564c8c4ca711,
9ead8785-d9d3-4696-bd27-5f6e58d809ba,
a7306952-e4f8-448d-af0e-bbe61810b6f3,19753496900013
b930c079-f072-49f3-bccb-012b5a4b90f8,13000495500014
ba4b3dc7-cb3b-4488-96b9-51862b34da22,
bde3737a-09f5-4c79-a569-a79d766e2e27,13000552300019
bff1943c-df85-4f12-9adf-629076f17655,
c11e435d-d856-4ca2-9298-27ef9ecc6a14,
ca193313-7813-40c8-9d1f-13065ddc268f,
d2fb0b21-b091-4cd6-be0e-eecc72c97589,
d46810a3-6ed7-4a94-b950-1be135e43ad3,13001653800014
d810f76e-dd3d-40d4-b126-6a62df03ec15,
d91ed976-e61a-416b-a395-7301638e52fc,18009226400225
dc6a3141-6d8b-4c67-adb1-837e66412e79,17994080400018
dcb1b07e-82e0-4ac9-809e-eff760af96e3,11000035300034
e848afa6-9b42-44ee-b0c2-058fef0a4715,
0038c3ff-7094-4455-86ca-3ff7c274e761,
0712d272-6b79-40ce-a192-d2d6a012ca39,13001309700071
07ab9063-ea20-49d8-b522-9fc3a43550fe,
117ca0b5-bab7-4772-ae61-f47dcd5c39d8,17992170500010
14d3c24b-9464-42f8-a8c9-cf94baa90894,13001202400183
150c247a-7255-4332-8292-c14cf65c158e,92391980700019
17481b45-85a6-47c5-9f91-85e42df85f4b,12004306200039
1baff68d-bc5b-4c3b-8f8e-a8042a703601,41310930700012
1e10f16f-2d71-4008-b07d-38a2a98935ab,13003152900014
2fb27f55-3759-43d8-8455-0cce1362f7a4,13002503400013
313431bf-f83f-4515-ac5c-97297e740bbe,44392909600016
349ad449-2817-4535-86fc-1d0a7c63115d,
3d13753b-12a0-4f5c-9270-1d1727c410be,
3dbff145-8699-49cb-88bc-b58eef280836,
3f349d7a-b24c-468f-9385-dd1395dffb43,
40209bf6-7c19-4b82-a1a2-35df22eadc30,13000252000018
48ca1f66-6299-4589-8bab-36f2d06b2369,
4af18899-0195-47f6-beb3-c8b787fdf820,
4caa63e5-7657-4874-a899-8b4f2576c568,
4e1e1777-bf22-499b-85d6-71d4fe5c076c,18009226400225
4ebed8f3-e2c8-4b8c-9ecd-3cc9c393ea94,
5003364b-35c8-4333-987b-d0f663ddeeb3,17991092200014
525ecb20-5dba-4c8e-9b92-98480cfec598,
56e4fb9d-2219-429a-b3ff-1a018c4b9b7d,
5e0653ae-55e5-48e7-ab75-e95ea37e64e4,77906632300030
63775e98-6605-4cd1-8178-84a7c9365b7e,
7146ae67-db94-4503-b745-cfd0fcb7dbc3,17994230500014
7bc12104-b232-46a6-a6d7-85bcf2dfccf1,13000509300013
84ebcc5c-dfc2-4593-ac4a-77e2a2e9afd3,17780155200015
8ba12be6-eb5f-407f-8818-6b4ac0e0d5c1,
9aa583de-a000-4550-803d-7f9beb5e161a,
9f48ab7d-8454-4d0f-b2c6-adce479adb56,97986400600791
9f7d90e4-5218-44ab-b263-28633ad94eb2,
abf80633-6722-4bb9-834f-3379403ef798,17991092200014
ae5bd6dc-4d59-48ab-838b-52ed4b8257dd,
c2717f1b-0c6c-4f91-a997-9b18c263e988,
ceb13b53-cf37-48cb-be8f-6fb9c7e5c369,
cff50ac3-4277-456e-abb1-d9bb2c119b27,
d117aa31-956d-41a0-9c32-f3b2871658f9,13000509300013
d8ff489e-88ea-409a-9bdd-96dcb2ca4122,13001641300135
ddda3778-837d-47d5-8d5c-823905343101,17993970700016
df118fe7-bb5e-49f9-8ff0-3fdcaa4011f1,11000044500020
e1db7258-6705-469b-8255-7235c5e8f650,
e5081086-2f30-476a-856b-c80cb78ff35a,
e6474b4f-3696-496d-be37-aaadca64ddc7,
e683a597-3320-4b52-962a-06e1b4519711,17991260500013
f0c5eaae-dbe3-4bbb-9c71-c6743ccbe642,
f0d4fc00-c3c4-4a8c-8c31-5b01fc8fd556,84330553300013
f5935d27-b1cb-4dd1-a22b-ac708d3cee9b,
02113c5f-e2e2-4286-aed0-917e92d12279,19754686400012
18360362-c494-4b52-acab-aa09c5ab7268,
1fba6711-c931-4e7f-9983-d1bad8bf243f,
2b7f96d7-2587-41aa-9312-9e0295bb6dc1,17993500200016
2cf045b0-4eaf-429d-ba8e-648bdcae6ca7,
439a2e7d-5139-4198-84eb-a96ecbf69c75,
44071022-34aa-4fba-aeab-4fc3627d4e4a,13000858400018
44541717-d094-4454-b97f-7a708aaf3503,
45b47a3a-82db-41be-bcc2-30a5eebe3784,
46c09876-af5b-4c54-b110-a815843d3724,13002468000014
70afd2c2-ad90-485e-b6e2-e97cfcddeda9,
9b5ab0f6-220f-4f41-9ebb-6268c8be2287,13002996000015
9b5d01c6-82be-4348-9490-5c2972828615,
9d1c7291-a902-450e-afca-b0fdd921c659,
9d7ae206-e231-4823-99b3-f79627e8f615,19310143300012
b303b2b6-8357-4e47-998a-0ebc95827abc,13000637200010
b3c28263-9cde-4501-b24d-fb8884b931bc,
da23723e-a4aa-4fad-8619-2e16d5e41b90,
73b5e66e-5dce-4e36-8c2c-9493844f74be,
7cb82be5-7feb-408a-bc8f-e0d1125012aa,
86f69576-31bc-46af-af5a-47e239cb1673,12000101100010
b8bd9c62-9084-4f46-8c71-4e1646b754d8,17994190100011
b8d7f784-7649-4599-a974-b3ff9a9c63da,
80c91c4e-c37f-4914-80a3-e1b750bf618b,17993390800016
176d88ea-5afc-4a63-9c7a-fee95f78624b,
e815b8cf-3e05-4b09-82e9-e9537fe9f422,
e3db337e-9841-4c44-9f71-88311129bf1b,
79c37669-9ec7-4da7-93b0-90ddbc171220,
1867f065-c823-4362-8d0f-8ca6b011a10f,13001501900024
5ab10e66-4d2b-4f3d-a308-26143a481dfa,17994050700017
6c5d492f-b1ba-41c5-a28d-7271073dbb7a,17991050000018
730e48f2-b168-4ae8-a507-7de1e045b1c2,
73ab164e-4cf7-4f90-8bf0-1cd0cfc564ca,
77f7e8f1-41f8-4741-b35b-49517f1f9310,
7c25bb7d-1719-4273-83d9-5973dbfc1d78,
7c726e92-9723-4d04-8ab2-19c11de60975,
84a8a732-999a-4e5c-84de-f57d9f4de7fc,
871bb0ed-d0f9-4581-b8e0-79c77baad1c9,
8725f64d-0413-44d3-a143-f380494d430f,13000509300013
87ff1163-3186-46e4-9a6d-337d449164a2,
9a323333-138e-4f40-85ab-a19347e46c86,
9cd7aa24-865d-46bd-8e07-deaf4e075559,
9f579ce3-dfec-4e7a-a712-a866e4263bdc,
9f659a3a-5d44-4a9c-a626-bed586699884,13002784000029
a07966e1-986f-4633-867b-d48bc4a751ae,
a56e6983-2aa3-45d8-9506-87e648c1f21d,
a8fd0bcd-daef-4385-b324-55bc147e141b,13000118300016
abbfc919-f538-44c2-802b-38cfd93df956,
ac1a7fdb-50f4-4599-b306-ec06b7250965,11000601200014
aca16d45-fa59-43f1-bfe4-1526d0854747,
ae5ce16a-7f33-43ba-b929-7c3fdfc28d99,
ae7c74e2-c82d-4035-80d8-092f04a935b2,17992030100019
b30de968-ece2-44fc-928b-49e667987d98,17992040000019
202769d7-b923-4873-943f-31fadbfb680a,13000455900014
c2d0eeef-9c09-4e19-ae7e-c4c424a4f907,
c3506aae-73f8-4720-bf7d-3215fdb5b911,13000637200010
cfddc811-bd35-4987-9508-c761079f098d,17992470900019
d5ee624a-f394-4087-a81b-e341ec3ac4b4,
d60f4d0e-72e1-4ea5-9940-c1586728493e,17991020300019
d94d3b12-bb1e-4c4b-a44c-46e9c7558dea,
e08c012a-5f1d-4042-bcfd-900ff01721f3,16002103600019
e1445961-a7f4-4dcd-b9ba-90bffcf70955,
e7f6561c-edc4-4407-978c-94e23490d1af,13001422800089
f1ec39f4-3aa6-4be2-96ff-a0fc753eb6ef,97986400600791
f39b55b6-c9ab-4e47-8979-257bcb937920,32520560700071
f4087c46-942b-48c0-a25f-e5dc43969fe2,43916045800022
668d8dff-6714-424e-989e-871182bbb9cf,
038c0d44-3017-44fb-b8b2-94c6fc560e69,
6d9dc460-34e6-4f3c-bd60-ce32d319b381,17993440100011
0cf99e02-5c9c-4b41-b444-ec7d34282730,16000037800010
0d812f88-b789-44c1-9406-890937e58e43,
7b0f3f38-28a2-43c3-a952-4ce8820848f0,
184f6a2e-9700-477c-a59b-1cb7e25eba66,
82db3ce2-b0bf-4248-97eb-1d45ad656708,
246fbb93-6a38-471b-afe7-5d0d54695202,
2741f99f-3471-461c-b878-a9062ce3900d,35405912300019
2c765a2a-1f9c-4dd1-aba5-8b5572c7f8da,
304cc601-b932-4239-8256-d0ce5038ddb8,13002076100016
3078741a-291b-4b40-bd1c-7dd8406739f8,
3156b7dd-d464-419e-ab19-754397090dce,33825313110992
91cfa294-9302-4e1b-9d17-a31ac3425d2f,
36644288-0d78-4fb6-88ce-fdac0d543842,
a166c061-3ef3-487b-a034-52f36f079f87,
3ee39a7c-3b78-46b2-9b49-55ba36225faf,
471b209a-3e80-4fcc-b465-529537f35e4b,13000273600028
48132cda-1f56-4968-9390-8d55059abc2b,
4e7b91ab-8a5d-453a-9c61-655bf5c51955,
4f06371b-f489-4471-8084-7dcc87f6e1bc,
535dd4d5-4813-4354-ba59-09eb33ba3636,
59003280-8fff-4bc0-b5df-a27299c4d588,50862660300015
5994a151-7a35-4f77-95da-ba8ed17394af,17990006300019
6e4bde2c-1b1a-409e-a338-ab5ebc114baa,13002562000019
6ea07092-7f59-499d-84c9-b1bc1a145508,
dd834efa-5629-49a1-afc6-05e189245150,
e00a94b3-c207-4cf2-a08a-86cfd4b9a30d,17992230700014
e0ef2054-9803-412d-bd19-c01e7d07d3f2,
7631094d-88ae-4970-8388-b8da1b85c48b,13002142100016
789385dc-4660-4866-8194-75c2d59a75cb,
7d549f21-0b7f-4235-93a6-8d64cb1ef27a,17992160600010
800c59ef-7e0f-4a54-b6ba-87948c6ae652,19753488600092
8132959a-0996-4099-aae2-fc2d24a09b06,
82792664-ded7-4776-acb5-213c3608355a,
8ba3f5d5-74ab-48aa-afe6-04aba6fd2d2b,13000488000048
90775ac7-a564-4e95-8243-c6047e7b219a,17995080300017
99eae277-c01d-44c4-ae98-54154bed7b71,50767997500015
9f101ac7-9a0e-4d62-8b27-8109876dff94,13001976300015
1b1182c9-ef45-49e9-8596-6a0ecc77ff79,
1d699e9d-b1ea-4ce4-8a23-ad56af36c9e0,
bee57bb1-bf81-49a4-bb5c-ee4c312b8857,
bffc950d-cc09-4a75-abab-97f7350a05d7,11000001500013
c4e08265-fc0f-40e7-b3f6-a6aa08687765,
d9af0cd5-6fe9-4c7d-ab04-25b35e546d61,
f21cd0fc-00ba-4cf2-b1b6-a00e19fff3ae,
f5162df3-96ae-4987-9fa1-2881b10a75bc,
fe7188b6-a23a-459a-8174-9894658fbc47,
0132a88f-0fda-4b50-a9d2-d889a99e4287,17991010400019
025ef20a-f92b-4a0f-8197-c976ce4159ff,17993360100017
06b41e49-0224-49bf-926e-621519894be4,
6eeef34a-fd58-4af7-a209-bef0b2162007,
6f5787ec-2cc3-4035-9b5a-fdca4f40d3df,
113cff87-cef8-4b87-bf6d-cb528da6e602,39267050100049
1ed1362b-1e04-4fde-ad6b-c2ef24850f7c,
22044303-c18a-40f8-befd-e31b638df137,
2feb6b7a-3bb3-4800-9752-82518e29ea74,18007004700014
33c60991-e135-4c85-8ffe-ac12279d3c2a,
33e36384-f36d-4bd8-ab0f-7677e8a7d51a,
364ee973-c428-4e2f-a889-ec97a56ec17a,18004408300012
376e38ab-dfb9-443b-aec4-900dc0529cc4,
a2e1ff03-4883-466b-856b-eec7ee68c047,
a310bce3-ed23-4fdb-9c79-103222b38162,13002518200010
3ed2f725-e077-4973-a531-498e13fc7861,11004301500012
3f9d84e0-4388-4199-be37-b287cb45bedf,
3fd20aad-a4cb-4840-aa23-256c963d420b,19930603600013
44fff6ea-994e-4e89-96d7-11565599ede3,
b5245440-ba02-4c35-b71d-c83ef3916fb7,
510b646a-8ef2-45b2-af2c-e2132817fd81,75015545900019
5387d976-b073-4261-a9c3-1166bfb2ee11,
54cee0ce-fa68-46da-b66f-5d5c204d2ea3,13002333600014
59c7975d-d49c-41c5-825e-993b53b71708,
5b5b5a84-46ce-4b7d-852f-cb710d62ba6b,
5ca56732-21e3-4cf8-b491-c03217094e14,
5cc8e159-45a8-4f48-831e-74591f8ec132,
5ec8c52f-e6bc-47b7-aded-207e70aa332e,
61ba126d-1c36-4aff-b603-60cae117f7a3,
67d1f49f-ab92-4795-8458-9a8d5121036d,
705a0618-cde2-47c2-8429-76856e5d655d,
71b0f61f-e1e0-477e-b781-3378ae0dc586,
74b26c41-86e8-4aaa-9816-4e0849734685,17991150800010
788b2ff9-479e-4b86-972a-3bd80376871a,13002333600014
7b9ab6ab-c8e4-4cfd-a63b-02416d0d5551,13001672800011
821a05d3-6c82-4b52-bea6-226f996af9ae,
8bb8781c-6792-42c3-91cb-d303f45060d1,
8c55b147-530b-46b2-9599-234bfcf7ce8c,
96a4e4ba-0e7e-401f-9895-d88412b109f2,17992460000010
9b2e1cb0-6fea-4ab8-b10a-f3459bd4def1,
9d2f718a-74ab-437e-8e2b-07ab3b446423,11000046000037
a08b94a4-cc99-43bc-870c-07d60de730b0,
a0cee544-8825-4b2f-884a-58ff34ad2fdb,
a2ced0f3-a31c-48d2-b5eb-94b21ff07b9e,
a55c41ae-20ef-46ac-93a7-11f72545c20a,
a8571d37-cbd0-4907-901a-2ea5214a91c0,
a876e58a-ef8c-4921-b833-6f5df99bb5f3,
0e4f05bd-fc6d-40d7-9edd-6a3bc4df8729,
ac09f1a4-5a86-437b-86a5-ca6dc5494332,13002333600014
ac6bd1b9-3e76-457c-b1e0-46bb0375ffd2,
ac72b5df-692a-4654-8183-6232e74a9e78,
adfee765-84ef-481e-a905-046abb453637,
b25cfb7b-c1eb-4d7c-8143-610c7b79fafe,
bcfbd57b-6da5-494a-b4c4-9807921df48d,
bdf08d1a-4c1d-4d8a-a998-a5d36a0710a2,12004305400010
bf277dbb-8710-4b89-bc36-9deee6f3f2d2,17991270400014
c03d582d-44cd-4c45-a8f8-623be0e1b5d1,17992410500010
c3648123-2a8d-47cc-9f86-292f9ef5be67,
c7dcbcb6-579a-4717-a4eb-64f268552024,17991092200014
d1e8cb03-afaf-4736-a22d-07ad347eb460,
d23c8551-53b9-46e6-a40d-e09b4f776cbc,
db907914-f532-4f16-b243-ef2ddb807c52,
dcf0b43d-1b6f-46b9-8f05-e48db80d3e99,
df6b9e55-10ee-48bc-8453-71926c601fd8,25050101200026
e41107c9-c483-4893-aead-91e2a28c4b4e,17991140900011
e5c7226e-a87e-4b1d-8c32-eb3aadecb213,13002205600027
e65410cb-2401-4f4f-ba17-7eae36be777a,
eedb188a-ba70-4ec9-8b15-c02d06ab74fb,17992080600017
f2c1023a-3ae9-4110-be3d-82682c4a108b,
fd3f8472-cce9-4daa-aadf-1e40840617d7,
5a35242d-ce30-4a85-8b7e-9400e1c5550e,52886400200019
71da7bab-d717-4ef4-9936-c577814fbdc2,
72661939-b589-4283-b4fe-ca5d0a861364,47765932000030
7b628c92-3a70-4d00-98e1-2e170005ee70,13002501800016
7c2db48b-b347-4cc1-8de1-30527c209e30,
8df3a473-df97-43e4-b4f4-c60b11ed3610,17992230700014
8e03b198-2248-42ae-91ff-f9d4f4dce8a9,
c06c38df-4ec8-4925-9111-96ec150d294b,17992390900016
a3fd8d54-8ba5-45d4-b4eb-c48ff0df4db1,
f652b309-5c47-4c3e-afc7-77e2fdd41319,
f6f801d9-af5d-42ec-9fca-e3ba3fd4a121,18003610500047
244d3928-3b2a-4f5a-9087-a98f529ef329,
40b2e01e-8771-4ca6-bc31-3aeb9896e0c6,13002810300013
413c8781-c0ba-4d74-81ac-515cbe5cf6d9,41491272500010
416c5c13-8175-4857-b689-58f389b3cc39,
416e92cd-fa65-4e38-b35b-f0c49b50527a,
4189562c-c27f-4733-a12f-5d4cc9d603a2,
58e33072-b9f1-4966-95f3-d147a25b4682,92444343500012
59575d41-9204-4c91-a5ac-669cd791ca40,
619fe776-8b40-44f0-9a65-a784cab979df,17993510100016
85b82c19-3e2d-4fdc-ad7f-0d9415b5a8a5,
8a9dfe41-15d9-48a2-b14c-5b7200b4a243,17991551700017
8edd6fb9-5e19-431e-891f-46cb8b145ea1,
9ea88ca7-34f1-4bcb-9357-e4816c46625d,17993980600016
9f4ee1e8-89ec-4cd5-81a4-47c79675d3b1,
c2370dcf-63ee-430d-9995-039460ba1e46,
60e842f7-1003-4538-822b-c8926c2b6d88,80521879900015
636ee178-60fd-450e-bb96-fa002cac7bd0,12002001101155
6fd38b8d-1204-4582-bbc3-5e129a2db0ed,
706e72ba-1860-4fde-a565-7824212cbfbb,
7282137b-3866-41e5-b541-befbf3213b7f,
732a71aa-3703-465d-88d7-0ccf094c569b,82860625100019
78f6d560-7892-496d-92cf-65a3f9e1c958,
98b0b116-bd77-445b-a12b-cd2d24815c5d,
a348ed94-0829-401c-a97f-2ed0a2d91c7a,13002195900015
135f42e6-6afc-45d9-be77-6e851393cdeb,
41628a1a-52fb-41b6-bafa-0e579e6089fc,13002195900015
79f2bd0c-e01d-4954-a2fb-f36aad51dd55,
4ea8ade8-3d50-46e7-b79e-0b1fbbb12ea3,19752905000183
6ff403ce-147c-40e3-ba48-522cff26d07d,
8a28bc90-2dec-4477-8d4d-62419e5e0a15,
8aef4915-c7c8-41ff-bf47-d337433c72aa,
bae9886c-a777-4f1d-ad84-3d91365de1f2,
bc7dad41-7f7a-4527-9a7d-29c391b38f93,
c660b76a-39ff-472b-bc70-762851734b26,77568204001964
eb716654-a790-448f-8a58-5972f589af88,
49851f20-af21-4898-add4-5447a846c084,17991471800012
49e5e980-9554-45c9-aee9-11f551502586,17992010300019
6009fdf9-4502-44b1-bdb0-5231a9f4e74d,
603ab50f-0aa8-411b-9fc0-7ece9c2cf81b,
cdcec83f-4967-48bc-b839-bf42183de617,
6d3b7be4-3b13-45da-9836-4766e37bc569,11000028800016
6dca3770-dd0e-41ce-8af7-53323aac9fcd,
8048e1f9-cd8c-4f24-8de5-eeb9efc3d25b,
c40e598f-725c-49ba-891f-2e5d6ba3ffdf,
d3ca568b-b843-46a6-81d0-05dfd52b35cd,
da196739-16af-44c9-b841-8e2342ef8c8c,
255521f0-512a-4eab-911c-dc3ae2a2c578,
35776454-9563-4d4f-b736-d1b2ef9fabff,
3579041c-f6a3-44c8-bb0e-1f858a0694a0,17991451000013
35a0a09a-2fd7-4170-9098-d2dd75be9db9,
3afa442d-bcfc-4cad-baa3-b524bf5458da,13003078600011
3b5dde31-d5e6-402b-b8d0-fc04e528b9e6,
9726e085-434b-4d45-ba43-27ea745628f8,19202090700015
ace608b3-1c70-4b71-98f8-8b4b0a312967,
acea51d0-6a8a-4ee4-8e92-9fb28e9daa13,
6ea4f4e1-2258-4df7-981c-588d02326211,18751277700033
7972694c-15e7-4757-b938-33a97a197f1e,12004305400010
8c2af22c-19ee-44ab-9543-e1b848299f90,
8471fbcf-ce51-4f1b-8d19-53dcfe6088b0,39314198100018
e52b595a-1cfd-44d6-aef9-59c9b791d218,92437193300012
e55b8ecc-a0ee-4ca5-bc46-6333c53434ce,
e5c25014-5620-4efd-bc14-c16d7b6c309e,17993160500010
f0390268-7b88-41e0-a58f-793073af498a,
0ad9401b-168d-410f-b851-f56b1e78be92,
319699b9-1b94-4f1b-8937-a9764ba7bcd9,
358cd0e5-6be3-4614-b4ea-67d14f69ab65,40858130400016
4254518a-2c53-4e8e-b2f3-374890841ba5,17992430300011
9f7bc71c-c834-4c7b-a4b5-38b8b9eacce8,
9ff4d3fd-75f4-46f1-98d6-6d0893cc6fc2,90991222200017
fa33b07a-3f71-46d4-b682-569c9faf211e,11001401600015
6d6d5d49-0697-4e7b-8d1f-70521bbe1ad6,13000509300013
6dee1f41-c185-48e5-99eb-33d257be22ac,
7abab7e6-722b-4c97-a68b-f753f8694518,13000124100012
7c18b354-e3ae-430d-896e-814c4e739c63,13002591900015
8811fff7-ba49-41f2-98ff-7545eb503cec,
a08a0732-a12e-4b35-befd-de953c8aab72,
a1ac3ac7-2d97-45f3-9576-6c05593b866e,17993270200014
ae62e5a5-2424-4a1e-ac75-e6471b91a908,
b7945672-ab05-4304-ac68-f23355dd28b5,17994140600011
be3798b8-fa7a-4970-b6e1-ddf0e6c6dc14,
c1a10371-8d59-4425-bbd5-8bcb0b9ef8ae,17993520000016
c1aad336-a557-41cf-a906-aaf8acb08637,
c4f40251-e2f0-4108-b0bf-8593fe8e8202,
c67a8733-b51c-49c4-9b5f-d319ddcb5df6,11000026200011
d25652e0-7555-4ab5-9642-9d6156c34e97,93114014900010
7570b8d2-3554-4dd4-85a2-14b7b1262232,
0c47418d-3bb9-43d8-a67c-36a2e3ef20f8,17992310700017
1b019ddd-f473-4d53-9ded-1d50089b5dd6,17992551600017
353c16fa-4de7-4621-8d90-9327165b55af,
520a33d2-53c3-4689-b943-d9d2d4faa16f,
69aee751-3cca-4836-b188-fb2b70f89920,
793f7908-e2ca-423e-965d-582f5942beaa,
9095daa7-0111-4322-a0ee-536a6a00053b,13002591900015
958f2819-2237-46c2-ba29-6f2f236e1694,
ae9b7ac7-dc28-48db-b742-fd05b39f2eee,
afe0f63e-21a9-40e9-a26c-39778bf23031,
ecc791d4-d2ed-4a3b-bc5d-29ad45ce7938,90486930200011
ee6c54a6-acbd-4397-8dae-ae0b9a57ca45,19753742600011
a2e8cf23-59e4-4f3e-a2ad-573378755171,
1777183a-31ff-48ae-84e9-2aad19afe44f,13000637200010
18148478-fb94-4f5e-922d-007656f2eb23,32272097000019
1f4f4751-162b-4aa8-8e46-189b9b28d14a,
2c2d871a-519c-4afa-a162-13108865be1f,80873479200035
2c2e2b5d-6094-49b7-8f18-a27cf86cfbd4,13001202400183
4fd7ad74-6839-493c-9bbf-f1712309262d,18830005700109
51d8f153-a27c-46ff-85d8-00476ace13ea,
524fb896-9424-4e89-834e-2d60da4a4ff6,80508384700014
5256020f-27fe-4c74-a392-d7bc49b2c459,
52b9962b-f605-4855-88fd-65557caba90b,
7532cff7-fe22-4a00-9cea-c30812e444f1,
8163ccc8-68b0-4cfc-8c22-619f6b0985b3,
8bf4414b-d007-45be-85a6-ddb621958918,49270949800017
8d900e46-df47-40d2-8fc4-bbfae6ddc17e,17991120100012
8df17ead-374c-40ac-8ba6-609fce2925bd,
9afe5ea8-c617-423a-8e81-ec0693b4db0b,17992170500010
a6008701-55a9-4eab-8524-9bc88b612c13,12000101100010
c21fa08e-f09e-4312-a6d8-400e812454c4,
ca84c580-035d-45b7-a853-ef14af0f2569,45025580700015
cf750319-be17-4f95-b7ed-a97ba257796f,
078777ef-7901-4552-8cbb-61225336321a,92436059700018
0f8f29fe-86c4-4125-a49a-4fc5c35a80d6,17991071600010
39780532-c8a1-44e1-8a29-f463c33e63d0,
39de92b7-1ca8-4375-913d-f7c0fb7b2228,13002591900015
401cdbb2-e412-4984-b4b7-401980f9a93e,12000607700016
40cde8c7-4b20-4ca1-a7f4-35aec2e194ca,
4e070e92-cabd-4943-b980-99e8b47f7f17,18971008000020
521faa86-0d3e-4102-b149-73544b41121a,
5df3b10a-08dc-4469-b0ef-9709a7f39c5b,
76584c40-0f5b-4555-a4dd-910c580d72e0,13002330200016
795d5204-341c-4b59-b60a-87d9892b6dca,75042554800013
93af1200-91d0-4f49-9422-ff579f879061,52763621100015
a0d40847-a269-4768-a646-970c71d9aa43,
c943dfec-e543-479a-a81e-daddde9f35fd,
e066d4ac-f4ce-42c9-bf48-cbb952698ce0,18650004700110
ef9e5e6e-5937-4509-98b6-e2365166537c,
fc71a4fe-03e8-49b0-984b-b8e33b84ec7a,
fee94454-adbc-4abd-966c-b0089b6be2df,
378ff4a4-ff16-4312-a6e0-cb5771dbef24,
44109842-ec77-4464-a0c1-6fc2f8d0e95e,
75045c38-bb04-409d-9177-a2b0b42182fc,19421095100423
7a9c104f-d084-4acd-8dc1-15623daab613,34978603800076
a9e7c3ac-0fbb-4bd3-8f39-df9a6fb193c4,
acfdcf19-ed4f-4353-b88e-a9930b9ce76c,30103010200026
af1d90ed-affc-49eb-9e7d-1600ec61e4c0,13002308800011
ccbaeb09-0280-408b-b211-1ae42f51fc83,17992160600010
ec636e6b-51c0-4ace-884a-89caadf0211c,
042c27a9-1fa2-450c-b7b7-06f64106734f,
04990f4d-5163-4fee-b693-82411fae03af,
05f90b6a-e3d9-4a41-a919-2e2f2d77e517,11006801200050
097a2f6e-63a3-4d38-af5a-34957f3eb33e,77568577900313
0df8a403-8c4d-4166-a510-4830918441ec,
0e1ee1ac-f9f9-4a24-a13d-85c4b2b90af2,
1db1bc22-9239-40da-a453-fc63bf847f7e,39267050100049
1eb0509e-2172-4ce0-b20b-1ec19d5cd58f,12000008800019
2a712304-68da-44a1-bede-02ba5f5f2af6,
2a79187c-3e9c-46a0-ab58-d5736c21f02a,
4c532c60-2b12-4d82-b764-469dbfc27e36,
50258ea7-c96b-4df6-8a39-b75006faa8b6,17993460900019
502db979-d290-4234-950a-c31e0ce4cf13,
603276b5-dc28-4e9c-92b1-d9353974c73b,13002635400014
70bd588b-2081-41b4-b2db-74d18c4b40ba,13002006800016
70ca361c-60ec-49bc-9535-c4d2fa2e7932,
7f23d55b-e8ba-4947-a6bc-e4d90215bb7f,17992030100019
803ff4c5-09f9-4bf2-b320-0c6cd0011638,
8187e2ae-68d5-42f9-a841-c8fceb2641f6,
84244b1e-fb82-49fd-aa53-3942d40c1cdc,16002205900010
88120ff1-fe12-4f7a-b58b-7068b79fcc19,
93352135-d67b-4694-9b64-7514dc9d77bf,
b5087084-cf6b-4433-aaae-88745195d620,
b519d1a0-2bfe-45e1-a363-51cfe4fbf2a4,13002532300010
bfbc9539-ccec-4e91-8568-6e598525867a,18009203300018
33ba45ff-b188-4a9b-90d9-ce59b2f5e1d4,93823061200013
6f006370-4016-4d91-a76d-53e75d3a313c,
867fbcec-a978-40fd-b17b-99eb405406aa,
9d62b8ba-41f1-45c2-a975-6e9d501964e4,
af39b162-b3f6-4228-b09c-0f76b1f4cb39,
b1f31ea6-a4e9-4ba4-bc89-c097e3d06086,
b676318a-a924-4560-af58-74e781947769,
5d6fe4d6-02ce-451d-aad0-c933339892a5,
886e3799-25e1-4258-ba59-3c057882292b,19170032700015
a73650e3-3b74-4e54-aa8f-331dafde9242,
a772932e-0e0b-42ae-9654-98c1d4f40160,
ca33cf63-6305-472f-b125-adf8278174ad,13000754500028
86eca475-1be1-4f03-9b0a-898c8fbd3fee,13003118000016
f4b7b4c3-d04c-4aa7-a030-1aaa89f6a853,
77b7b1b7-b55a-41a4-9f70-6c7688327989,
0d88b56a-37fc-486f-91f2-805692f7432b,
dddbc521-69f6-406c-ba71-070a60f0fd5e,
6d0405ae-7aea-4c9e-835f-6bcd9d12927d,18005302700017
f0bee921-c3ce-4791-be25-2c2a1bb0a27a,
7e1e7fc8-3f46-44dc-97ea-cdd816e01e03,
930efb86-c9f9-4627-b659-a9278597b50f,
970f9636-5421-436f-94a1-811c0a8d6850,
aeaec692-ec49-42a9-b2ae-d204b1db4414,
b257194c-35e1-41d8-b04a-986312a1c23d,
baf8cdff-901b-44f1-8932-b975087afdc8,
bc467c57-d3b5-4700-b27d-3a57b6a1d42a,
d78d0a2a-904f-41a8-884f-a9d33f26341c,
dc33814e-889c-4484-80b0-54249de68160,
fe05842a-c19a-4496-b242-ce1ba59f5bf4,
06bb5f1d-b5e1-460d-b389-b5342c4feda3,
175329d7-4a7c-4f6b-80cd-68a512438384,
1d1d1b58-9676-4a07-beee-441c4477583c,
208bb592-521b-4dab-a56f-ef71f1278d0d,
27f528da-320f-48b7-aa40-842bb4b38042,13002541400017
4f02ed77-e391-422f-a139-5dd22c87845f,
58c0e813-f947-4d2a-a179-27e769b4878f,
6a028db8-1f0b-4f77-9cc3-4302ad6fcf56,
6e68a32e-f6f4-4942-b6ed-7e129057fc77,
778fedcd-fd44-4d94-b8a5-9376859af24c,
7cc0024c-19c6-4e03-b197-9783b5812420,94857530300011
865fd973-9365-45ae-83bb-b44f30602a17,90244559200014
c4e333fa-ee5e-4774-aeda-1bcc2f909391,
cb18b418-588d-43e8-8993-0a4f46240186,
0145df4d-3637-4c0a-9a47-7883ec37ba73,12002001101155
0c6ddbac-ef00-4cee-8666-277f6a4b46ed,
1a75c657-b0ce-48dc-b2a1-37876673d54e,
30f541a0-1138-4a5f-99e4-2f02736b94c5,
e9ea3c1b-5896-481c-bad7-c29235e10e60,39267050100049
49e54880-f742-4938-b10c-da9162ad0b65,
4e9cbe92-d3e4-4883-abd6-b28fec5baa94,
5caab9eb-c669-475f-ab2c-083feb1ef4c9,
770ed0ff-7a6f-48a9-baee-a56b00bd4d6f,
7ef7ba12-5d0c-4ff8-9da6-f2fe83b4ecbd,
a99d833a-f682-4bcc-bd1a-251256d4be8e,
af9d8fa5-b480-46f0-98b0-99f6d67c16e1,
b6e1ae02-b20e-4685-87f6-e8956a219cc8,30991782100014
bc8e9764-98e7-4c17-bc55-c9c2a4476ce8,
c3c34ad6-341c-4aed-82f7-56e4520f75aa,83528466200045
cb55dd44-1a11-424b-a0c0-0991a7c220c9,
eed7702c-e276-444f-b3df-f6ecc5588c5b,81226923100013
fa99891f-f5ac-4298-a0dd-6a79e260273a,
08dc354d-87d2-4b70-9fe3-044969aab4fa,11000008000017
1d2cd480-91ea-48b5-83da-90c55f3f6dcd,
232c665f-6c4d-4508-9a44-a1233d60ef37,
277deb4d-6421-46c0-bf2d-04509b7bcbba,
27ba0a4e-c5ec-455b-bd38-22d6f90a42c0,
6c18e73d-ccb6-4d28-b7eb-694bcb89a424,
6d1d425c-b2f3-43fb-8f8e-34d87706c34f,
7d8e08b2-9402-48f0-9c39-8cb7cc8c8076,
97dfa829-a2ae-4237-b9e3-cc7ca2fa874d,
9c776824-6322-4d90-b654-bd211c5d0487,
ad657789-fcfd-4c70-911c-fb03bc312df2,
ccb4d1a0-f3a8-49fc-ab23-6d4b8cddd5a7,
dc983df2-607a-4d33-b6d8-bd8971a23138,
f261a5af-c0a7-441b-a776-e14d356d688a,12004305400010
f8e0752f-cf4d-4963-80f1-9ead864eebcc,
28b392d3-86c7-4db8-ad9c-92dc9efc195c,12000103700023
3254646a-6c12-48e5-a827-6824f1bab2d7,
3c6545f5-add3-4128-a503-117cb426405c,
3f9197ef-65bc-4d7f-9116-0fa5fdd213aa,13002534900015
4559e134-bf80-4277-ab23-77902224267c,
5b74cb24-3903-487d-8853-25b531f258e7,18000001000017
5e862aca-22a8-4a1a-bab5-09de03b6d2ae,
6c117432-fb3d-4ae9-ae5a-a9902840ae1e,
7b5cf38b-050b-40e0-8d11-14dfb02f676c,
8f2ff3d9-9b34-4668-8287-4c644a10bd30,
9c549ec6-4a3c-4615-9691-47acc7094974,
9d34f430-f6c6-4971-979c-76bdd3d353d1,
c967e1fd-d859-488f-a4f7-1b7974083b19,51817135000011
d18e1af3-809c-49bd-a451-5291126a5fef,83827491800013
d1987a57-35b6-4fcd-8b07-bee854f22542,87820013800013
e0cc9ba0-f332-4bca-8037-aaab3812414d,12001403000015
fac84219-26f5-40e6-813b-ad381d90a04f,13002566100013
24c68e20-7dc8-4be3-87bd-c6e57ca4253f,
264339a6-0cfa-4ce4-8c72-6a1c2ba8567d,78360196600030
30873f79-2c4c-4c1e-975b-7aa4534040b7,18008901303720
849bf036-2f2d-41d2-95c2-5fed906d2f84,
965b245a-1703-4293-8cc6-b344ef207033,
9c553649-1d4e-45ca-980b-0539f464211f,21130055300016
a2bb3b98-318a-4f23-b2d2-58649586a1b6,
b2579e95-056b-48da-b97b-c33f377edf22,48912130100019
c1f63907-f13b-4195-9bab-2407d67b0cb4,
f51b7d6c-702c-485a-8ec7-fc880f4ce3e3,49116262400028
17f96c36-62f0-4689-9a3d-21ca9f10bd4f,
0f145685-c9c5-4783-9a22-646a3b1b40e4,
52a9df54-44e5-4295-bec1-26cf7124d2c4,49879975800012
6e11f41f-d7db-491d-bf54-92876023c791,
704e9632-4c3b-404f-948d-c1123ff26b9f,
70815204-059e-4aab-acfb-60aaa2ac1acb,12002001101155
736c1c26-8e54-4b13-9f0d-d1dfdaa650e6,
84c04f74-6089-4297-9c2a-cfce9d32eed5,
9d66fb9b-bd22-4a0f-858e-c114f54d03d9,
9d789012-43bf-479a-b2ff-44db9887aad9,
9e4fde14-6af5-41af-b27b-6a7d10c3ff10,
b787b2d6-ceb2-46e6-8cc6-ec2e7d6a5bd7,
b7e04e7f-2599-4597-b468-45e54c8720d2,
b81d5686-a935-4964-b9b0-735c1222b63a,
be351371-2eae-499a-ac6e-cc5583f4629b,78226085500013
d2879416-254c-4fe5-a4e1-1199070353a4,40868915600011
da130df1-02b1-4a63-8cd6-b54cc84144a9,49255598200015
e1f287ff-df35-41a2-9417-9590823e3ce3,
e603f712-b9f1-47d5-9082-d40282436d55,
f9f37467-b675-4052-a52c-d147e863c9d2,
fd240579-a1ec-4d8a-a544-af6a41f253ef,
0aa04bbc-69be-4fbe-ba42-22c64ad21b68,
13f4c195-1ee4-4b4f-952d-bf777459b37e,13003001800019
245bec6a-992c-46be-8aeb-ddb357891f12,
49bd4d3f-8f4c-47bd-8bcd-52339e5ce915,12000101100010
4ed1e1c5-1e0a-4262-a672-4fae7e6d549c,
6f9422dc-ba5b-46a1-8aec-57aff05182ec,
8df4634b-b47a-4103-94ec-2488c7520442,
adf01013-d64a-4c96-9822-a7181a65df2d,
6d2ea4d4-e160-4792-972d-418ae85e7ff8,
b5cd04db-53ad-4782-a4aa-f5908f9bee27,
4a368a18-1f90-410b-9432-52602ae02a31,
9d2e3c11-6dae-44d3-bfd8-c6003bb73840,
b4dd98d2-4bad-4fb9-bb50-926d89d1ae11,
7d23070b-0b10-4b2e-9ac8-488666788273,
d369026e-69a1-48e0-baa9-a7640a0f0c64,
c21126f5-29da-4c57-a253-5ac0e5e1541b,
c5c7a294-eebd-4495-9623-316a3180cc7e,13000509300013
ca8fb22d-0e07-4678-8e2d-3f2b2b6fc004,
ca9a2691-7280-44fe-b811-ea25f0d65a41,
266e6c19-dae2-4e5e-9421-3c7dd14dd1d9,
29742f73-68eb-436d-a080-1ee2d26fcab0,
889bb8e1-6c62-467d-abda-9d3a6ab5d39a,
fc434693-cd2a-496d-b65a-1a30b2c19b64,
d1492a4b-7bc5-4319-9560-513d656e681d,
27ab0c2b-9157-453b-9b25-295a13bac23f,17994100000012
2f681884-9943-44da-9a05-df89d3e96c6e,17992490700019
d2497565-c9d3-421d-a93f-4298207e4f73,
fa5628db-59e4-462f-9584-c9b47550e48d,
2e485cea-c0c3-4b88-a872-f09c1e9efac1,
33090c40-44e9-45f2-aace-1682c73e2048,11000004900012
dd5f8116-c31d-4c0a-a28c-f7114d676b6b,16006104000012
c253fdd5-4768-4535-8b3c-6828ded65ee4,
413a7dcf-387a-4785-8c59-d0a98ad2433b,
fa195d78-82e6-43f4-a270-f481cd1738c8,
8d252206-f1ed-4b6b-8508-145b969c0c62,
94fb55c4-7bdc-47a3-a5e6-b101e6faf92a,
97d29ad8-a260-4fcc-a704-2bb4e0868252,
cdce77f5-4e09-4a26-abe8-12546254c208,
6c2248ec-78e4-4009-abd7-b11e1e053f29,
026f85d2-4507-4b62-b590-9393c361eec2,
375bb788-a98f-42e1-9ca0-fbefbdc07caa,
dbbde229-42f4-4b84-99d6-018b3da02fcc,
33a01e79-bd3f-4bb9-b3b5-7c22d538345f,
3b3fb014-62e9-42ee-9e5c-37137d2ebd54,13002515800010
3f6682f1-9078-4e19-b186-a5fa0b0dc164,
64536f2b-c869-432b-b194-70c8f8811846,
6adb433d-06c6-4748-86ac-7cad7d4ec78e,
6e91cd32-37e0-4862-9d87-0209df34b39d,91006473200019
815d30c4-4cff-432f-85f8-4042cdceec79,41014013100021
937cc045-74a6-4083-82da-7adeaf7a1773,
9bee7a63-09e4-4d69-b38f-324208a86086,11000032000033
9c7e6b7c-b793-40b2-a19b-a7dfeaa4792e,11000016300011
ab0e3dee-e3ed-4c16-81f9-34776f99d621,
abc42691-f63e-4078-9fd3-8499f314dce6,
b3706545-7e89-4a4c-8ce2-da4822a33a4f,
d8846dd2-fc79-4073-a0fa-d4da23854247,16000017000037
d91642db-bd60-42b7-b5ab-6612a6c9465f,17994040800018
455da1ad-8fa7-418b-bc26-0f7fdd364d7c,17991061700010
802b1eed-7c9c-4b36-8f7d-ada37c9cb2e9,17992270300014
85903e33-aff0-40a8-a05a-b738c989f175,
8fd51f10-ddeb-43e1-adf9-d83b8c56bb45,17994010100019
9170f7cc-78ff-421e-b038-8728d315eb30,
9676b980-38b5-4067-ad2f-1b81b91e35e9,18009226400225
a3c27207-7720-4bde-ab2e-ea0d31bdef01,
c28e1c2f-3a1f-4697-a1f2-04be51fd86bf,
c99d1913-7c4f-44ba-a7d8-8fd3955c7e31,13003127100013
cd605fed-e8bd-498d-8101-499c83f42afb,17992160600010
1131cf22-301c-466e-b7e4-051dc9819d25,
2a7c45c1-a0fb-4130-82dd-9ced0b08424e,33071536800032
454f1be4-a6e5-4979-bc4b-43a29dc50819,
4550e3c7-7dbb-49ca-9a7a-26c36e9f860e,
5afe1ce7-c632-4cc8-8017-f80b7023fb37,13000116700019
6f2c6c51-8b85-46ed-bca0-f2baabf63296,
8b654498-f78c-47ff-8860-7de456ca838c,
a5aa12b0-08c6-42d3-b232-553fd94b1fad,
cd993039-b6ac-47fb-913d-5076ed93730c,18009226400225
3a14a604-83d1-43d3-b959-77dec21606eb,
603b77dd-0524-4bd9-bc91-f9e28c6d404b,
19da088a-516f-4645-93e1-ca539cc412e7,
19fa3356-e0ae-4afd-be09-705d9568a601,
11f1612b-5627-45f0-84dd-851216cf83ae,17993400500010
13836796-51b0-4f19-ac82-58ebf4e59471,
156fbcaf-6884-48e7-8804-7a78cd12285b,48894497600023
1e8534bb-49ce-494c-8115-89f8b7674cc0,
1e93c0b5-2d2c-4d11-a990-d51fe71d5e61,
5e3e988c-3607-44bf-8b57-f1df1194c2b3,
a1bf70d0-4c10-4429-818d-3be710ea56ab,17994070500017
d5652512-8004-46dc-b36e-559a2dc10180,
e9d9d739-62ac-4344-bfc0-9b2f22a3d266,
fb32d24a-7a82-47bf-a8e4-c2d60d293248,13002591900015
01cfdae8-3105-411a-bb00-b4b9038ea4ab,17992050900017
05efc1ad-e2e2-4588-9654-7f49a0d03421,12000101100010
1cc0bc22-2307-44d7-9d81-efa45965c4e1,
244eb13a-dd76-4517-84ac-f1a9a9b61471,
6919c7d2-fd48-4754-b7b6-de418eed6b48,17991030200019
8303019a-89e7-42e0-bf5c-33353c2d173f,
8562717a-3a3e-4040-944d-5c72894ec5fc,
07854219-507d-4f92-b4db-601a36c62f7c,
aa7218d8-4028-489b-b637-bfda4cf40f60,17991301700010
aa89bed0-00e6-4458-8007-2cb72f561df3,
aa8adf4a-e0eb-4830-8941-80fc5d1d657e,13002797200012
da1d6275-6710-485d-a249-282cac69dfe7,11004601800013
ed57733f-54cb-4789-bdba-68d7ce11575f,17992080600017
eea80874-3a47-47df-a477-b00fc92b3006,
04b28e53-ca39-42c0-8cfa-9053b82b86b9,13003063800022
78965101-850e-453e-8538-41578016b9ce,
129b0fb1-2e18-49e7-b8e0-cb40d671e41f,17994160400011
5ca1a9d6-676b-4914-b290-9a642529223a,39267050100049
69ab3629-2190-4ab1-82f2-587b12e2e335,
9cc2c394-de96-4c31-bca3-15207892a1ed,
b7d85f30-e354-4d6e-9809-0209e888dd99,
baf779bb-4842-4ef8-a564-545feb86c867,
bc3cb619-9f0f-4b67-a8ab-5ffa7926285e,
0150f497-dc7f-4cec-8a53-99bf25392a43,
046132cc-2b4f-4b61-8903-0cfb2f3157bc,
1d8625bf-547e-420f-9ffc-8f9462f2f968,40482655400135
26908797-de62-473b-8bc1-0ea7a7491a9d,
49df9b99-0e96-40d4-b98d-d0828d3eb8b5,
4ada1ea5-243e-4351-a6e7-d3a7b037b246,
ce78b518-b9f1-499b-911c-d94ac72c245c,
70f90929-0d57-4277-92bb-b51999ddbb4a,
713021ba-8df2-46a6-9c00-dfe2baccd4dc,17991092200014
d7e64681-370f-4fd7-9a37-26b7169f607e,
e052db31-ac15-45fa-98d6-120b09d8b2db,17993320500017
e0759da9-8e80-4e1f-8b18-58e730450ccf,12002007800032
2fd089d2-669f-4a91-80b2-b345db391349,13001658700011
3714ab15-de0e-4ecf-b98d-303f1b760cd6,
9401d13f-ce8d-41df-9ebe-a4224cdf361c,17993311400011
62ae291a-12e3-42a4-a9d4-1b0950c1e0aa,
2e099c19-d2bd-4f07-b8cc-ed65a11a5bc0,
14317d45-1067-4878-b526-728cc98fc849,13002513300021
e51d0c1b-5f88-4225-b0be-c8d33e2ca396,
fb746d7e-294e-494d-a95b-a0b86b729efa,
4926e8c0-2b15-4dc4-ad48-c6b18a5e12fd,
88a644d5-0b2a-463f-a885-963a3a36a291,13002011800019
55f30a66-9056-4626-be57-4356dac24aaa,39172288100052
ae6960f5-0c3f-44f7-9fe5-a57d7b806788,13002083700014
e1494f42-12ba-43bd-a7bc-e6dbbbf550e5,17994120800011
35e0f457-633c-467e-98ab-83d340ad14fb,41935862700026
82ae97d1-09f4-43a1-8c9e-dcd070ad3c44,50165842100141
8eaa6b55-c786-4905-8ebc-2226bbf9495a,44879211900035
33e6e979-d1c9-4eef-93c9-4b50bc5dc2ef,17995010000018
05489dac-0cde-4239-ab6f-f9b195084e9a,79909695300010
448e0847-2a34-45f1-ba70-eca6da319a72,
8e84fac9-4eb9-4da5-a0b6-986bae2b3d68,
a1ed43d7-8a8e-4a0d-ac75-dc8e487c24aa,13000552300019
b7c2c4f0-dbb2-4ad5-941b-225f822e0114,
bf4f6baf-5303-40b3-bcac-62acc9eace9b,41089422400063
c74cb22e-a93f-44c3-a7c3-a101b09a9c1b,
db8fd58c-d45c-4759-9d49-0b3eba9e52e9,
e3d256d5-9fd4-4e23-b0ab-59740d684b8e,
e6249361-6ec9-494a-93d6-99111b5e5457,
0d22fc7e-14a4-4158-b147-84a8f5ecedb6,
197028d5-5062-405f-83cc-3162bc3bd278,39267050100049
23f172f0-f182-462a-a093-f105d1e0798b,
6d5e0f01-8860-4c7a-86cb-87d914e73860,33138450300032
51b183f6-8f1a-476d-b889-e99ab2546c09,
985b33f7-b2be-40ec-9e6c-d059ed2231f1,39267050100049
d3df5b58-063c-44bf-918f-e620188306b1,
edf54b8a-a647-40cd-b969-95d7316ff999,
8707f47d-bd84-4455-a157-ad6e7453ee70,
b7529650-1dce-49cd-9df4-6e54b71b3194,
be0c77db-8a90-4b3c-a220-0b27331692d3,
e8200e8b-5747-4e86-8156-0a9c59991eac,
26403ba6-9a67-436c-b13a-5cce2b161255,
2ae29909-80b3-4328-b4d5-6dc96288067c,
3931fb7c-9268-4379-b6e2-8da820396617,
649d712a-b604-4844-9056-e84cdaee7f73,
89378591-3545-4216-b2b4-cfbdcc1d8f36,
a51ab49f-8bd4-496f-96c8-f862dd37a9c4,
bb68adf3-eda6-459e-8fb6-d27b2ce2b39e,18000501900047
9dc4136c-cb06-47b6-9e1f-43efb44af8cf,
af1613e5-b8fa-4006-ab1e-1909c31e8cd7,
e5299ba4-7aa4-4f95-aa82-7e765d5648fe,
ef797219-781f-4b8c-9b13-25ddb219f116,
c0782150-0083-4397-9dce-c15fba38e587,12004305400010
fda1940c-d351-4d14-b7af-1067d0664d3b,
03fcedce-8927-4ac9-a629-21ef2e515ff2,
6c901391-8c0e-4d34-9880-fd50d67ca03a,13002622200013
0fde41be-b9be-4878-8ee3-9f57de359447,
3f323392-865f-4de5-ae93-c0f694f6389e,
ac59d858-0d59-4f0c-b287-9a743b568c22,
4f35b149-91b8-482a-9621-17ae9c940d53,17130431400015
52cf161c-e3af-467b-9111-01e546e8024e,17993960800016
cd6e65df-925e-42e1-b93f-58f9052fb674,
e71313fa-3cfd-4bff-be4f-52122c183579,
041e1ca2-cd02-4316-b11d-65a158a7bee4,13002333600014
e7b98a63-fb68-4db6-89f3-2d2eb9ffdbf7,
3e15a41f-9137-4e65-b056-9f4182815a10,
a88c1350-db11-45fe-bf9e-ceb27d4d486e,13002521600016
a89c9e74-180f-4538-acca-366cb4123e0e,
a8d71892-601f-4cfd-b954-19b40f615434,
cf8616a9-1d2b-4bda-99dd-f86f04d8df9b,17991081500010
bbc4bda9-797a-4cdd-b990-872b4cc189e9,
c7b9f16c-fda1-4e5e-a911-444ba590291f,
6a6c6d00-7a0f-4f15-b7f3-f0b8562b4afb,
95311ba3-d3f3-46bc-a0f1-5cb0c3a88040,
3dafbc99-9fb0-46a5-b013-baa7346e2152,
b90dee58-6f77-4bf7-89b7-d97be17550c2,
d2d8dea3-c910-4935-bd74-ab1fa9991361,41461357000012
b54fb3de-1750-42b0-ba4f-6663a5e4fff5,
3c2bb740-71be-454a-a934-3c6e43586b98,
cb5b235b-8bb7-4ba3-b4d3-9a15d97e3d44,
dc73331b-c03f-48ff-81b3-1108ca17a31f,
d9ef1bc0-c4c5-4a6b-a78d-fa1446da0c2d,
221319d6-0ceb-4daa-9074-0db98cbdd1b2,13000766900018
c5e403f1-da2d-40a2-a1a5-e2c35279a174,
b34412d8-8ae3-42df-8805-a20c32bc8584,11000023900019
ba0b4351-5a61-4dce-9f37-2e6b44c8e27f,
0dda1b96-27a5-4367-9c78-5e44f9974739,17993030000019
e7aa17c0-2de5-4b0b-b580-23dee727e051,
d13da51e-8b5e-4ca4-bdaf-5ffc5fa66178,
ad6bed48-f351-43f1-8afb-713b6275623d,
afc1b0d2-0dfb-41de-9e15-633c708b3758,
b0a40b2b-cbd4-4ce5-9e02-91885429af09,
b82e7e8e-5902-4222-8a68-684f851a0c5b,49431136800026
d712519f-e827-4722-b6c8-899dc39bf8f3,17992160600010
37a4721e-aff6-4502-8780-ed6284a77719,
60ec6ddd-9d21-47e9-a4bf-c06b7bb150ac,
5afd854f-1347-451b-9dc0-492feffbf7e7,
7830cb0a-b084-444a-b86f-1ee0fddf4c35,17991390000017
88102795-9e62-4b44-803c-90f257a9222e,53960120300018
906caade-e950-426a-ba8c-d95ab9e0bb39,
921ccf64-6725-4a89-a5c2-b553630afdb1,
93a51210-55cb-47dc-baed-f2c37d7b1513,
7e9f75fc-5862-4a33-8015-da82e7edfafd,16000032900013
3da0ebcb-72c0-4a35-9fd9-756fb519b31f,
7319d6da-4605-4fe6-999a-2fa96a0335b3,
2f100cbc-8e4c-430e-afb9-6d6a2b7e89f5,
ac01effe-aefb-48ad-94f0-ce8b85be64d5,
1500f1ce-8270-4e5f-aef9-49fce5a9ac80,19421879800016
150df3ca-b3eb-46ef-bc36-0ff1572d6e96,11000029600274
0987cdc4-db6d-442e-8738-631edc6fefbb,77566560700153
09f55e67-de56-4ef8-a54b-762338f91762,
40c78630-0f08-4563-9610-3aad00ea5c12,17991561600017
395d55fd-3ce2-458e-ad82-41d22a113bc3,
dfac1157-612d-4304-b761-ede8709776fe,
e80fa326-4bae-4de8-b55f-06db70275952,13001202400183
af256476-093f-47df-95c8-ca51b48788f7,
148f2939-d619-45f2-b852-9f81a01e3505,17992200000015
17411760-a621-451a-98d2-553d72381ad8,13002974700016
18ca2d11-b8af-4676-b40e-187fd785ad4c,
e8d0c6d6-84c4-49bb-baed-9c04dbbf487b,
e8f5cff9-11c7-4fc7-a11f-e83e2bff180c,17994220600014
eae89f52-c8c1-453f-ba85-87a896ac0374,
c929e0e2-f8e7-4246-a916-6e45077e2ab9,
6ed5a31b-3713-4be3-bf5e-c9994085f3cc,17992150700010
6f6573ad-f8a1-4fbc-8589-a8f7baf845c1,
d5621d11-bcbf-4304-9b89-ab586cca54d7,
66b9ee5c-c177-4fc9-acbd-f4c3d7be5b23,91129956800012
1f31d64d-79a6-4f48-8c54-ec50da3046ef,
7cff97fc-ce73-499d-9481-485c50fbfa63,
82f24ecb-4943-43f7-b374-fa6b2cc3166e,
b9a8eb60-7d12-4387-b320-21ae67a1c861,
d9ae685f-4538-4eb1-961b-14040be8ab8a,
ddb4adde-ebad-454f-a43e-96afa8c2a228,81803126200012
de2eb9b9-519c-4d4e-b926-8ff635ce7110,
e488a539-f2cb-4fe2-bd0d-bc09f7032556,
e5acdcf2-4b0c-4a83-881c-7ada6cb665c3,
e844b09d-2bad-4ea2-a516-191468f129b4,41833459500018
ed6588fa-1723-433c-8d0e-10abc560be9f,
faf89c04-2f5e-45cf-aee2-00ff1faef2be,
0d031bf5-fec1-4fd8-9af1-c7dd30309907,
1880195a-d7d9-4a4a-9982-b1c8f86d436c,34155721300020
364ead27-db59-4f1f-aa79-ba14c03670c7,
46120986-1fd0-46e8-91a2-e6658f43602b,80363150600026
48750dea-616d-40db-8e27-1901799649d7,
53375e0e-b87a-430c-9f55-349cfa40690c,
5707d877-5529-489b-9c16-73001281fc1b,
66459ca6-c393-49ac-b442-3cd19066791e,
76fcb371-7f0f-4b71-aaba-eb626aa2d1d1,
77f58904-b7b7-48eb-aec9-d9169b2d1a10,13002000100017
7fa71da5-5309-44c0-a2ef-30af20244588,
b025ca0e-9ee1-42e4-9b5f-69b3da2dbbcb,
b1c7d55d-5327-4d79-9aaa-0f88197c341b,
b701a3ee-52be-42e2-961d-2bc1acd815b7,
bc07e928-4566-4d2b-a293-6ebed9c32b6a,
e5f11d29-772c-4d56-9d4b-950548e6630e,
f2f7248a-bd9c-4f40-a61b-d58b4de9171e,
288c8c98-24ab-46c5-ba11-d0443d03bb9f,
71101ad8-848f-4f57-aedf-dfe5fa07987e,
8155f0de-6f79-4da6-9ff7-1464ec19805a,
c26d93be-79ad-4709-85f7-fddb254b62eb,94402125200019
d4e4f793-bfd2-4d75-9cfb-9c3c3a36c847,83492983800029
e21ce518-4382-4d0a-a631-d9b46708a827,
0a7c0df7-dc09-4c48-9fbc-328a8fc587b3,
1ea3cdf9-e496-44d8-9368-107cc974dc21,
69c36149-bf42-429c-9eb1-9b212ac45176,
8c9f3741-5583-49b7-8806-5d991d4b0465,43808055800028
1e03c2b7-5f7f-4148-bc31-9a7e50d42f9b,
39cab310-466d-4174-91c7-ae618a8cb80a,
3f22eb07-e230-4f49-84fd-14650b23f952,
59665905-c973-4fec-a58d-c140ad461bb2,90205713200018
6e8380c0-5c4e-4d47-b751-080bb5fe7d8c,
6f947a48-a80c-4614-a407-84636542db4e,
99d64867-777c-49d7-8af3-58ea393ace8d,
a9bb8dfc-cbf4-44b7-afad-2cf502fcab1d,39453211300021
ca87a2bc-fec6-4202-957b-c735a88555c0,
27ef2420-48e0-422a-9d7c-81cce0239b80,
02330564-bde8-4166-b9bc-bc8074f30bf6,
23dd6af5-1f4e-4524-9ec0-8228b209aa85,18009002900018
39e248da-e429-4ab0-b70b-a393a1cffd26,
3d58a09f-d3b8-4c02-b116-128f33559f16,
6cbc63a8-974c-48d5-9d07-5f20166272c3,48044492600046
aa0fb67d-c5fa-45d9-9141-fbecac7bcc59,
c2c074ae-7397-485f-9402-e09f9c5f952b,89482097600013
d6cfccf7-c8f5-4245-ba1f-1761702a66c4,
ef591f41-6baf-42ee-9b9b-b24fd068d204,
fa82654f-0f30-4a91-93d0-52d7b2000f32,
0d57e2c6-a929-4720-940c-b0558a812c0a,38846208700049
21bf4741-4d46-40af-aa74-0b02b6c5bcf6,
38bd0da9-8e0b-42b9-b83b-a967101309ae,
43cbd34c-0092-4399-b441-68b7030e5aa7,
4eb0f233-f733-48a3-a202-02afb8602b69,
74fdf53a-0821-43c4-8ceb-97fd3245f46f,99243146000011
7dbd006c-677f-4272-8863-43a2daa108af,
d2ed645b-bdc0-4602-a3a8-8955daec09cd,
eaf6e85d-62ea-438a-8f30-50c45eebbce0,31547592100013
f57497f9-aa29-4a95-8c8e-984dd961c166,
42387a60-4636-4c73-a2aa-56f5f9d52b28,39442908800013
4922fc36-1fa3-41fd-911f-78b89b7926ff,
9b43c83a-ff44-4e73-80d3-311833dd6de8,
e3f501e8-ed19-42d5-964e-cc529f8cc193,89994396300012
27ce3d63-6373-4f85-9e04-61750fad02b1,39267050100049
64942c22-e2ff-4dc1-9aca-56af170140f9,
8b00e9ca-c43b-4b3f-8035-0faf51621a55,
b18f98aa-c90b-4f79-9dff-1b5e0f390ff0,
efb8be0f-3a73-47ec-aabb-48f76dc19914,
ececf04b-8f7a-49fd-8c65-40a72ca5291c,
7a90a2a7-df8b-4c94-9537-b550fc79599e,
6201520f-733b-4fa2-be8d-feb743eb0aad,
6317a5fb-6152-4168-a9fb-f0dd69322195,
637da1f6-b6ac-47fd-9611-519617bc9e74,32206468400036
638c5ff2-7d4e-46de-bcd2-19cb0b28aef0,49413430700011
644e9f35-02d1-4c8e-99f4-7a74854204f7,83827491800013
64a92f12-2ef5-4173-ba7f-554da07266e0,39267050100049
00ee4461-fbb0-43d4-88f5-c8db3a367fec,
08a2b652-bcce-438f-8e5a-8b78351008f2,
096092c1-16d6-4f1d-8359-e066c1ddfa15,
eb3a1068-367d-4402-8d7d-f73ed9bc0a27,
3ef6866a-effe-4810-b392-f708e10a891d,
a802fea2-463b-4e26-9692-9a60f290e385,45258988000023
5c1774b4-302b-408a-9de7-31470a8fc950,82975276500018
0fec0eb4-eb3f-4337-870b-9d62a020f642,
224261ab-d089-4700-a9d1-77e9e54d075a,
b72f00d0-ed27-4f6b-9b17-7bf9a5b7ea95,
7d3481fd-1463-49d5-bd76-9f68ddf3a761,
547d32f2-f821-4c47-bcd1-b3ee5bce481d,
6f2b9010-19e9-4077-acba-bacaf971805f,
80eea00d-32e3-40f4-9637-83619176a35a,16000009700073
840fe66d-4b2e-4ecb-9dd5-a7bfc04898e3,
d3c39544-5279-460c-abf3-278e727387dd,13000853500010
892189e1-7636-4268-ba72-a3a5f473c481,30299044500033
2310729d-b64d-4e3b-9abe-bde65da3a4da,90068360800013
fc445eb0-8fab-48d2-85cd-2c5282c4e152,
b905a600-dcbb-46ec-aa78-78a87a53e8dc,
775571a6-86b7-49e8-8207-5e3cff0120d2,90393767000011
a98f88e0-8993-46b4-9950-31dbfb4ff4da,
411dfc6a-d291-4dbd-a8cc-f02b1b4eeb7c,
655aaf9f-ddbb-41cd-81f7-84387190dfc3,
07ecad4f-eace-46d8-a028-d041ef4b4c78,57202862900275
67dfb3f9-fd93-4d6b-bf97-cb42832bc606,
50bbaf1e-a18f-45ed-9b21-863f877b3524,43994269900018
77f10eb4-532b-4407-916f-68723300039a,
8f2ff0e3-8057-4fd7-9895-80dc4cc2b1d9,
e502103e-0a6f-42e3-89e5-8e2fb6699c26,
2293a756-42bd-4584-9cd6-e3679c471f89,33878888800083
c02cd538-4c67-4616-857a-f5fb4a4376c4,95191159300014
66d52d80-6984-4a75-8e2d-9fa3ab5c7f6b,55208131766522
746293b0-2202-44aa-a392-a0bd71e4158a,
0da923b0-ac21-4a56-ad5e-4aaf542df974,
3b1fd15f-5a35-4f54-a922-3acba50d0fb7,
4cadfda2-e6f7-43f4-b6b1-691ddf9b477c,
5e8733f2-13c9-4a93-bece-d30ed3695b61,
80ae0ae9-523b-4ea1-9ed5-ca1670c7de64,
c25dd3ec-b142-45e4-90be-739427c5cd3a,
e8de2256-2e88-4f1e-973b-1187c3155cdc,
f3f6250a-4a24-411e-932a-95f45ca9c7da,
22cd2ca8-3a76-4881-b350-db158d798a9e,
2618a59b-5b5d-4d86-b630-4770dfab977e,
a399b9ae-43b4-4ed9-9707-2a3a3522b8c4,08698109900046
a4071d6a-98dc-4c85-a966-5246f710e993,
8b7cc823-fe77-496c-8bcd-fc573383b59a,
c7f1dbda-628a-41f6-a7e1-da154580653f,
05d31db5-c319-4c81-a8fc-ff9688ef0bc6,83827491800013
de3c2d11-b98d-48af-a977-4cc41a6b0c4d,49889314800011
e5647b7a-1911-440c-b332-6ee8b96ce58e,
4944e8dc-ec7c-488d-b42f-22decf5484fc,
33883ee9-6431-4065-b71f-4e7f1cfa629d,
aaa9388e-d757-4b08-b25f-554006f75028,
079030af-992e-4bd3-b9e1-240e9a29b70d,
ce2471f6-d60e-4b3d-b633-ee5a3db70cea,
d1c67790-507c-443e-99ea-fdb26dbf8db5,
7ce7c6d3-90dd-491d-956a-d5f81cd07c89,55208131766522
d41bde3f-47c6-4f55-9236-85e5b69f65ed,39267050100049
de8325f7-b224-4477-9041-7c81002396df,12002503600035
dca8c7a5-1a9a-42e3-80c3-a1616ee185c3,
64b176cd-4620-459d-939f-a2657ce9d3c2,
ef5ac7ed-e023-4af7-83a0-9fa095440309,
440e14fe-ae8d-4177-840d-3393a66470e1,
8a284a9d-ff59-4404-8a85-2a25c83db134,51006903200017
4eb509ae-b2f5-432c-88be-addd2ba5615c,
d57a5732-a1bd-47d1-b941-c569f34d10d5,
e3fc12f1-6aba-403f-8b9d-04e892c31164,
547efbf6-e994-46e4-b0d1-d5e1391fb586,
38d00f6f-7e39-407d-be9a-899b31fa1406,
6b0d4e7c-bd64-483b-a34e-4ea12be4fddc,
6b296a01-1758-425c-834b-4e2029532c08,
6bc623f3-0973-4a4e-991e-7a2a6ba966da,13000207400149
6c11f829-8dde-450b-b2b1-9feb02d99058,85322202400020
6c330fd9-0406-4a5f-9e40-c801716a6a24,50949610500016
d23e50ae-0204-4465-954b-682fc790bd3e,
5210c0b2-212e-4ee4-9c25-c50aae2ad3cd,40414073300118
91caa418-35d9-4b7e-99ce-730e4dc3487b,
8a32671f-cefc-426d-b942-c519183857d3,22400001800016
d8cec6cb-de1f-48ac-9602-070da29f5caf,
465a8bf0-9bab-4951-b1d0-b00f0adfc094,
34bb9b7f-7353-4cb7-abff-8625d6eb9296,
b20f2888-7229-4c26-9b42-3d321a155692,
6cdd37f6-19a5-4f8e-8980-6956cb00415a,12002001101155
684a1d02-0be4-4931-804a-fadaa6220b82,
03297470-62b7-4022-9734-af5b04adbff0,
e8c9e373-10b1-4037-a5b6-024cd648a4a8,
471f3377-9a63-45d0-b08b-7fabbeaa49b5,13002505900010
65ee07c9-fe2c-4f78-aa32-1317f753fbc1,
68c54a12-2377-4d44-b170-c210312d37b6,
6a4a4f74-373e-41c3-b269-b96f6bd6ce05,
6a7b4a20-a9c4-486c-bb09-de3e2fd0851a,89783555900013
6aa23f7e-83b7-44f1-bc90-d065d24b27bb,
66f507a7-21d0-4c33-9015-f9a12aede7fb,
6aaef558-0f08-4215-80d1-339a640afc3b,
6ac5f77a-6dcf-47ac-8a9c-90df72d9b32b,
6af1f55d-5230-44b1-bd1f-98e79fd0089c,80284086800037
66a48a6d-a3c2-44bf-9549-38fa925fd1e0,12002001101155
670511f0-c7bd-4e27-b165-096cbfdf0658,25120086100036
670b01bc-82bd-4dee-b322-5453f67cf0f8,
001d7040-014f-42d2-9216-ba8d57a61c5e,
00208891-f931-4051-8ee3-74e94c27e3f6,94437566600012
010d9900-b95b-4055-8cd8-e85494db7212,
014efec7-ab39-4bb9-9bf6-2ffbafbd0758,
01531571-49c0-4bdc-87da-2087b3a231a8,
022d04b7-9ec5-4f60-aa89-baf5bf5ed2b3,
27e3eda7-485d-44d5-ba69-0f668c98d9d6,
0269945d-cdc7-4766-8301-6d819bcaa0de,
028d1c8d-7cff-48dc-af3a-7918bed8cdca,
039926f1-3238-4b48-b913-97ad9822c410,
03aa2f11-f3ed-47f1-bf09-0d63fde749bc,
04578017-f968-4600-9754-da25297fbb3d,
06aaf51e-23ad-4ae0-b9ad-52f3ac841366,
55969846-2509-473b-a56d-c1a0251a1bee,
561bb258-04ad-4548-85a7-65d8d2468bf6,
072cb3ec-d752-4393-abf7-8ccf6261fbeb,
07507047-ceaf-44a3-adb8-cce3a84b5afa,39029979000357
07a5f935-5959-4e1b-ae2e-acd2801902ee,
07b6bac4-72f4-4e61-bf57-444cf7d004cb,
07f42e92-b6ce-4b1c-8831-581c0756b534,
07f9fb78-8693-4a78-bcb9-b2eb5c797574,
083b27be-297b-4eae-b0c5-d832d0d76709,
0973ece2-5428-4e2a-99b9-9fea34415391,
09754f68-aea7-43dd-9bef-e229fa4e2f51,35177112600023
097d59c8-456d-4e70-9176-14e766228d7b,
09d60885-eab2-49df-b4ef-8b841734452d,13001759300034
0aa37f38-f5d9-4578-a4cb-47a714dff735,38152275400013
0ad21f4b-dc9b-445e-a047-c6cb177b3504,
0b0e6899-c45b-45af-ae62-61831210a4d8,
0b938e13-32b4-4726-9bc7-fba99cb058ca,
0c21c948-90f4-41a2-9289-a9404d55c1aa,
0c59866f-8637-4651-82f3-75de6c35ec49,
0c78ef90-614a-4fcb-b7af-449f6c66f6b6,11006003500018
0cbf5f57-a19e-4a3a-859b-d1e7bf9fc641,
0cce1873-de1e-4926-bc93-9ed9ace81a39,
0ce0e4ba-88c4-44a8-88b8-51f698f9a4db,
0d47c153-f679-4714-b0a1-e706c87f8579,
0d9e5297-cb89-4f5a-9e69-e99836111f3b,
0db980c7-88b0-43fe-a6ce-e5213cc5b703,12000601000074
0dcd0aeb-292b-4959-b73c-9075999a7f4b,
0e380628-5876-44a9-868b-7de1052502b6,19730858800015
0e4eaf8a-ff9c-4c3e-911c-0172f67ec614,
0e5eaf51-a695-4a47-aaef-d5288beb86d7,
0f15f7a7-3c65-4689-ad38-f2292b5eaf50,
0f1f2843-5598-443e-bf08-1e84ad9af355,12000101100010
10492277-e4a2-4860-b9bb-8bcc828e0ae8,
107c08d7-f3e6-45c1-bb71-b039bf379129,
10fd8f99-36c1-468b-8c4c-74ac3501bcc4,49108721900060
116c0775-3532-474d-812b-73c25ecc967c,
126c80e0-1ab5-4216-b4c6-48c010333c54,
128846e3-0962-41ef-9402-5374eafa8170,
12ed2e18-d97d-469c-8749-8f4cfbf9da9b,
13055516-6544-422f-9fb9-e54cfe478b5a,
1456d669-8e4f-4077-a2cd-649ae2471d2e,
14bfd8f2-ce64-4ce4-8470-db73651c9ec7,
163c03b4-3461-4b5f-8d25-80ec1aaf49e8,
1656e2a9-27d6-4b61-9ccc-0cae039de35f,
16aad7b9-7c6d-4f58-abfb-80a4a38f79dd,
16baff09-b08f-457e-a749-fff83317c1b8,19932056500492
16dc87bd-b1cc-4187-af3c-dca889f036eb,
17a4dcd1-a03a-41f7-80c1-8c51a724f6f1,
17ec62a9-358d-4bdc-8afa-050e6581f09a,
17eddb26-8a02-4f9b-82bf-00e6bd5675b8,
1886440b-8fb1-4899-bc04-b855c734d491,
189cae4a-d223-4030-966c-f46ea8b80b1e,
58e8d179-499e-4f24-982d-9af296a84b1c,
1934d66e-1818-46a4-92a1-af9883373e22,
195b4677-6355-481a-8279-3b82aa0ff2f4,
19a3ee43-3772-4e5f-ac94-8dedec35708c,
1ade382a-f520-4238-9401-ca62be77b296,
1bbf7a36-2943-41be-bc27-3c0df451d767,
1cc41f72-0a42-4f78-8ae1-87f2502061c2,39174243400015
1d5acff7-7e89-4878-85ae-49cfaff3e414,17910002900158
1d8fc95c-5339-4fb4-bde0-75d23da295d3,
1da47d65-b713-439b-838a-fc3eda91d34b,
1ec62762-de78-48c5-bec9-04d92e466fa7,
1f5c3e57-1960-4f04-b205-d1e49a361a7f,
1fbbef21-9750-444a-9f72-23e1bab24cf7,
2019d837-a807-455d-8217-5d8ac994fe1d,92212548900018
20e3f30e-eedd-4eef-9c3b-cfd3848abb74,
2185cb1a-5d64-49a3-bcc1-2a80f2e0cce0,39267050100049
21b4dd70-723d-460b-8ded-2dddec1786a0,
716e6a9f-88d6-41a4-9b60-93961b5d3777,17994200800014
71a132d5-2c9a-44fe-8239-d9abe95c50fe,17993090400018
21f2c44a-3f8e-4e3a-bda8-1d273310a459,91272912600017
232cd728-7f5d-4c4b-aaed-4298ab8e1643,
23860daa-2356-4f69-8721-e323fe8147c0,
247d7289-7962-4395-a116-820a9978cc3c,
2609ddfd-b5c1-4c7e-b48f-347d7f9f4d12,92398007200014
261845bc-6139-446a-a24a-cdb1831462f1,
262de6ae-85b6-4783-8bf1-56f58421ebae,
26bc68f0-0963-4f53-97bd-e7886f624c4a,
26d4f5c2-e467-404c-806e-4a1a9527b367,13000427800011
2760bdd4-86ed-473a-b695-61c9d597ee78,
2792b6ba-34d5-4b22-b70e-87bbbb1a5d3a,
28cf2409-113f-479a-9e0a-a31e52b9a115,
2962217d-db66-415a-b1bf-b5057d876296,
29a5e31c-ea23-42e8-8027-1c6584a173b7,18007003901803
2b26732a-d766-427e-b6e1-0cd7945db1b5,
2c1431d9-7b15-4b99-a00f-40865a2c3c25,
2c16b266-932e-4dbc-ac5f-78646f1a03c5,
2cda2311-01ed-4a68-8c07-341b309c1282,16002205900010
2cffea7d-4163-4fec-b3c9-57b28bb1a321,
2d0c67f6-80ef-43fa-b5fc-32f77cb374ca,
2dc48621-c68c-4592-bd47-cbbb90cd787e,
2e2b7764-74a4-4b98-b21f-678780199d7a,
2f33db31-905e-412b-9722-aac5f0e26836,
2f72c68a-7ab5-438b-aaaf-f5aa8a87dab2,13000946700015
2f8cfa7a-2422-4c0c-bb1f-49c0c8dc38ce,
2f8dbf1f-75d6-4653-a3a1-d580c63e7009,
314ddd11-9e25-492d-b4d7-785341137728,
3240b833-64ce-42d2-952c-d939c012e3aa,
327a10c1-91cc-4298-8a8d-3ff3cd6d69a0,
34497a80-5bb9-43fd-958f-b6075d069a8b,
348c89b5-380f-417c-85f2-cdab02f754ca,
42056933-2253-44a8-af77-1308ecd09c0f,
349d7895-ccf1-4a3a-84de-11b86c44a97b,
34bb5995-5777-42d9-a183-2be8ebb5c3f4,
357fa093-4cf1-4c47-92a3-6361f87dfac1,
35833efd-94cf-414a-8851-3fb346ac3c0e,33973044200045
3608400e-34f0-4ac1-9e56-edb69a41ab4e,
361c8b1a-a5d7-404b-823d-e77e0fff6717,
37191c93-5e4e-4c46-b161-ecae4f3d59e4,
3781488e-151e-4601-9be7-2f843dd227d2,
37e24057-9a80-4927-a8c1-776026645ba0,
3801c447-7e2e-42ba-a74b-4e690830b081,
3856a672-58e7-4794-ace9-e91d8f885840,
38898b79-e960-4418-999f-ee5e1a80798d,
8287aadd-ea66-4953-ada8-ec513bb9c00d,
38ce80ba-9746-4436-bc7b-5509234b4d7a,08698109900046
38cea0f8-00a9-441b-aef2-9d5980219183,
38d9ecf4-d632-4567-aba0-ef7eede0beed,
3b15553c-f252-4a1e-82a0-481d302c4824,
3bcdfefa-fd9a-4b47-97b2-45a358d40b16,
3cea8b59-dca5-4f90-8bcc-cb49c193cc6a,
3d78b624-b0f7-42f7-88b6-ca0feb4a891f,
3dfd16e6-54a3-4fb1-a066-c85a05c0cd31,
3e1c05f8-8aa4-456a-aabe-effe3c96f257,
3e249416-7fd8-4561-af67-e4bd92f8d4fc,
3e91bc71-d790-4327-8e9f-f2c014f943b0,
41d9ed3b-9a46-445f-8e65-f89b89d46dff,
42c05a3a-1740-4272-96c5-5f54579ec708,
42e4a8bf-f96a-4a0e-abf2-4feda463cdbb,
43ece135-2895-42ff-8411-e35cac406d58,
44bc4919-f943-4d06-bb8d-7674bea3b2d9,
45582159-22c4-4c9b-a990-18146c4d938a,
458f8a94-a9d0-46e8-bad8-532f3d6cf017,35600021600016
466f1274-80b4-4037-af39-b8bd0341cd64,12001406300057
46f5d17a-c059-4276-8aa3-ff914af5ab82,
4704cb84-59ce-4c36-9474-17b54192e070,12001505200018
48daf459-3382-4bcd-8d44-5faea9111889,
48ea4e07-1b64-4806-bfb8-d58beb1f233f,
4927f072-b616-4a20-a019-81c2d4948b6e,
4989b8e1-7734-4451-804f-fdc113abbab0,
4a405a94-7362-459b-9794-c2b73d50909a,
4b499b8e-211f-46fd-9add-b2486f2727a5,
4b7d9ea7-2b41-45d9-99bc-e3e066e80617,
4be549c7-32b3-485a-bdb0-94f932a7e699,
4d374fd3-ebbf-46d1-b714-3508490e6e29,
4e20a37b-dc2c-488b-8000-b4b7da74a521,
58c76783-a3f8-4775-85e1-b33567d972d1,12000101100010
50b9581f-a056-4c70-a32c-8cd3aebe0afd,
5127cb9a-105d-4422-9ed9-a687ea164328,17590805200392
51457a83-fc31-4157-9aee-dd901c4ac5df,
5205f999-9978-4937-a7c3-fbacfd396695,02406785200012
52187b0b-d5aa-4668-9c43-5ba770fce907,
5326d642-5f73-49ba-a700-d01356436fd5,
537642a0-ce21-4a56-a303-545a824ed996,
54e73e5c-0cc7-4cd2-862f-c5410e144d24,39095191100028
550d10b8-b29a-430f-a5a8-b7f602979f80,89247897500014
553bca48-e79f-46e0-8eee-36b45a395e6e,
57b0e0fa-3043-4550-a2b4-6bf04ef91bed,45258988000023
57d24c99-6f03-4908-9e77-5ec35e781552,
593552dc-275c-49b7-b3a3-6bd05bff2bae,
5953a903-25dc-4b16-a8d6-c19067509d93,
595c54dc-1b6e-404f-b139-994e4d0c8509,
5ab658c6-7ed8-4ad1-88fb-9d80928f5408,81188859300027
5acd8b2d-90ed-4f52-986f-ebc467b2a479,13001403800017
5b2bbfcd-4c90-4f7b-9b59-fc4209a16e59,
5b9fbe6c-dbb4-4822-ae54-8936a61025ba,
5c17b879-7071-428d-a549-2804fda1635d,
5c2ec28a-b111-49cd-83ed-5e2ddb9984f8,
5c76d76e-ef9a-45c6-bc22-38900e966a35,
5d3f8c3b-a1ab-4ed3-be06-3306de2fa31b,
5d5d6f5b-7c06-4f68-bdb0-4295bf2230da,
5da61d7c-3d6e-4c2c-9c90-bb785d07a4cf,
5de30990-e38e-4134-a48b-7acf613607c4,
5e665e27-66de-4fcd-bb72-87a3599af4a0,
5edeb2d8-411b-4a88-9137-90095de31d59,
5edec17a-f65e-434a-a33e-d2d57c8161b8,
5ee8fdfa-4d03-4fdc-929c-42eebd3ce08b,
5f223dd5-c584-4e1a-8394-af8eccfc4869,
6023dbba-b097-45cd-bcb6-b856e0616ab6,
607362df-bfd5-45e3-9ac1-45721cf76357,
6136e6ce-193a-4171-a9a7-bcef062ade8c,
6154aa27-02ea-45ef-9b02-6e6aef578317,12002001101155
61941b4a-9f51-44c8-94ea-501eb9276820,
61b1b3f4-7dd6-4a3d-8038-dfec6454ff35,
61e3fb7c-91b1-4442-afa4-c1f9c409d483,13001107501366
64ae8b23-bb64-4b91-8f24-509595a5165b,
66079640-7fc3-4d90-898e-d32db5b02815,10875912700013
66a379cf-a86c-4c09-89c9-796ef251e258,
671b2d0e-a2f6-47c8-afa0-7c80bc1963b0,
6779dfc8-183d-4ba8-b23f-8bbfb946bfa2,19762762300097
688a4155-0b43-4130-8fac-aad8df30d085,
6939a921-5d34-4162-9371-49a2f11e9278,
6985f241-dc31-4ba3-98eb-fcccc37013b2,
69b25601-3558-4320-bdb4-ec618af3410a,
69cf780b-6416-471c-8184-52b07a2a94f9,
6a0356f2-fac5-406d-9d26-77e8ac51551e,
6a66e010-61ca-42ca-ae20-8710191595b8,
6aca5d8d-249a-4544-a702-42effa9df532,
6b1671b8-2e1d-4f13-b282-77bf47425bad,
6b2baa01-e207-4a05-bf0c-51db371bb426,
6b5cdaaf-bfce-4ba0-813f-7b5667618053,
6bcc3ce1-da10-4d16-aac2-b203caa28c4d,13002789900017
6bd935de-ac74-4b64-8b54-309f3f3fdb16,
6c58fabc-b194-4055-98a9-19ffa05fe849,
6c67e7c0-5b2b-401b-8e56-e30413986d8a,90312071500029
6c7d9c10-ed91-488a-b5e4-b55a7e26285c,
6c8291ad-59b2-4ba0-a07a-3722ea5410e3,
6cb4b422-86c5-4f96-a0ea-5c4e1092721f,13002459900016
6da078fb-6ba8-4a96-9c97-93f3a751ff46,
6dec2322-6d7e-4156-9c13-51b40ea080c5,
6e008d1e-8a1f-4417-a5c8-f897c3c32589,12001505200018
6e634779-65ee-4df2-b3f2-aca2e3f62107,
6e704cdf-06a9-4897-a702-3b022c48e5f0,
6e7b085f-9f4a-46bd-b3a1-f041b9da0105,12000101100010
6e7cbc20-3217-4f59-8268-74ad04d611ac,12000601000074
6edde632-f52c-4deb-a40f-c120737660fb,
6ee37612-3672-4064-b33e-7f337d28fbc0,
6f5ed2f7-47b2-4870-a149-ddb18cb8399f,
6feeeef5-dba8-4c6b-8785-863633efc3bd,
7026decc-c478-4c3e-8878-a776a2520330,
72b38ef2-bc05-4f05-a0cf-91f30b35ec48,
72f3c1ad-7523-4eb1-8ac9-7a9a1c233344,
731838c0-0df5-4637-b1ea-7616bf37b68e,
732c8c2f-eccc-4945-a3db-81d902b8f2bd,88379151900019
734eaa22-a615-49a5-af31-eb8d7a4aa401,
7385bd8b-a61c-4237-95f7-0b4a323fd2c2,
73a2e899-57a8-415a-8387-c16ee5a83bab,
73e4fdca-ad8e-48d0-bfa1-50ca2e0883aa,
742d79d5-879e-45e4-b693-f444aa28169d,13000552300019
75dac33b-080f-4b56-89e7-9d70f9603d79,
744f0bb4-6885-4c0b-b197-5bba22d6169b,
745596d7-cc25-4298-ac09-83b11aa19b7f,
75568e96-f3ee-4007-9131-90651cccfefd,81975254400018
75e1a27b-2271-44a7-ab28-06a31f992500,
76a57eec-4906-432a-a68b-829d6673e768,
770b0c6d-282f-4db6-94de-c09d986efffe,13002544800015
78e10226-913f-4e1d-8858-397a53f90cd8,
790040ce-1382-4c13-8c99-7fa3b057910c,
79929335-5adb-442f-b6c4-88b7311cebfb,
79dd461a-1c34-4957-bd8d-867c4190e70b,13002195900015
79dff473-b246-460e-a5ac-d836ef7611c8,
7df176be-d386-4acd-aa5a-e6d516b2d907,
7a1edd64-3dc0-4cb1-b639-aa332e31cbce,43456478700027
7a961dad-f5f3-4610-90fb-8f3c642a4f61,
7ceed93a-eadf-4cfd-98a4-d5604627bbeb,
7d6daa82-3e55-41ea-bfbb-23a958aea845,
7e2322bc-82cd-4e58-b75d-89b42b02a853,
7e2b4d09-b3a4-49b4-962a-936d54ca2b79,
7e49fbc9-e9c7-4767-9fb9-5d8736d3152c,
7eedbcbc-bc4a-4dbe-a977-d61fb23bdd40,83827491800013
7f19276d-0b32-43a3-b2f8-937001b530ba,13001641300135
7f92f2be-3a1e-4341-8d81-83b2418f5824,39267050100049
80422d22-d5dd-4d6f-9530-bc85d014b5f2,
805a7e34-0187-47b4-841c-fa64374f0ff1,
81c29f53-d49d-4010-bf9f-a9997edda4b9,
8201738b-8d08-4de0-8e2b-dec9cf2bb387,
823829b4-6ad9-4e0a-be74-e1eddba085ca,
8299f564-ac99-4259-b853-7ca599fa1de9,
84afaf52-84b6-4256-8ed0-476734712b03,
8574ceed-1b75-4b6a-87d9-6c39c403bc23,
8579a916-61b4-48e9-8ee1-7e0552c58b56,35600082800018
86b82a45-b14b-4bc8-9141-193c618c05d9,
86bb8321-d992-4372-b641-485474a19aa0,
873ba352-87c5-43e4-8561-ff979d75dcf4,
cb70d9ec-38b3-4491-9859-decc9fedebaa,
cc453af0-0bc4-4321-ad27-adc7b3871142,12000101100010
887dacdc-9652-4d37-944d-187d7dcb62f7,
8a2a8d90-e6e8-4db1-a3b6-c2e88c1eff10,82911793600015
8a5d52f5-3a3b-4ed3-88a9-7c0018b7f289,
8a6a25d5-2040-41d1-a8ba-c969285d8e87,
8a8161a9-9636-470e-98fe-e72beff13f7c,
8aed851a-ab6e-48cc-b5c6-c6e6893aaca7,83827491800013
8af55a73-97ea-467f-8e36-c05f39cee263,
8b9571f0-a6ed-4658-b28c-6a1648eef14d,
8c2a942c-34a8-43a5-9774-beb365045c75,
8c94b894-935c-472c-9ba8-be4f4aa7dda0,
8ccd9501-1a2f-400a-8efc-317d4eca2acd,
8cfe8411-7f7e-4254-b32c-905f6319f20c,42882285202140
8d0094ce-58ff-4e36-9a0b-dd2d32caad09,
8d1717b2-8d43-4a89-8f02-944225490525,83115845600077
8eb6c666-16b7-4a2e-b9ee-d7268d1fc69d,
8fd325ab-cde4-45e5-b8c3-c91a6006b1f3,
8ffe186d-bed0-4496-bcf4-0879bfea7e5b,
901533a7-b24f-4f77-a381-772dcb2dcb18,
9075bc15-d523-47b4-aa3e-0a66d14a3135,19490970100303
90b6599f-297f-47de-8543-fa7c85b5c01f,
90b6b430-ff40-4aa7-8bc6-4e8a7c11a5a7,
9191aacd-fce8-4a72-a9d9-7af64eb6a8d3,
91a33270-99d9-46a2-9e5d-039dad6b1ee5,
925e7692-3993-4108-b8fa-9288c6ccd7e9,
92b271b8-c47c-48dd-a571-b9334bed6dd2,
934e883a-8fe6-4c9f-9d2b-3ac4315d6fea,
93a4dbe5-edfb-453a-b688-40ac3db4ff8a,
93a6937a-7ec3-4415-a698-2aae64a413b7,
93fdac7c-6596-45b8-8baa-465ff8a100ca,
96a53d64-6fc7-4f6b-b842-617b8952c763,
975d8502-68a9-4d4e-be7a-1853b206f9db,
97c049f1-0d27-46d4-afa5-572abe6e96de,
983f975b-df59-4c96-a959-e093cb4e6b70,13002540600013
9852dfe3-507d-4ae5-80d8-a6738fec512a,
98f61fd8-a505-48d1-9cd0-cf7a6c7e4a89,
99820056-5498-4015-a080-bbfa729daab9,
999f4854-2c9e-4fab-9309-a95d857ab727,12000601000074
9c08acf5-cc37-425c-9a95-bb94aa84baa3,13002195900015
9c14391e-e4bf-4868-8915-2b4f80f17ed1,
9c4fd8fc-50fa-4dfe-81a2-d964890d0d2e,
9cb75560-6206-4c69-86b8-dc520ce84bd4,
9d28051c-eb8a-43b9-9cdd-0ab5401106b9,
9dc6536b-7866-4275-9760-f4ff230c80ac,12002001101155
9e09dfe2-0b9a-4b22-8189-56840db76596,
9e0bbfc6-5112-4e32-a9e3-c4fe9910d4d8,
9e781505-3338-4579-b2f0-2c257979c18e,
9edad6de-22d3-4720-ac67-78a6acfa61bd,
9f00bb04-01ae-4b9c-a837-ecc975133a9f,
9fa35c5d-63be-464e-8c7b-ca643899d7fa,
9fbea05f-a586-4575-99fc-97069599f464,
9fd3c400-3d80-4727-89eb-69611e126c5a,
a076ce1e-c081-42ec-83c2-713c68ed8094,
a103b9ff-5eb2-460e-93f0-814c6523b0d8,
a135bba8-2e50-42fd-8843-dd65e65a99b9,
a14600fa-59ae-469a-89c4-c53e882b34ed,
a14b22a7-9d08-4543-a471-fafaffa781ab,
a17a64f5-3252-4ca4-bd28-63806b065f6b,
a33a9239-0fcb-4d8c-8c17-4f64ddc6c43c,
a392d2ad-7ec1-49bc-a319-7b67036dfaeb,
a3a08351-152d-4a58-b482-db7bcb14fc3a,
a44aaef5-1c59-4f27-8b61-27acfc894f47,
a4669d6a-09cb-4bae-8abd-7f53c2d79659,
a46b7d36-a06b-4647-b0d6-cd9679076c88,
a63ed19c-4f61-4baa-825a-32a51d8cd223,
a65b434b-326b-41c2-b5b1-3071327d49bd,
a73779bd-ae94-4c82-9982-7ea252af24c6,50163327500125
a7b0c684-91d6-401a-8d5d-d98ee4705da0,
a8712ce9-69e1-43bb-99fa-1d3f4c2d16bc,84043474000113
a8981f94-95f6-48f3-a614-9c73616a83c7,13001309700071
a9131a8d-d0a3-424d-8e57-aa560bee82bc,
a91a4353-2836-4843-b6da-2a4e5a596ed2,
a92e85e8-ffe4-47bb-aac0-e0239092d7d4,
a96e24d9-4a88-4329-a44e-1d499288073b,
a9d16e0f-f2ce-4f72-8658-5e17a5e889c3,
aaa2a0e4-e2d7-4cfc-85d7-47f229a83cde,41814936500029
aab4aef9-141a-41b1-97e9-439887322fa2,12000601000074
ab6b4a2c-6f9a-4b9c-a2a4-66ebeb5446da,
ab9aa135-288b-477b-9dca-96c49b4bc836,
ac20476f-d163-4614-add5-9530b6490fca,
ad685d77-cf9f-48ee-a99d-aa70b129b1f3,
ad8d26ed-c4e8-42bc-b1d6-037e48c5cec0,
ae5a2dd1-be5e-4fd7-943f-35c2deadb32e,
ae7d864e-7044-479d-8ec7-0aa53ecc04a5,
aef2d9c2-fc35-45a9-8de8-df7a51864c00,
b0ec815a-c1fc-4e47-959d-278d72428a2b,13002981200018
b128cdf9-1bf5-4294-9470-2041e8ecd1f6,78465619100045
b18e0d07-fdca-4b5e-8a84-8c62298f1cb7,
b1a5486b-674e-4fc8-aa00-2222beadde57,
b28523b7-f00e-4fd7-918d-360981c02c68,51749875400012
b357e500-8552-4dc4-904a-8d48ce7a4bf1,
b44c6d85-829b-4736-896b-030536a88c52,
b4bc5f72-e5b9-4a5e-adad-ef7f543f5c76,
b55c4e9d-4db8-47f4-a7de-d29bbc927487,
b6f8d2b4-15cf-4e82-b282-92a826852f3d,
b70868e6-90a3-4f4b-b05f-f077b88f5885,
b779272d-a023-49e3-913d-50e905f0cba7,
b7860cb8-bc01-4b0e-b6bb-56727c4f3d34,
c702064e-a087-45c5-b41a-3957a6eb1ed2,
b7aa06a1-a459-4437-8768-0a7221af2340,
b7f4e0de-ecdf-4427-8697-1682ebf25ff8,
b869253a-9f88-478b-9c8d-44d73bb29016,12000101100010
b879161d-e9fd-4475-a7ae-b0e603ec7718,
b9d59e92-7e60-43b7-b264-a5f200857188,
ba00b106-efe4-4500-92a0-adcc33aa8ef9,
ba9c96c8-355e-430a-ab43-cd69a5d4ce06,
bb78e1cb-b41f-4ecb-aca4-6f7e236d0629,
ddf385fa-678b-4270-bc22-d3301304d99a,
bbf11de8-74e3-44e2-ae47-cb4c26042948,
bd79b4a3-c9a8-489e-a3c8-ec6ee635aacb,34154193600033
be07297e-2958-4988-aabb-9b4411e1bcb2,
be10047d-a219-40e5-ab5c-49372d53f3e0,39267050100049
be671ddf-36af-48c2-8aff-24655fbf0898,
bebf0986-c5f0-4ccb-aa6c-24a32b359bca,
bef7a323-25a1-46c7-83c0-5a1afdd355bc,55208131766522
c03acd84-37db-4e3e-ab2d-7dd0ab4323d7,13002612300013
c0aff4c4-cc3b-4303-86c0-c89ae2139dfe,51817135000011
c1eb41ba-e383-4834-91fd-a09840e39a52,13002220500012
c1facb0c-7ddc-402b-8651-752ce73858db,48453741000025
c3479e47-81dc-47b3-849d-3a123a3fe00f,
c3aed907-3792-4925-9de9-e2ecdbc83df1,55208131766522
c3b6b5a2-54b4-4656-af96-4d2e62f4a019,15700019100013
c5aff728-6bd5-4812-9c31-13666361c2e1,
c5d4a83d-a3d4-46b0-800b-8259782ce39a,
c75c94fd-4d74-486c-96ab-b9d458d7d2d8,
c785df8d-66f5-4570-945a-8ad95295d3dc,
c7b68c9b-076b-4d9b-9abd-867257cc8d5a,
c82de010-ddc3-4d4a-8ce2-e6df2e04ef45,
c83c19a7-f9e4-45c2-8ce4-0da343bad222,
c869037b-84a9-4d63-a364-41c47299c48e,
c9516c18-e92c-4458-ae3f-0677405f7cc0,
c9b0eb91-00a5-465d-9dd6-7576ce6d7688,
c9ba8544-875b-4738-9202-7cb4b41041c5,12002001101155
cad97fc4-a28b-4994-8d71-d9d5231ffbe4,80284447200026
cadce1b7-f5f8-4a81-86df-3c903b3e540e,
cb215a4d-e75b-44c5-b9f8-47dc695b9b6f,
cc03b47d-754b-4266-964f-8540fa1453d9,
cc040160-987c-49a7-a04a-4485e316d32d,
cc5abe24-c06f-496a-ab3e-a1dd1d5b904f,
cddaa39a-407a-4fff-a1f5-edb73469029f,
cf912fe7-8974-4b97-b632-aad923e4f31a,
cff60525-565f-4357-947f-aaebfa48144c,
d012c24d-7053-44ad-8e0e-d3a6875d5952,13002009200016
d169aecb-ae43-45ca-911e-97eba3f3ee24,
d1a459b0-4f94-405c-b68a-50b34a8ae68d,
d1c9dde1-e4a4-4dd6-b0b2-4a953031fea8,
d27344b2-edf4-4835-b4a1-abd43e452386,16002307300010
d2d5b079-abd0-441a-8abc-cea5a569c15c,13000970700014
d2e705de-1b55-4e5b-a95d-5e314944edf6,
d3154629-2f61-4a34-90f6-3f55ac9c5d95,18000501900047
d34619e3-0ecd-4131-95f5-5b275646110f,
d3c8b823-f1c6-44dc-9ffd-63581eb81f9f,
d3e9e65f-5099-48a3-9582-5ce724a43570,
d4e56e49-7b09-4d06-b015-b162817fe69b,
d4fb8db2-9c59-4a6d-86c3-f26bcc0501d9,
d5a39d0e-1840-400c-8f13-3a770780d8fc,
d6a10c71-2576-4857-9d1e-eabb2d9a531f,
deb4a2ad-3dcf-4853-b061-7542d23f3554,
1491fb2f-70b9-4d40-81de-280a04d2de4e,13002470600017
d7150ab4-e94f-429d-9eda-c66a8fe6c93f,
d75bb388-c89d-4903-9e8b-11142eff38a3,90244559200014
d7e2f419-b93c-4e8a-938b-5897f8b1daa5,13002195900015
d7f05c68-5103-4bab-a8ab-cc1e35890c8e,
d846aeb3-7e5a-4b22-a823-3d745dde03fe,
d85e4489-bf20-469b-a41a-c74f4ada3af1,
d886e04e-b4ad-4f72-8a74-41969fc5fe31,19860856400375
d8db252b-0878-4563-afd9-c74c052d481b,85329362900020
d91f0427-141b-4bca-8a82-341671f4e34b,
d939e421-d92e-4cb5-9f07-24f173ff1022,83467365900027
d93f7574-3e41-45e7-bc60-4811853e42dd,
d98696fe-e62c-4810-b32c-52826f3c30df,
db429bef-eacf-4d71-950a-7a6d81f5c205,
db701521-2492-4b10-bc77-b0dc493f4a7d,44501915100031
dc06ced3-b1e6-4e46-9d90-26515a3566c0,
ddcc3aec-f35f-4a36-8352-2ec2c6598581,
df9353dc-507e-452c-bac1-d56c7e2ece94,
dfe39402-656b-496d-85a7-6abcd18792b9,
e0e8ae20-244b-4072-abbd-b7aa989b39fa,
e0fa4fbd-aebf-439b-b0f2-32fc270f1509,
e25c668a-1c47-40ac-870e-76c1b9686b8b,
e264411c-9519-4daa-b988-124199b05eef,
e4895382-ac60-42ef-921e-78a715d6c1eb,
e4de1885-edb6-4fb8-b339-91d2a66d077c,
e54a1a6b-2afe-4c99-9cec-35c9f5b3889d,
e563ffaf-432e-4b56-8989-58c4a0433f88,
e6f20f34-a7bc-4bdf-8464-8e9b42979894,83187861600018
e6f61ea8-93e8-4d52-a4fb-229284c7cbc5,
e77a678c-f58f-4d49-ab16-bbf77ab965fc,
e8bcf24c-0ac5-4aaa-bda0-76d87cb55cf3,
e8eca453-99e9-48ee-9a1e-11dc6911d5fe,
e9b6dcec-f4f3-4608-a6ef-b1d2833ae156,12000101100010
ea0b4951-44fc-4ee6-9511-666bd4f13c59,
ea36c3c7-8962-4fc9-a295-998b8ff16007,30499299300028
eb070702-5a2c-4bd6-9324-0125c967a3ec,
ebb94177-493c-4147-8284-9d4f9486c9d2,
ebc39a34-8ad2-46c8-864a-a96a859c1141,
ebe27d94-d634-428a-93c8-d1ac932b1bac,
ec2b7b60-d780-43c9-9e18-0225173cfca6,
ec8b0e2e-ca26-4f63-9bec-9c6a33fa9075,
ecceccff-cef2-4a16-a74d-1efe08750e3d,
ed0194bc-5105-4493-856d-4477fc20c5bb,
eda04eb7-5daa-400d-8677-e092895e2c6b,
edb404c3-afed-4745-b050-40795ad00dfb,
ee35572b-25e5-4ada-b303-eed6a8afcd06,
efe8f4c2-bab3-48be-9e4f-0c54b7d4b93b,
f0727c77-7c47-4799-a001-eeb5d64e79ef,19753471200017
f17eb89c-6d2e-41ce-bc20-5c158a52300c,12004305400010
f19302ac-95d0-4597-b1d0-74ef8f63990b,
f1f8a544-01df-4d99-867f-5302ffe21433,
2df60727-ba29-46e4-babe-bedfd538b586,13002651100019
f22a431a-1775-4bf4-a3d0-fe1e831d8157,
f36b758b-b89e-4bdc-bad6-ad5ef76c61f6,90991222200017
f37229fc-43ea-405a-9666-5979e20408f8,
f3b17245-6e67-4fec-9ecc-c0735178b200,
f3b207d5-621c-499e-8c28-c9cbf7e1a8fa,53339922600018
f3d019eb-100b-4124-abed-e05bde3f8d20,35232055000028
f3d44cfe-dd5b-4ec6-9c06-97c3eb5747c6,
f3f83f82-71bb-4606-ad88-a42022da4bbe,
f43cbfee-3a8b-409f-9e31-ff0222b2a994,11000709300039
f4d645a3-17b0-47fe-af5a-b289a1b934f1,
f581c65b-c380-472c-b8e2-18b3dca262db,
f5b7cb47-0207-4a01-acad-73e24af24744,39108309400022
f5dfe0ee-fb5d-4cf9-80e4-55fada197297,
f615b6dd-a1d1-4b93-9831-242b14d90ec7,
f642c5d7-756f-4b43-80e0-eeaefd0f7b9a,
f6951046-2f5c-4602-8bd7-17d722aba32b,
f6d38468-d59e-42c0-9d54-1f8e573c1250,
f7b4d2e3-c1a2-4480-99a3-b4b77407d147,34475776000048
f7ba959c-e825-42be-ac29-26eacca01db6,17751224100015
f8477e13-e70b-451e-8285-c8c771eb3389,
f853bbf1-44aa-41f4-b425-abf2b4aca36f,
f88f21c1-812d-481a-9f9f-83470d47a672,12000019500012
f8d40fed-7410-40ea-81d0-3095f6ede6b5,38883310500017
f98ac269-48eb-47c5-a8b0-f5eee9032038,
f9fe0512-d3eb-46c2-8701-8c856b3da007,
facdac87-4a85-4952-99f7-2876de681dab,
faddcc86-3708-4861-ae2a-3902588383ce,
faf02e11-5202-41ee-8c2e-9f0870143df9,
fbb1fa70-1ddf-444e-b248-cd23aa0bfdd1,
fc553c55-d95c-4259-a7b3-84f27a3e07f1,
675e7f2c-d43b-48b0-a0f2-7c115beb84d1,
fbeab3a5-9fce-4561-9560-3a308ed586f3,
fc0c04ba-ff00-4929-95c0-2deae123a1b6,13002535600010
fc20507a-d0d6-415f-bdb8-f4b7c7ff87a6,
fd5110d2-4ab8-4db8-98b7-6edbac9b487b,
fda3aaf8-e3cd-4712-a4ae-88c9bfdbfd3e,
fe7b6803-daea-4eee-80be-f4031a9b73af,39267050100049
ffb97111-deb7-4e73-8a9d-9581c1ddf1e4,
001b277c-5cf3-4dda-b0e3-3d5b4c48fc9b,
006a0e0c-2e3d-473b-8777-a9edc040dc9c,
00c5a774-2c6d-4c50-803d-0d9a43f13f0b,49929516000034
0154b468-0250-4a28-af1f-3d5d6cbd24ef,
01d6d9db-23f2-457e-b976-068e365540c7,
01f70755-29b9-4ac3-bda7-76caad8bbca9,
023730dd-54bf-4399-830d-30d5e4703e3a,
024a7a02-48e3-43e7-942e-510f6345ee7d,
03e7eeb1-d95e-4468-b709-20e346a66359,
044a1e02-2e9e-4e46-b929-73ae92118507,
04881f06-33b7-4281-8838-a486f47e93f1,
04a78381-6ea6-4c82-af1e-d643cddccf7e,
04eb6531-7bfc-4bdb-8049-37abe38109e8,
054a592f-2be7-4c65-a06f-32e1d08dacc5,13002195900015
05609309-ba9f-4150-97f6-02d6be94db7b,
0631d182-5666-4050-b194-3900591cc43d,
0697962a-4fb2-4717-89d8-3a9ad802a0b2,
0789b84f-49c1-4504-9e41-1b5929085021,41238252500019
1250f9b9-83c7-4d71-89eb-79deef9df57b,
08bdb516-5092-47ec-bd4f-4e464d9c5ef6,
09130410-4673-4208-a33f-5bc9a9a62eb4,
092d717d-426b-4d20-ab5e-f117362ff395,49512342400022
0969d6c7-52a7-46f4-8c10-616723b23658,
096eb463-1d36-4803-be32-3ac5a1d46023,
09a54515-5ce3-4afb-9144-4992719cd95e,
09d0f0f4-cfee-4f8e-b720-8a448fd08a13,80284447200026
0a4ea0c0-da97-4735-a8d6-391adf7560ba,92402819400018
0a5fdf1f-3411-4aa4-a61c-bd1301c71736,
0b49bbcc-e2b7-414c-8aad-644edd44da6e,
0c4e9858-c3cc-4c2e-a429-1977da671fe5,
0d1e4f5b-4157-4a09-b239-4374b5849fe4,
0d845b85-5baf-4cec-b3ee-fe4b89dcf604,
0e10899f-6866-4711-a9b9-45177beaa776,
0e622873-46db-4533-9d02-1788bc585ccc,
0f349806-a3de-421c-9f9b-6cabcf115b7d,
0f76c6a6-6c9a-44fc-a4aa-67a31f752f70,
10776310-2400-4ec8-a548-b28ef1ff0e9d,
11bad2c5-a26b-4869-9a45-f4eccafcb5de,
12af04ce-083a-4758-8675-28deaa800b29,
1362fe51-5b20-4704-a66f-f224c6152548,
1426bcd5-ad75-48e3-b500-c30eea93ac63,
145df280-c95f-4fda-a32a-3f8fd2b2011c,22570001200019
149fd56b-ff23-48ea-9b70-d2793e78a70b,
14e9868c-da17-4bf9-a1e1-63f2f001974b,
169e65e5-b8a2-4070-a884-6a66b6a0bcd5,
19c14d8d-efdd-411a-bcae-28782896d42c,
efd109ad-3114-444f-a1d3-380e106d5f46,13000496300026
1a714eff-fe39-4ce1-b7c8-f210698bdf07,18000501900047
1b0607c1-da10-479a-a0dd-e96174ff29db,
1bc03748-8a67-45b8-b632-a6319094eb00,
1c6ff0b0-68b3-465c-a6bd-513d1f0bd2b1,
1c84762a-2ad0-4ba2-9f10-b7f8208ea7cf,
1cac5007-bbe7-4dde-bd59-e6240190295e,
1d1f1040-96a7-4e6a-8f59-4e2674fdcb6d,
1d721713-a958-436d-b3e6-a61831ec1828,
1d79e480-4890-41c9-b7fb-31bafb8cba7d,
1db58637-20d6-43a6-a514-734659bb72e5,
1dbc6185-0eba-4ad6-9e02-901159d23475,
1e046a50-4ed3-4d1e-bbba-4e56ae552f9b,
1e2e4ce5-9511-41e5-b643-6a394872aa66,17750156600018
68445c0a-ff1e-4d33-acdc-79cb05face80,53333616000015
1f31271e-12c7-4c76-91e9-90559ac4878c,
219578ae-4914-43a5-a55a-a036536ef61e,
22238904-d972-4dea-b4bd-0a95b428c29f,
2251302d-e2ca-4fe2-9964-d0240d4b29a8,
2265257d-330a-44d3-b49a-5793d646d7a9,
2302cd41-f5bf-432d-8ae7-50283e007343,
231ec4d5-37c7-411d-8a8a-32411b121cd6,
23e100dd-f5ba-44be-ba85-af2a382e7626,
2416448d-b19e-42d4-9c96-531cbef5af25,55204944776279
24629250-5b01-48fb-9e96-73fcad4d2be1,
2464d05f-0c5a-499a-9cb1-801eee565b46,
25667544-3c97-44dc-947d-44cd1b1b0471,
25ccf1b9-b51c-420e-843f-f2577f6163ca,
25f2ce5e-a4de-4fe6-8464-ea29d91e77c1,
260b4146-5145-48ee-a542-11cfc2ef11a8,
26d80daf-dcfb-4785-99c2-159af78a8055,
2753cc90-cb34-4bc6-a422-ec24497abbbf,
275e2af2-5d16-4096-9a5c-4128fdc13faf,
27ca272f-f3b5-4ea1-85c8-6ab543015c6c,
27dfa681-4a2e-4af7-aa25-a52843528195,
27ed02f8-f8e7-4b7c-aade-c1c30f2ab712,
28b726a4-8561-48ab-a950-0fe51bdf8d4d,
28bf021a-b049-4fa6-98be-57093d0e0682,91998137300013
2900cf7d-67e9-4a40-89a0-7b79ddce4314,39267050100049
293438e2-0c01-493c-b4b0-6c360cdfcfa9,
2a6418cc-c3e7-4ba8-a795-e7d01cef6e68,12000601000074
2a77f121-f566-49b5-9f0f-0ef72b56b649,
2a9f4dac-d42d-4579-b111-7b150c40462c,
2b334f67-3799-4fb1-9ba1-2edb68dbcd9b,
2b9dff00-962b-4fe8-bae6-79f342634fe5,
2bbfed12-fe9e-4e64-9698-d3fc67e66279,
2c3b9851-27e5-4cff-9cea-0611a4ee7cc0,
2d0418fd-db3d-4e46-9f60-1af60fc67484,02628013100025
2d23ff43-1772-491b-aabe-075bbdb21950,39267050100049
2d93acc8-249a-4abc-b920-cbbe12ff9a16,
2dec27c0-27ad-4dd2-9e43-11b27abb4258,32092397200022
2e0c0b2f-1f48-4660-91e8-51b57f433f2a,
2e3894c9-daa8-452f-a864-ba1ab4c026aa,89040635800014
2f1a9e3d-95f6-40e7-9db6-86c2df6ebebb,
2f70b32c-8615-4071-9c9d-d4f58e613a61,
2f84d406-883d-4a00-8faa-411d07c4a2eb,
2fd43237-d740-451e-9f95-97fd32b11d46,
2fe7cebd-baa8-412b-8bd5-aa989d978ea9,
300f50e2-bda2-4658-a437-5464f84823c2,10200000700017
30179305-2a9e-4294-a87c-ad2185171674,
301c4fd8-90a1-409e-829f-08e0a7a28cc2,
309343c2-11e8-4a28-8f53-c267c22083c3,
30d87365-b159-442d-955c-7a92ac8650bb,
30f37181-7336-4f22-85b4-167ab80796cf,
31d58dfa-23a8-4089-b4e9-46929e3c549d,
31ea29a7-5fd0-43c5-af5a-c4aa6b524ede,48894497600023
324d5bd0-8dfd-4656-95d4-84000eccdf23,
336d267b-d394-4f19-81d7-c2ceda49e699,
33961d19-5eb5-430a-950d-eba9ad2be3f6,
33fcec7c-6136-42dc-92e3-9af34f25b8fb,
33fd901f-f97d-4c61-8b5d-7f4277a39cc8,
3416fae2-4d29-42dd-b1c4-3651df950961,
34adf72f-6c27-4e35-9f22-43aedad2e80b,
35c1cb32-cb3f-4a71-a201-ae3c664506e4,
360008bb-4e12-4aac-91bf-0c70164a0b1a,
36143925-feec-4ec9-a618-ac2bfe2036d9,31749636200029
3723bd6a-bd20-403f-bece-e6b3213caac7,25330606200022
915a2081-89d9-4277-8a4c-d2b84b11fbc4,
373257ba-30f0-47f9-bd0d-501f766f963b,
374ccb9a-9e51-4f93-93e2-c51cef2c12f3,
3811cfbd-214b-427b-9aa0-c364269bb35b,22050001100089
3960b69d-326e-485a-83c5-7f2ff7fbeb38,
3a135acb-3a13-4d63-bfd6-bf6fef3d5d8b,
3a251421-238b-44d5-a555-d4df9c20c203,
3aa93543-c43f-4169-a47f-dc27c10e1a21,
3b314bd1-9b0e-4c76-bc45-a768092b6790,
3bc3822a-932d-4785-8f32-13298586bab9,
3c17b657-05aa-4148-8a48-48558d56cbea,13002591900015
3d421deb-1f3b-4513-b280-bc8d18533ff6,
3db6fb4e-a5b1-400f-be5b-fa705b926e07,83909570000010
3e42ae94-3811-4eea-afcc-a00dc5c6fad1,12006603000038
05976133-209b-425d-b84d-5914c61e3ed3,
3fc39528-3285-4b9a-9041-dd31822c0074,48330569400042
4077123e-34d4-407d-8931-e0a0bfb1509a,
40cd996f-d3e9-4428-89ce-771afe63f3c7,39267050100049
40f2ec72-8ea2-4b43-aa41-3b2b81e13c2b,18006701900430
40facd07-f280-4a96-a79c-d19cfc048b83,
41240f11-e422-4b93-b5b8-61699edc7c98,12002001101155
41e71cdf-9c8e-46dc-a877-dc56a1739382,
4264e1b0-1225-47bc-948c-e8afcb13e3f0,
42d127f1-5e4d-43b1-985c-7f0b31df909e,
436a4685-24cb-4757-aa69-12a8e16d2479,19440100600011
4382f3d8-164a-4f47-87e9-1c04f8b97432,12004305400010
43c4daf5-1e7f-4b8f-9d34-8d2918db46a9,
43e46f9c-4d46-47cb-821f-abd866c97cdb,
44218bc1-6634-44f0-9465-fd83e0fd72f9,
4421a12f-e2fd-44fb-a600-db992837b4a7,
443e8e39-220f-4d69-ad54-3f393f746645,
44778fd1-d695-43eb-a247-2696f2cecabd,
45b1f81e-d312-4577-ab81-938a0a676cb4,
45bb5953-e173-480c-a585-d12f124f3dec,
46193ecb-7cbb-4c6c-a67b-0216e6a5eb10,
461fdd24-52ff-401f-ad31-1a25dc689631,
f094f723-50a8-4351-a68e-6aac5586357d,35064200500010
46a2b0ad-b63a-427c-9c3b-13b15500fbd5,
48e9e212-da3f-45a0-990d-eeb69775111b,82911793600015
4926c2b4-8ea7-4f3a-9f3a-cbbda255a725,
49be5ed4-ede4-46a5-af94-5b73f4acd09e,
49d44e96-c2ec-48a3-8b7b-f2b702376541,83291085500010
49f14616-9452-4b06-a0bb-3225d786807d,97829702600012
4a7c3492-1c35-4ad8-9972-c6e237946d36,
4aa63d01-ab01-49be-a8f8-a1b36487e776,
4ae32a9a-23c9-4ae1-8457-74e3aecd6fd4,
4b45ac96-6675-42e1-96ac-d00e47c02cd7,
4cb830dc-71f7-45a0-905f-bd29b9888c49,
4cb8f4a3-cf23-4e83-b5b3-94147f361abb,
895cd84a-ba2b-4483-8e8c-b17e684adba0,
4dc5ba13-835c-4f78-bb17-a9c9eb32763d,
4e2e0596-58cb-4891-b408-a2221cb9e735,
4f1db67c-99b3-4bf0-ab1e-80a562caae09,
51cdf3f8-4eaf-43cd-8e6e-f6df907bbed4,
53495d16-7d47-4c59-aed5-ad4377bf409e,
53594ffd-0311-4715-8cf0-45b49790d3ce,
543c36ae-a755-4f98-b15a-bcbe0cdcbaa6,
54a4280e-26fd-46db-97c5-f0362cc6998e,
56d281a3-f5e3-4826-bc57-570e86f5f27a,
5732cc4c-e1f5-44d2-aaf3-905a635e3365,
57984bad-b0ab-4d1b-83da-d7a6a0ad77fa,
581ab492-c4e2-4582-b1ec-d50f7f35069d,
583d3340-12a5-4226-91f3-caa432d1b135,
592d17ad-0191-4d12-ba57-e8ca62bf4e9b,
5a33fdf8-018f-445d-a74c-b817724aba0e,51747129800011
5aa66b2e-9bb6-4794-9044-dba66624a469,13002591900015
5b025791-5ca0-45f3-aee8-9db0635c245e,18000501900047
5b5f402d-d987-4f1c-ae20-b14d5d8e5c0b,87813968200016
5c82d456-3eeb-42f9-99de-9f0e835069ee,
5dc1adfe-15d9-41ed-9327-b421cfab6bd6,
5dcca7bf-cf7b-4d4e-8fc7-9a4ba4ab2602,
5e9984cc-71a7-4c87-8c25-7c6f58832288,
5e9f92ab-43ca-4d02-a8c7-d4d7faf7cc87,
5ebf34e6-2760-43c5-ba6c-cb0aa4aace18,
5f67a65f-3787-41c9-b810-0132300dcb75,
6009084c-6a6c-4309-bd9d-89ae98a1bd78,
6076646d-e0d1-46b5-bd4b-b938e0fd1bcc,
60849d10-23d4-4829-8d5d-481445d7a405,
6087c214-420e-461f-a955-ad7c8fe3ab03,
61e25a4a-f562-4982-9302-ef6bdb1df8c8,
62437be7-1580-44ac-b32a-aa2b4f07e94d,
628af548-7a4d-4eee-8bac-d43b063bb12d,
62d38b8f-cbce-4598-9e29-8fa4a253c2a7,
63c76f67-96f2-4dcb-821f-d485e99b9bfb,
645e43bb-392d-40fd-9933-aca61074ce6a,
64f6115c-66d3-487e-84db-30e6941b8563,
652e909f-cd40-49bf-8656-a03b2fa819c6,
6640fb65-2f23-4aac-a248-0eece7816a01,
66bdf221-c3f9-4355-94a0-bc05d6640886,
66c8161b-4485-4464-a1f8-f01bad9e408c,11000029600274
674bd232-3a31-4c22-891a-3696678798cf,
67fe0079-b9da-47d2-92d9-7154b0d4fe67,
68d3a627-ff69-4023-8a01-8dc187d93b3b,12004408600029
691226fb-19d9-42a2-86df-4c003f7b8e3d,79884360300019
6b1964e0-2a38-4cc4-bcb0-6ed55caf2a95,
6babba4e-e5dc-4db8-97c9-4acf2968f99f,91998137300013
6bbdb121-256b-404b-962d-e9b0b9eafb93,39267050100049
6bd1b71b-696d-4c26-a235-324402a54aa0,
6c24bb60-56d5-45ff-8f2b-cc90cd7f2118,
6c7218c7-aea9-4178-8d23-d9a07465cd99,
6e03b630-772b-4dc1-8bc0-f23424e97321,
6ec3e48d-a351-4e85-b94a-5daa996d0909,
6f72d781-6523-41b8-9957-668065bbf9bb,10725488000019
6fe0d6a1-08d3-42de-9201-553dceab6fd0,
9fb6878e-e8dc-415b-8f3c-0e8eeb5a867f,13001117400013
700ca10a-fd42-43e1-904c-5caeb19a21ad,39267050100049
704f0339-27d9-48e1-a4ee-499456ee4aff,
70579cfd-63ac-4032-aea3-a04f5635763e,
70747cb6-eb02-4776-8f19-1b30c22e3b4f,
70eb6230-3c4a-42c8-acb5-603b64df8146,
a0e20b5c-ec8d-4eb2-96d7-c50b921e448f,
70f3bd0b-46ab-4e31-9a8b-b0bdd9f4afd6,39267050100049
70f40835-66e8-4cb0-9e16-24de28423ae8,
717e9405-6c76-4401-aa52-b332bfd9b09f,
719e915a-b277-4af9-b8bc-0c54456a2587,
71c62ec3-85f2-4089-afa6-5179d14082c3,
71f1e4c2-cc42-45bc-bfd6-60c1533aa92c,
72569d98-5b45-477c-ba48-ba88e88be503,
738d85d4-9e4f-41f3-9b8f-cb63b6ba9f9d,
73cba268-fec6-470c-8f80-acf929569abc,44338132200025
740adcc2-67fe-4415-a9ce-ee2659f620ab,
74271d5f-953b-4ef3-94a8-d81d64c74161,
743f2510-592b-4f66-9cec-85bda00228a9,
74fcb689-d220-4d2d-a19d-4f046e82f3f5,
75fec278-4697-4698-97d2-99de7c91e742,
761c8ef2-9c2d-4a43-acd1-fcc3b46de201,
7665eb46-11bd-442f-84b6-c99cb1247048,
77dff1f4-dc4c-4f56-989a-2676d6ddba26,
77e86866-b406-4bc6-8503-b6718b24cd47,
78a5bbcc-f87f-43ac-9647-14f62cc3d480,
79585f94-e217-485a-a512-62dbc237ebcf,
79bc7876-78c5-44dd-a135-65f97a42acf1,
7a453d97-a70f-4564-b8bf-89987f487647,
7a6df5cd-0793-46d6-8815-d8f90ed58bef,
a972274b-c79e-44ba-9d2c-934b0c769383,
aa77957f-5e95-464c-80f6-89cb0722ae71,
7a7f6fb9-7ca1-46ba-8823-783fd65e2c16,
7af17a09-f8e5-4920-a11e-3ef53a67306b,13000207400149
7b58b913-0a94-48c8-b74e-9669a7a62d2f,
7b93b410-a1f8-4c82-b52f-bad68c7fe3c3,
7bb46361-9624-4bef-a28b-12b2e249186b,90244559200014
7be88ec6-78a9-4a7a-84e2-844b12bc3e25,
7cc0d593-ab90-4651-a952-1b3e5cc75b2d,
7cc5eaba-afc5-44df-bc57-38efd6703112,
7ce6d044-245d-4ebb-9df7-67bfa15811e2,52020629300018
7ced1151-0731-48be-b0bd-88bb5a55c518,
7cfb1199-de0f-4e0c-9b85-ecb92b2357f2,
7d6d97d6-df61-457a-85d7-1f8f4df44f41,
7d912c76-663b-481c-8f6a-36a18813c314,33202372000086
7dc664f5-7bde-4237-a5f7-5e61d272eb6c,
7e618dac-1e71-4e99-8476-3180bdca9075,
7ea15265-4c6d-4e0d-a912-25514f1fe204,35360379800045
7ef60b5d-8466-4793-a8e1-ba11e0424094,19681166500013
7fe3098b-599f-46d3-829d-1a88bc9d1087,
80b6fd3b-1131-4dfd-8ab5-732a0426fd74,40432617500027
80e80bcb-59bf-4db2-962a-28f48b67d8f1,
80f6d27e-8eee-4a34-9482-40931a62c33c,
812a3db1-cf15-4c63-a964-0dc853a1a70a,
81d5b0e4-1905-4840-9db6-3715b069cf00,15700018300010
81e5a574-b321-4fab-9421-06c42e287c45,13000552300019
83f4c04e-91e0-4c4c-8530-943817106e72,
87021f31-e0bc-488b-8dba-e41ecf8e3430,
873969f3-8dd9-4449-b346-f589190e12db,
873b53e5-4523-4620-8f4b-d54687bed70b,
873d6bf8-d55d-48cc-94c5-7121fee3f575,
8744086d-5b53-4809-89ee-0e31cdaefa7c,
87533ae4-0cc8-482f-974f-6be3a7aed346,
87926baa-f630-4d4b-b63a-67170f2ed372,17993520000016
87c394d0-c023-41fe-a1e2-2841b7cefa0f,12001505200018
88201384-858d-45de-a719-6853f72f1805,
88bc58d6-58a2-41a8-80a2-895d6247a736,39267050100049
88d3d54b-7fcb-4a96-9e46-86efe13aebd4,
88ff6b0c-38d0-450d-a8fe-9bc316136df1,
89e45a76-16fb-47e8-8c49-62a947455165,
89ed23fd-5ee2-45be-90fe-4cd2143e91d2,89900914600015
8a23ead9-c095-4d0e-bb73-cf036169b9a4,
8aa11a8f-a670-46e6-a24a-eb3465a519cc,
8b1a7b00-ee73-458b-96c5-3464f90227a8,
8c29b51c-63ef-4c5f-bbb0-7d4ea52230b3,
8c476cfb-3070-446b-9eba-deb07edfeaef,
8d989415-d3e8-493d-adef-dbeb212ee811,
8dbbd52f-f261-4fba-89ad-78161dc1e349,
8dee10e3-7c15-4fd9-ad63-21d5d91c1882,
8eecced1-145e-475e-97b5-b565893f470d,
8f0df690-9f34-4b53-82c6-9f112393d20e,42336061900013
8fe9f1eb-a17f-4a0d-bcca-747edc219973,
90350467-91e6-4a83-a759-2fe6b7edd2fa,
9044113f-7e1c-4d43-bcba-f3483f2e2dbe,13001202400183
90e2e43e-015c-4260-be06-530820d5b898,
90f666c2-312a-4194-b8ab-ef44fa27ca3e,
9100015f-96fd-4ed7-8dd2-e859a1159648,
9106e309-afe2-4a1f-a9f6-77c06c1af83f,
91625723-27ab-4362-bc81-df2b84e8f3e0,
91921f46-7b30-49d7-8dad-d34f41172d53,
91b250b3-d2ec-4308-a5fc-8bb3f487094c,
91b3d696-9876-437f-bac5-98c1628b657c,
9556b6b9-06ae-4648-8c3e-2ee55b333db0,
91ebcc1f-8797-4fd6-8a9f-f8f0e4924cda,
91f9899d-ef8e-47e7-8ce3-5f466dfeba92,
920aaf37-7792-4c6f-b0b6-37ffc45c55c2,33141808700010
92355a6d-e945-4c69-908e-8c83838147d5,
92e07fbd-10d7-44bf-be61-d99f6521e872,
931d4113-179f-42db-8bdd-60980289f11a,35177112600023
932c7f11-69a2-4f7f-bca8-40673f9dd0a0,
932da84f-7bed-49e3-9991-55f9a26de720,12002001101155
93cfee61-cf2b-4463-8956-060fb8917979,
93d4d5de-ac4d-4c3a-a5d3-521f244d3164,13001293300011
93d73741-b126-4672-b8ee-3932cca5d88a,33818372600029
948e978f-c849-4602-883a-78fb1c1b8b43,79786897300018
970edb1d-4b4e-4e57-be27-1a18e725d82e,
97eba6c7-3e8d-4d9d-af81-672fa9d19a2a,
982955cf-a0a7-44f1-956d-6205f6a65ef7,
98c491d2-8d28-496b-821d-3838b378c31f,
9994fc94-f0dc-4f8c-abb3-5dbaf1adf337,
9a02f1dd-5ab1-4d13-bb87-d002d5d06381,
9a2735ba-2ac6-4fc6-b080-765d3eb4a57c,
9ac173d2-833a-4798-99f0-e0fd5b56e932,
9ac3cffc-085e-437f-9960-75136c00c9d3,
9af36c38-444b-48e6-8dae-de3020d19cca,
9c0f586e-9b81-4b83-9f82-9288b6b222f1,69204158500583
9d6f56dc-7a46-49c3-a850-0158b2deb2a1,02406785200012
9d773554-71ff-4ded-ad5b-6aafe1540ac8,
9d793569-da08-4c74-b558-d5492ff56b33,
9da75717-7a15-47b1-add2-79974292a7f0,
9dcdfedd-f07d-4846-a013-2028974b39eb,
9e775ff4-c31c-4f5a-a261-c963207fd11d,
9f56c461-6d29-4e5e-8641-7f15080b7784,
a049c0d4-195f-4909-8f18-010ac1a225c4,
a07a51d7-71cf-4b21-9c0d-05190d2d7995,
d4b5f618-7dcd-49d7-a0e7-c77c8a4cdfb0,13002484700019
a0ecbac7-3992-4346-8c98-d5e88e1ce7aa,
a130c148-1a8e-4380-916a-33a513c5969f,
a13979f8-5ef6-42e1-b490-f32954f93a1a,
a28dd434-aeb9-4ea6-9fad-b515b1493844,
a39cbd9a-ec11-46e8-a91a-079b8cee87a4,13001018400013
a4129090-45cf-477c-b40d-aad7f50c8ddd,94800893300012
a422e6c5-7972-423b-8711-0d3878a36025,
a45faf4e-e4f7-4d05-a608-87193fbd957b,
a49e5b76-238e-4445-a5b7-9c50bab9c867,19870669900321
a5c28f62-fa0f-4f22-8271-cbbaa252d597,
a63b26a3-c6af-46d8-86f9-8703af9c9313,
a699f836-3912-4d27-b19f-c862521096e6,
a7235a6f-4338-4966-a603-849a6169b780,
a73feefe-5762-4c42-a81d-3d8a06536c96,12000601000074
a75eeda7-252a-42ff-91bf-a778428db72b,
a7739ed7-00d5-4e61-a63f-2f768c535ea7,
a840df8c-53f9-487d-8c69-95dcabbaaca9,
eb30b315-34f5-4f64-a46c-fbbe84e79bb7,
a8dc22af-b829-4753-96eb-b6cd3bb7adee,
a8eb3c92-9a2a-4d5e-9157-595f60d7f68a,
a9a5ee54-3b3b-4624-84eb-b8aa1f7b4ba7,12001403000015
a9bbe72e-b2a4-4507-a99d-05fc5a8d42fd,
aa23c623-42b6-491e-bd81-165cb8d8899e,
aaaed255-46de-4881-b027-a3d69d55c9eb,
ab294954-28f1-4eb7-8ef6-1a524a5a8ff9,
ac6b5f4b-42a0-4c76-a6e0-21ff5fa5659b,
ac8ffe6d-4714-472d-b94f-8a36379c4a67,
acf6c3ea-9fa7-4a5c-907a-3fbb2bec09ae,49365281200030
ad0bc81e-00b0-4906-a193-cf45e92438af,
ada13e9a-41bf-4ff7-9554-0d7569ae4066,
adbe5d2d-d2b4-4b1e-b575-13abff9e732e,
adc8ac78-ff3f-4110-bfad-3f49b446d755,
aff1d176-165b-4465-9eba-63bdea9af402,
b0270577-df19-45fe-ad52-92ec8fe1f705,
b03dc886-fd8e-41ff-bb82-38491c9fc823,
b0b51f1e-c674-42f3-8693-b3aa79e96cdb,
b0cf9e33-5f62-4c7b-a09d-bc596462e92b,
b115a85a-5762-4d48-9161-22ba477bfab0,
b128b03d-19eb-4db9-9744-580f90f91060,94363003800017
b215bdd3-298c-4342-af76-c43f7dd408b9,
b3145432-bd97-486d-b988-e19fc5d0970d,
b34a97a6-5862-4fb4-9700-9e6e8e7f4b22,
b364416a-25c8-4889-9437-a62b56f8cad8,
b36e63f1-ec1a-4c39-a67f-429e4a0a2d3d,
b3e602cd-cfdb-4b66-95b9-590f15ccf960,
b4391055-84d7-4754-928f-1a70a6011bd4,
b4b0efc5-8517-4420-a3dd-81fd8a30176b,
b4f61723-64da-4323-bae9-299ceb844340,
b5c97031-25a9-4049-9f72-3e5c8b537093,
b6099ee6-41cb-447a-ae1d-38b023f0a09c,
b7fadf53-d1fb-442a-a4e8-5fcccb9d16f1,
b85b0809-f41d-4b9c-a4b8-52fda3a2aa06,
b8cbb94b-961b-4ffa-96c4-4e5dcf06144f,
b8fad4c6-b17f-49bb-84b8-6e477eb28293,44013152200029
b955f10b-af02-4a7a-b882-e0dfed8c706f,
ba0f1b32-2119-4b58-aced-ec78d7b054f4,
ba13b3b4-4b7e-4148-8b7e-88619eadca88,
ba423bec-358c-4843-b33f-4c802ace3784,
ba4bd4da-1fc1-4fad-8cc7-a375ed138032,
bb3c911b-4522-4213-9657-382727b3a36a,13002482100014
bbd568ba-5239-400e-8d6b-697adf8ef8cc,
bcc86f62-37fd-4221-a753-d47db450ce8e,
bd9bfce7-ae0a-4c86-a066-9c207b4670fe,
be361dc8-426f-41e4-8944-d959151a8ba0,
be5f7cf1-2584-400e-b2d7-b2aa894d6132,
c4912c07-e0ea-4859-ae6a-1ce3b89b7230,
be6bbd60-ce67-434f-aebf-d617dc25aefb,
be86add2-2e80-4c26-9157-3dc113c4babf,
bf8b492b-9562-48cc-b559-f0c61c151bbe,
c0455f51-02ae-49b7-90ef-c99169aeba9d,
c09908cf-150d-4ed4-8386-0f37898ede5f,
c1646d5a-271d-4cee-8c85-797e20f46c4f,
c1e790ce-33dc-4b6a-baff-bcbb5e8968f2,
c1ff2e6b-7b44-4c15-802b-c4e3749ac3c7,40280975000159
c21bd7a9-4a60-4008-8755-20c767400554,
f22ec979-d5f9-4802-af76-df7d04278c84,19940608300014
c2a5398f-cf86-43c6-9652-f87c3c36c764,91998137300013
c32bd4d0-ea62-4496-9a3d-8a6461d6054c,53139642200010
c3cb4efe-1c85-4853-b5bd-972f3cf08424,
c3f6973d-a104-4f2e-9001-845643135c73,
c4143762-4212-4baf-8115-a399aacf9b2b,12000101100010
c420886b-bd2e-4299-ae78-c7cdde7f348b,
c503cc81-0e33-4db1-bf9b-6d14ff45e593,
c534dc38-fd32-4a1c-9f8b-bb238446e877,
c54a07f7-522e-43db-93fc-0fa567298981,
c55c0a59-b6c6-4747-8df3-2c712f8f89e7,
d1ea52e0-e247-448b-ba88-96ea75f0693b,
c5b8a478-7223-479a-b4f8-386fdf8036f4,
c6cb5aaa-b4b1-4688-99ac-c05d7a8b9507,
c6df97ba-4ce2-41d0-b96b-6c3dd6db897b,
c78fc18d-7c4c-4ad7-a05c-be0aa21e9f3e,34738539500012
c86353ec-10b7-4137-aefe-3562d84eb9e6,31786543400086
c8abcb3d-99ee-4773-85ed-936ac3f69d3f,
c9445249-fcf1-4aa9-94ea-b154c07981d2,
c959848b-e976-445a-9370-b2744729b961,79469604700024
c9b68f7f-a8b5-4b9e-8cc5-fe1c1345d2ad,
c9dde13f-a44c-480f-af2a-4e5c6869bd48,
c9e238c5-cd67-4825-87ad-e613f784232e,39267050100049
cb52f109-bd48-4f15-8a57-ca79865f32a9,94316762700018
cbec2b1f-9438-4abf-aa08-d7f5f1b964e5,
ccde8831-5321-4cdf-bd0f-bd885dbbf0a5,
ce296104-6c12-4cfa-9dd0-ef8d8b601ab3,
cebdf928-e819-4cfb-b8e6-c5ae0b9b0387,
cf2f8846-7a97-47e0-8cad-628e62345197,
cf96fa2f-6050-4ed3-bf37-3b19f522c9af,
cfaaf302-3b03-40a3-934d-68a722cacfed,
d013610a-93f0-4020-b798-dfe48c8d3599,
d0df1d93-e2e3-4a2a-88c2-f0c9c626bbf4,34978603800076
d131085a-e375-4431-9586-0054713310c4,
ffc9c178-5688-441a-968f-ff59ebe91a61,20000843100021
d1c0af5a-8a11-4eef-89d5-8902b505c92e,
d1c6ad46-9e0b-415a-be1b-250ab326d241,
d202ee04-b59f-4179-9cdb-724b0b5be236,
d2a190a5-932e-4d2a-98cb-400bebcaab9d,
d2fcb0de-1e47-4ca8-b2c5-f1006f0c5fef,
d357bbae-6dc5-4ede-95d2-60af1fee934d,
d3cf2fb9-77e4-4d15-8af1-4accfa8ab09a,
d468ba1f-6801-407b-98c1-41a928f070da,
d4d349a2-fe44-4f77-9c5e-ef05a2978b87,
d4f547a0-7c13-4918-9c13-37f0c80991fd,
d5211947-ec76-412e-8d41-48582703b7ff,
d5f5d7de-3a9c-4f82-8a2e-b69800191627,
d66336fa-5f55-4b7f-b42d-70746b9f6edd,
d773d7eb-d639-4755-af41-c5d30f451497,
d774d34c-3072-40b5-b8e9-cd9654aaea76,
d78c89d2-a179-49d3-8386-b8c67981f3f7,
d897d5f3-4f47-40b0-8ca5-cf70ba62c916,38231808700030
d8992d1d-1f84-4f72-bb37-7cd93389d4bf,
d933384e-a322-42d6-947f-329c9f9cc20d,
d97d41c1-4bd9-4e09-a430-130a25e62f3b,
d9c92c06-f933-4327-9295-633b56e07055,
daaada1f-6e6a-48d0-9ef8-1355a90f4dbe,
dcb8fd0e-174d-49cb-82b8-f6c1d813c219,90418139300011
ddc3955c-0107-4f09-b476-1b759eb02440,
ddd70309-960d-4f66-bed0-73d3d7120ca3,
de38f943-c199-4ab1-94d0-dc7a2b924736,
def4e2ab-3a50-4038-b3e3-eb6d968fb025,
df84cccf-ce7d-4d3a-8334-c5cdb51cd547,39267050100049
dfd64faf-390f-4732-be1b-6438b6fea3cd,
dfe49f7c-ee31-4613-bea6-f5a4e7b6be2a,
dff349f2-c08b-4d2d-8271-787d0ac6b622,18873700100043
e117f49f-6e55-4fb7-94d1-a770d4f2f034,
e1699b01-708b-40ee-864a-54e7183be7fe,13000495500014
e1ba2773-a6fd-4eb4-9ce7-cd5adc224986,
e1f880ef-fbad-47fc-b266-ba7e7c725513,
e2f48d3e-323c-4734-926c-11a605195516,
e3356a8f-8de2-46ec-95a0-b4f254022c60,
e3359d92-a2c1-4fc2-a604-7e36b37a36ab,
e3bf5509-4c8a-434a-92b1-32972926730e,
e41f3490-12e2-4b02-a03d-b20062c13a86,
e48525d4-36d4-47fc-b913-8e630dba22d5,
e48f4f48-d312-4d2a-a6f1-44e92ca12db5,
e5925360-3f32-4da9-b1f6-8c36c89cafb4,39267050100049
e59f0f81-7004-42d3-b376-d7a2d5ccbd41,
e64b996c-cdda-4a9f-812f-510a4f31bef8,
e6e4bc83-74e4-4283-8280-53419113e1cf,18003502402369
e71351d9-8942-4c18-a3fd-8b930c865b9d,
e71c4e6a-238d-4480-8bb2-9b7651ed6632,
e7331b38-fd91-41e1-b48c-4c8a723dbeb1,
e7841b7b-8d4d-4971-82c1-97100225030a,
e7ca1eed-ed66-4c31-b378-2cee985399a5,
e7e4ead9-f98e-4f40-a73f-7dc8acae9ba1,
e7f02539-94c1-4ac0-b185-1caff75d2a01,77566432900015
e8fd7964-13a8-44b3-a6c9-531ffc3bdc74,13001641300135
e8ffec29-0cbe-4a5f-8922-552c133a74ae,
e90d5af9-44ee-435b-ae3e-d4c5d6557eef,
ea1a2b3a-9d2a-426e-962c-50d22d643cf3,
eab956c6-0f76-439c-abc2-26deb896aa86,
eb392533-4e3e-4425-872f-e0746b9ec13f,
eb5f5de0-1a9b-4502-9cdc-1a2baec8df48,
eb71103c-cf76-45c4-acee-f85cd51cb5cf,
eb87d261-f431-49f6-bfb9-5b86c2b8b3e6,
ec5a657f-bfa2-4947-ae7e-a526e00ae9be,
ec6d9b3f-80ac-4df3-9c8d-967141cfd0b4,
ecd1cc64-cad8-4484-851f-98ac010e082d,49222539600026
ed39280d-7a2d-4e2a-8451-b734c66a2d3b,
ed4a31f5-9989-4df9-9362-88a895e7f9b1,
ed81ad15-632f-4b87-842f-62cc8078b116,
edfec247-3472-4aa3-8db7-37f07ff8f953,
f19f0bd2-e847-4fc8-b714-0dca94b00932,
f1a00f9f-ca67-4a06-8b8d-5e35402c8a96,
f1b8c0cf-05e7-41f4-a055-af8656d505ec,
f22504c9-664e-4389-a699-9bb0b16ae8a8,
f2762ec0-4887-4b8c-9e5a-a9435aa9e9e6,
f28b39a5-4978-4cd7-821c-92bc60a7e1fd,
f2b99f2b-18c2-42ba-9069-77cc6fc679a0,
f3027cc4-e9e8-4915-a343-529b3e2d0f42,
f40079b0-4a5d-4535-a132-2878a4caa38f,
f4061fbc-3f66-44f2-9b24-2e36a1d5c7d5,
f4d79dd4-7bea-4bd2-8437-16e0d6489375,
f693b390-44df-4129-97af-961bcdd4afea,
f6e7b776-d86f-44a5-b338-f00935a07c6d,
f7053470-8298-4cc3-b403-71bb6d7df0b7,
f78c775d-f4bf-4ede-9bf9-e7135334c522,
f78db5e4-96a8-4ffd-aaa0-4b66a5181598,
f7cb8137-23c1-4c7a-ac40-d8b67cc56e8a,39453211300021
f85a0081-f9e3-425d-89bb-e2e743905cd0,44851671600017
f8979884-1560-4a7f-a803-049c0f401c82,
f8bdba36-acc6-44d3-9012-d0c26cdc6081,
f9a1a548-1597-4013-bdad-64bf76df206c,83827491800013
fa85a3b9-2585-47bc-84df-2ba49d751983,
fa9a9df5-cda3-4eb8-be77-971972524e3d,
fad6f834-0a5f-45a9-bd69-62d529e73250,
fae2a507-7a99-4af4-bd37-902e656b5462,
fb7c82ef-1d08-4b19-94f1-4fc80012cbdc,
fb7f728c-28dc-4ff2-8b28-d7c5adaed22f,
fd4a91d4-5379-4985-967f-4e629a114e53,
fd4eb9ab-6405-47cb-b186-94725424e3fe,13002333600014
fdde3f9e-fd2d-4e02-ae72-bc7bc6624b87,
fe97fa93-72a7-421e-ba38-fe4c87c8d57a,
fec50988-6c94-4c46-828d-5d3e93f288f5,
feff27d9-a8ce-4ef6-b36e-a30cc2f87f32,17760661300012
ff9736da-93ed-42ba-a74c-331c348c7a39,
ffa0bedf-9593-4ed1-a13e-69958307fd81,
011b305a-8915-4374-88e4-37f2b4ea7497,12004408600029
013b3b2d-9856-4a43-80c3-e385bd319871,
01cc92e0-bbe9-4014-aeb6-80017da38562,
01ead398-9544-4f68-874c-2c0a7076b9c4,
03fc6f19-82ea-480c-8582-4d72410514c9,
0409fd94-de27-4895-8c78-4dfa029a2283,
04fff1d6-41e6-4865-b8b8-43e8566967ba,
05005da9-e01c-48f6-925c-c34b6d25030a,18008904700013
050f6c29-3c3e-4d96-88a0-f91ed818da3e,
05e95101-a261-4a3e-9e02-64a8f9bc07ef,
05edfd71-76e7-4fe0-8d83-81028bee1f40,
06147663-f784-4954-bd90-b8ad1b910841,
06164802-0858-42c2-9427-71496820c659,
061cfd0b-711a-4eeb-8908-4b803579a77d,
062c0311-efc5-48c8-9d28-58bac49e86c7,
06a0119e-96fd-401f-bfca-b3b2ec82aba1,
06a4d455-c156-4881-b934-a48e09c2e625,
06b672a9-b1c0-44c7-bc7d-e174e87bfe77,
07b6a132-4cf6-4b67-a60c-437a6249e42e,89247897500014
08044aab-f10e-49b7-8064-abc864f4f6d0,
083b4ebc-9a05-40c4-b4c9-673941309d04,
0840e9bf-06d5-4e2b-8d84-a58c5068432f,91450281000015
08777a83-b947-4fef-bc3c-8935254b26c0,
089f1795-9148-4a72-a94c-a64f883cb7f3,
092b8b43-7991-47b5-931b-d795290120a2,
0956f875-ea17-466c-b9bc-e269a699195b,12001402200020
0982ed2e-f3c3-48f8-aaa3-0b0f5ff172e2,
099d458b-9024-4859-a497-d14049ab17ad,
0a1ba5bc-698f-4ea1-9545-36c838554e25,
0a1c4d5a-803c-45a3-8103-5e34ac17b609,12002001101155
0a87f1ea-62f3-4ace-9382-066284782536,
0aab95c2-8340-4786-a6b5-bf5b72478f66,
0b3c191e-5243-4dbb-8fdd-4a8e073e768c,
0baaf656-1bda-4792-b8d4-eda0eed9f7df,
0c9686f8-6847-470b-89f0-42c48821be6a,
0d5f6027-3899-432f-a6a1-74f519a665e4,
0dad778a-cedf-43a7-b455-57a9ded12478,83827491800013
0dbb4e84-454b-4487-8e2b-447758d89151,13000322100012
0e36a90d-eec0-4fc7-b0c2-6d37cd60b0cb,42280894900065
0e73ca25-ae50-4aef-a6ac-40740a05d458,
0eb0b140-634f-4bef-a26f-c8dd2cf4c08b,
0ece9ce4-b5f1-4066-b57f-c5b5875fa282,13000376700022
d0180220-d1a7-4d30-811e-5a9b1b33a7ce,
1028ef60-f965-45fd-9e7d-87407fefaa01,
10b716bf-7ca4-4bda-ab3a-371aa35bfc12,
11744e9c-2554-430e-8069-d37baec37cf0,88501199900012
11b80d75-9c51-479e-b647-98f996838e6d,
126d0324-4a56-407d-b404-26d26227567f,
12719836-63f0-4379-83de-eba21b353cfe,
12909a80-897f-4f4d-b255-c7e0998da008,
13f78281-082d-4691-8764-d342cf18efac,53048013600015
41318128-6432-46e2-9ffa-926c26ffadcd,
14003a74-e02d-4a1a-a96e-3b647a8ad8dc,
149fa8bb-1351-44d5-b5ba-7e7aba69e33d,90109567900022
154829f2-4ded-4dea-a50f-50a7c29e7469,
15d0f93a-032c-4a90-9bd9-bfedd9fd9c62,
161bcb13-5403-4bc1-aca7-d0ab31356162,
16a6ab65-c689-45e4-837f-afe51a351001,
16b86640-e14a-4997-bea0-1951b56ef676,13002979600013
171806a8-669b-4abf-9df9-d88171a9af2e,13000725500016
178f86bb-8735-40a3-9acc-ba982a5c17fe,
17d5792e-e26a-4252-96d3-6ddc111c7f28,
18100f71-bdbb-40a0-886d-80dc1214b489,
181c701f-cea3-4a47-8b40-231b42683c00,
18259de0-370d-4538-bb27-ad07de3b2d7e,
1841887b-c02e-4e9b-a23d-ba136f25aa90,16002205900010
186552d0-63aa-4e30-8ae0-65d9882c20db,44756500300020
187ffcd0-66f8-48cc-ac71-04013bb2d965,
18e00394-21f3-4d8d-accf-7ce1b4762005,80783962600015
18f8ae26-88db-46a8-9f5b-5b4d78353a5c,
1a8e1bcb-7693-47d1-8bf0-6e2db12f0813,
1b67c419-1b68-4046-a1b7-2d899c15d5b7,
1c90313b-06b8-4e12-8405-3e28d570782b,78441340300014
1cdc7fac-fb94-4d37-b2f6-ce69a2ef6934,
1d43d178-3141-41f3-9d04-1e07a8b5e313,
1ddb28ea-2463-474c-90f1-6bc261f6a059,
1f48c437-35f2-4fac-b081-aaf8cdc01e08,55208131766522
1fb2dc69-b828-4b0d-8f9c-a34e9aaee0bb,
20f62718-6625-48a4-8db1-2f0f79c49ca1,
214c45f0-25e1-4c2b-8360-a4edf6f2a4a0,34978603800076
222ad687-9af5-49b9-9bce-e93a387191e1,
22c6bff5-10e8-482f-b451-a1b64ea45f16,
2440191c-2c37-4173-a591-40df347f9957,
24b0f41f-eadb-4ae8-9ace-4489dad4ff37,
24b8fc8a-0f86-4eea-86e8-b262cfb9ae7b,
24c6bead-4c87-40cf-b655-98cf73938255,
2504ca80-2b78-4596-98fd-0829569b892a,
259d7de2-af21-4033-95bf-c7a0b6d919de,
25a85807-1cc3-4f4e-a29f-faf146d8b503,
265274a0-de99-4ecd-8360-97e5b6f47aac,
26c07c94-6b4d-40df-9191-97929304051b,
272cb74a-8a7e-4edf-b693-b41e194f9045,
28275379-226a-402c-bbd3-1342ec61a633,11000029600274
29850699-539b-4bd2-8571-ea0ca937d99a,
29aaa992-cb19-4bf9-918f-b8101146b9f2,
2af4bcce-ee4e-4a15-ac57-fca31c5000d1,
2b24a0ed-997c-457d-a459-d8c05e8b358d,
422c5be0-6dae-4fae-9303-2554112f228b,
2ba06ad9-802d-4608-9e90-f904a6aa60a5,
2ba30c55-05e4-43c8-8f89-4701dcc1a131,84938793100025
2bd33f23-9681-43c4-aa1f-1719e9cf0574,
2c3426be-365d-4f7f-aa39-11830c30558a,
2c44e117-5b9a-4e3b-a491-91ed548382f8,
2ca58864-a707-4288-8a5f-63e221a56d3c,
2da88189-8590-4c07-b4b0-aeb968920654,13002992900010
2e42aeec-7101-4ba7-a01e-15fa6a922840,
2ea5342c-d6cc-4003-85dc-df32f9df37ad,
2ef30019-a281-4365-bf08-5c51b2f21b9a,
2faf79f6-9495-486b-b291-b34de844fc74,
3023e115-dab9-4d78-8e4d-808990c0a0b1,
307f7964-ac60-4a0b-bd5b-10b960cca888,
31ffd47b-c992-447e-98e1-51d149fa3b9a,51323985500036
32077cc6-1875-4f9f-bebd-c57ca1b68189,
32173bde-c8b8-46ec-be1d-ad8a37ea6591,12000101100010
327f5966-b35a-48d9-b51c-0efbd67a15d5,33499373000012
32afe0cc-9647-453d-b09b-cbf8ef730349,
338b867b-06e3-4f8a-8a71-581cc9c6657c,41833459500018
3413cd4e-f9d5-400e-ba25-5bbacedfb0e5,
34efcf1a-2b3f-4ea4-bee0-0863a4c91051,92398007200014
3593fbc5-8ec2-48a9-a122-17012859263f,
35a85fd4-0dbc-4e54-a553-572fc17d3c4d,18000501900047
35bf7317-2348-4456-ab91-a85f8ab268fb,
362979e3-5138-4a04-a3f9-51b26d69ee85,47768129000029
364f5dc6-82be-4630-bab2-9fdd653848b4,
36a7b294-f64b-45b1-9044-7bb9b27ad569,43927551200028
36dc8cc4-7f8e-4929-a143-3b8a22f18689,
36f903e8-56b7-4519-8d77-6fa22bb91257,
37094390-5c26-43e4-a16b-60d4b8b4087c,
3709b913-8fda-45c7-bce3-cfc83761cc82,
37505b97-7e88-4491-af6c-91de226f8e4d,
379d7cea-07d0-4e06-8003-74f3492f920b,49413430700011
38278f8b-570d-47d4-8ce4-8d5072c68756,
38d80de6-6cfb-4302-bb6e-9eb291718cbb,12000012000010
3a0d447d-69f9-43be-93f2-dc7b9f27b483,
3a1c5790-dcb8-4b3d-a466-d276eb726074,53044078300013
3a8fdb09-9707-4285-89a1-e26e9dfb20a7,
3b363f25-581a-4284-9d8f-1d6ce9c1cc42,
3b53e3a5-01a4-4aac-b9ff-b628019fe38d,
3b87443c-a8d5-4fec-a9d8-9f763ec17bd3,
3c53f4db-e93c-4d3e-a238-bcfd27c1a829,
3c96cc4e-f84f-458b-8adf-1c97628692ff,41833459500018
3d6eab8b-b8d9-4470-a1a4-c826d2f09f23,
3e86aae3-e99b-4916-99ed-f49096b28789,
3eb5336c-0299-43f8-aaae-560c567cfe13,
40da7f2b-7576-44b0-826e-db47e9a992a5,
4b7b6b3f-6374-49e7-8b26-ea06f88696c8,
4101867e-9cc9-416f-8c90-8e3fcaaf2244,
41ecc185-5953-484a-bfd3-0670ec3e7c31,
428226ed-bedd-4de4-b682-a6dfdecb9d40,
429d4e85-0fdc-44de-ae49-f2110259fa02,
43af0c4b-4c3d-457a-9e4e-724b5a43e6d6,
441b6c2f-f7c1-494e-863a-22bf0b39e37d,
447efc4e-eb3b-4774-b638-e064ffe3bbcd,
44aa1d87-b9bc-43a6-9723-9299421e7fdb,
45cc05b0-0b7c-4b8e-95ea-397ed804f649,
45d47f75-caf2-4dc3-bb61-ce0e25e905bc,
46237c79-f855-4732-b984-9707e9f1c4ae,
46451642-f97c-4011-aba3-39df5fb865c3,
46e8f03f-dedb-4e15-8863-76290c08a2d1,
46ed1d58-160c-4edc-8f89-ba8dea93d68a,
475a6254-d05b-4964-a77f-d5a0c968a6de,
475cfc5b-fd05-4eb6-a4db-03d51108cbb2,
4780c48b-bcad-473e-8ac4-83e5a42777d3,
47a968b1-8dc3-4c51-a18c-2a13f757a16f,
47a9e3ef-f397-4a7b-8bcc-5a66cf74e359,
48beb521-4e50-463a-80b0-d1262eecd2de,83827491800013
48d35de5-a2cc-4aa7-823c-150733c1ab71,
494b7ce0-30f1-4fe0-b18a-83ae2bc99bff,
49b878c3-543e-453d-bf1d-60c0056120b4,
4a6f6e54-5166-49c9-9503-4dd5da20cae6,13001476400018
4afb0324-0c3a-4766-81f6-a609de62d0d1,
4b77e8cf-4bce-4e72-a802-399f0d126214,42882285202140
4bb20f0c-97b4-481a-a7af-80bde4f898cd,
4bfe750c-149f-49cc-a2e9-18602bb2f4cd,12000101100010
4c782bf0-699e-43fb-814c-2710189188cf,
4c86c33a-fe2c-4798-8774-b23468831068,87943518800021
4cbdb2c6-51f1-4f26-92e7-db0131a3fa83,
4d00c07f-4950-4afa-8caf-14bb9ad383c5,13002502600019
4d022508-db66-427c-ba14-6606f324c793,18006003002117
4d70098b-8c85-4674-9925-07f80185313e,
4f91e49b-ccbc-4ed4-9570-b998f1065a17,
4fd000a4-529b-48db-86a1-ca4e0a5f58e0,
4fd69129-1ff5-4292-b6ad-9e3149b86e2b,
4ffcd768-74b4-44fb-b999-424b3f997ef7,94026783400015
51608808-c301-4c1f-9133-88648ed8511a,12002001101155
51a0c21b-45fe-4f96-bebe-888ff91a5e16,
51eee30e-9bdb-4116-bb35-877d80aa6ba0,
5288e7b3-c4ca-44dc-bf33-9ac14c166003,
528f0b12-85ec-42b0-b723-ebe8ff3e808b,
5304790f-9e0b-416f-b008-ddd1c4c734fd,
565c0ca6-4b8c-4e39-8b49-66f31cb226b9,
566bb41e-88a4-41e9-82e6-a96783a506ac,
56eb9701-0d22-4d54-82b4-c39101a77f77,
570b3c07-a263-478b-adfb-a06344335f02,
5762677d-cb8a-4056-9d49-4fa796c4a14f,12002001101155
57c753c1-b88b-4e32-b893-7312ee0f048e,
58888a2d-3da8-4f95-90fb-84dfba8fa96d,
59bbd5b7-ea4c-47ce-ade6-3f6cf4ffc065,
5a0e3444-25c2-46d9-a4f7-b45329d16d7d,
5b684acd-0856-4c4f-ac6a-d59feb02d20e,
5c18161e-734c-4542-81c2-7d4db3c4a5aa,
5d33765b-b8c3-4cb9-aef8-8ff399ed40c9,88501199900012
5d42b01b-a2e3-4e10-86da-9c42f06f4ec8,
5da1cb8b-5b05-4cbd-aecf-b4cf1af3ef90,
c3a2a57e-fff9-4a14-b264-8d47186137c0,
5dd2cb23-ea03-4e8a-a3ce-c055edd3d32c,
5eaab06c-eca1-4e87-b820-6d83c54c46a7,
5efda8d8-84cd-4eb1-8241-bb2129fec3c0,39951629300012
5f04919e-04e5-4ced-91ba-b6a7f29a3b4a,
5f27eca0-52f9-4ea4-ba64-a9fe04c0068d,
5f4af98d-819d-4237-9261-0fe6fe3a45aa,
5f4efc37-ca57-451a-8c21-03c6e10e51d6,
5fd6d571-d05d-462a-b1f1-11fb6d1804e6,
6028440f-7357-441c-bd5e-ca77056381a7,
a8142970-c180-405d-95d3-864fdc80f0c7,98033788500019
608ee765-88f5-4045-9704-9f0f6df14cd3,
616316c9-d0ad-4d44-b30e-ed37db893e30,39267050100049
616786c6-d4b5-4003-be48-4c1c4c263997,
7488051b-a6ae-40cf-91e6-5d870490e198,
63a431a8-33ce-4d18-a205-346ee615f02d,
57544ce5-877d-4d80-a624-a6d247bf3f08,
5792cd6e-ad16-4179-8cdb-12a18f18c25d,
f02e7cde-88f0-45f7-abef-f263ff7ac97e,
8db59f94-20d3-4d9a-826a-accf0b4b482b,
8df3ee3a-3db4-4bda-9780-89d958c74321,80892318900019
a93c33e2-5e05-4ced-9a0e-b73462ffcdae,
3ea41998-9fec-4c60-911e-7d1f775cb356,
3f0851da-28c7-404f-91ec-0f61da58b953,
724c7c0a-0402-4477-ad32-b6643bb2bc20,
6ce0a39f-65e0-41df-b2ce-b6946a62d47f,18050301300013
6d9f8a2d-b177-445e-af0e-73e5fb22df87,
6da3c8e5-6799-4668-9281-f20818869de3,
6df92479-ac77-4917-a288-2464aae65503,
6e4f1ad9-f546-464b-aa9e-d86fbf336731,
6f156355-f3b5-4972-b8e6-7844a30b2f31,
6f882611-9b7a-420b-bec9-0b274e6a3464,
6fd3904e-ca60-4d1d-a853-692224fe39cf,
725a74df-bd12-4059-a430-6d65b22f308a,33825323022013
727bef26-5e88-4506-befc-68d58ff0d9fe,
7316d7d5-cc05-4c4c-996a-b9e0a4e72269,
735dd5f1-ebb1-4e9f-8077-034da0999daa,
738ca5da-60a6-4fe9-864c-9c2d74b492be,
7396923f-0db8-4e55-b8f4-f449b8f91386,
73d4df17-bc20-4682-a6a9-febb1810001c,
75343a5b-897c-4ef0-a1de-4b9a15890809,
75540caa-96ec-43b0-8b4c-f199dddd8fcd,
76687bc8-d01f-491b-8e72-8be3651be6a9,
76cc62a1-a7e8-47d6-b117-70f20398ff2b,
7745b211-3f88-48b3-b951-bc32ffb22c10,12000003900012
7770778d-0c87-4922-983c-7944f5398abe,
784128ed-e670-4b45-90f6-6891332892ef,93759633600035
8e8573ed-ceb4-43ee-aaa1-76a42df86425,41833459500018
7863a789-fe15-4971-a7bc-788527018ca6,
794f1d2b-2f6d-4bdc-a0bb-343b0391e2f2,
798cfcb6-3fba-43ad-9fdc-099da31122fa,
79eaafbf-21d1-4884-a713-6f938ae9386a,
79f178be-cbfa-46df-8293-1c8e7656e66f,
7a0bab0d-cf8d-48da-91d4-fbb1291aba9b,
7a403a52-0a32-4cf9-9697-18736223d47e,
7ac8baa5-7b5e-4dd3-b37a-60a3544eb746,98033788500019
7ad41844-4e99-43f8-80e9-f87cd7351ca1,
7ae07d7e-05ac-46b6-a8f8-4fc08c848e76,48077179900099
7afaf5ba-e77c-4d87-9e8c-c454b25ac90a,
7b47d69a-2ec5-489f-a3e8-3a33838714ef,
7b6a1480-b2b9-4f2e-852d-38926c54266d,
7c87aa71-1b59-469e-9c8e-9f7afa6e14c6,
7cd81799-8c7b-4454-be38-11c031cf122a,
7ce086f0-2329-40d8-95ab-d29a87e8d571,12000101100010
7db32e97-7552-49be-a025-d6bf17772e32,
7ddb040a-84aa-4579-afcd-eac818bafdce,
7e18f40b-75cb-48c8-8583-c5e20322c75f,
7e865251-b9ee-4657-8f82-526f54e07118,
7e8afbba-4ac7-48d1-9747-f6ab5ce9f669,
7e983ada-c4ac-4d95-a45c-0a05b5c6a470,13002539800012
7e99d3c0-d130-442d-999b-fe7fce19c810,
7ee9bc37-00c3-4f28-bcd1-4be744db15f6,
7f1156f7-9e23-4d8b-a359-003de1a4f2d6,
7fd1e255-ed00-4bb0-a52f-b5110b398163,
7ff21f0e-dfc4-4746-b838-ed6deed5f81b,
a635fe0f-20e1-4e05-9fca-f944da5d7c91,
8109a936-c6eb-4bb2-a72f-71a6ec8d2d0c,
8137ee5f-6775-4574-9e16-6a6aa9afeb82,
81eeea9e-388c-45a5-8981-6d42e785721b,
822beba3-eec0-41aa-9263-cf90a090beff,
823b489a-704b-42e6-b7e7-831b0793ec16,
828f68ea-2849-4122-b277-b1842f8c30cf,
829c086c-5d04-46ac-a083-a7e20264627c,
83400618-891a-41d3-9dc9-943ffd0f9ef7,
836ca565-4a95-4b53-82cc-a3ccb5d587eb,99490016500014
944db297-93aa-4bd9-a070-3c8db8919a4a,
8396d388-7ccc-4b24-90e1-ab986b5dbd80,
83a7dc92-ea2b-4e05-8e25-142c5b3a7025,
83b82f74-4428-4abb-bcb9-d46c08a0cbe6,
83db784c-8ed7-4892-89c3-d2261af5e8d6,
841aa993-a4a5-4a44-9ddd-cbdead757859,
845a442b-8405-4a0c-8be8-d578cb735fc2,
84918599-4b32-473d-b457-5de43257f72f,
8496d1a9-9ef1-4dcc-b8bd-4bf5e2e50862,
853aa2f5-c6ff-4e92-a1db-147a463b4be2,
854ef3ab-b77b-46e3-b97e-dfa4104a0418,
8667b44e-4ea4-4a24-8cd8-5400141556fe,
86d36188-b928-44d2-a5c7-cbefe1dd0d73,
8748419a-aa65-48c5-a0db-4c20737c2f40,
87b2ed39-0fc3-4113-8f70-040102cce92b,
8842f147-94f9-4999-bc55-6dd66df44b10,
8976b8aa-e4ae-401b-b80a-852ca7446c7a,
8d1f8605-5e02-4ec5-a98f-9c9d0290d7a1,
8d4f48bb-dfbd-4293-b013-a5cd07160331,
8e164055-f5bd-4afe-bf8b-5acb4a6c4472,
8e5609aa-906a-496b-a8d7-31bec5dd5175,
8efedaa0-47be-4129-83d7-7a7e76feff3b,
9012ff91-b598-44a7-b3aa-5f5fd06e828a,
917328ad-dc43-4ccd-9b93-da21b720b907,12002001101155
91e916c0-23fc-414f-9cc0-ba953fd3d04c,
9bc8e9aa-a982-49cb-881c-3ce92c7ad46f,
927e059b-c4a2-450b-b485-6eab702658db,
92d2d770-5d1a-4aa6-83c6-bce362ae80ef,
92e07fc2-de4a-4dc3-b723-7db4de2061c1,
93286c36-0dcf-4f98-b4f0-5a519eb863e4,
96021ca1-ad5b-428b-95ae-a89a4a246d07,88384601600037
975dd6bd-1ab5-4f78-ba01-d1d83f333fcf,
990a2c00-3b8b-43f1-8772-8170516799c4,
995d256d-7cc5-48d8-93a3-5cd37d0b2ab1,
15305fec-8f64-46ce-9f86-e09ac02653a2,
99ac8ba4-dc93-49b7-88ce-f3ad29cf239f,
9a0b23d5-a12e-4f4a-8c63-8f7544f75a72,
9a8f9ad0-dce3-4fc6-94d3-ce8080064259,
9a94e118-5449-4559-bd1d-7f2469b6ff68,
9b85d991-86b9-410f-bb8b-23f2c69b02cb,
9b8f689e-6e6f-4fa8-9463-b3ef85907851,
9b9cb9f0-14d8-4271-995b-45703487c5a7,13001018400013
9bc4fc68-38b2-43a6-b12e-b7ef23f11a95,
9c153792-bbab-418d-a3b2-9961a3b71466,
9ca3101b-ec5f-4bae-98f8-6bc3fd135677,16000001400011
9ca7ebac-242f-4bc7-8ccb-10ef8b2f5cce,
9cfd4d75-e693-48d6-a2c1-8a37b9a1b042,
9d1250e0-c5fc-4a6d-ab87-4561d7d7eec6,
9d147c59-9f4c-4f25-bc58-e0e7b713027a,
9dca23ef-8c92-40a5-9466-76230f0bddbf,
9e2352a4-67ac-4a06-b0b7-62a5751f3d8e,
9f5cfb0b-e468-4190-82ee-59072c6b6047,34978603800076
a0422fcc-d8d8-455f-804d-042f2c98ecd4,
a166b8cf-0d5d-48f8-935c-c8519bce07f4,13000495500014
a212ba2d-7cba-4d53-b76e-b0262bad7fe3,
a2cf0f33-c022-4f39-a9ba-8b74b6aa8b29,39267050100049
a30c0d8e-deb3-4a44-85d9-ace7a18eac56,
a3a677e4-1d6f-412d-acab-dd7c4da96836,
a44fc73b-5caa-4264-9bd2-070fd3dc4f87,
a458403c-ce7d-4b7f-a565-c4e74a5cbee3,
a46b0204-21ae-43ba-bb33-9e0802cf06d5,
a4f03cb2-18b8-4d08-b066-8fa1e7db0cfd,
a56abe1f-9461-4473-9133-e4422e4ce420,15700010000204
ea3bbea1-450f-412f-91c2-9568b30d1dc2,
a57c603e-14e5-4d00-9972-d6c20bb51ac3,52347093800011
a593dad8-e617-4794-802e-a6e1facdef2e,
a5eaefb8-0a66-40e7-b738-a8ddc13b6380,
a5f81ef3-9ba7-4845-8420-20ced12103b4,55208131766522
a60030a9-2cc6-4be4-82f4-ea8f05e63c52,
a6085e47-f1fe-4678-981b-3eb44f96e665,77724139900016
a6652947-efe2-468b-8459-9883ddde27eb,39267050100049
a75c681c-dc49-40c9-bc8e-79b6102d0883,
a7951b39-53c3-4210-9322-89aab8d5a7b5,13003118000016
a8400e54-1156-47f1-ac60-d682a2333015,
a8654c53-c584-49d9-9cf1-17976ceba53b,39267050100049
a873ebe7-b89c-43dd-8c14-7317534a196a,91421167700010
a93c175e-7651-4ea9-8078-224c3a21deb2,
a9411ffe-7bc4-49ae-b7ac-d5b07e1e6cb5,44013152200029
aa03ce0c-8018-412c-a8a7-a0fbf8a6730f,
ab513de2-89c5-4448-8fe0-81c2d73a6d76,
08750966-6b6c-4ce1-8277-573d5fabc293,
ab85fdb9-5dfb-4793-aea8-ec2d40a63440,
ac3f8009-b925-4500-a4fc-dfbb378f5dea,
ac75eee8-9638-47b2-a53f-1d54704bb370,
aca4d507-e3a5-44fd-a079-70cf16e004ff,
ad31e5f2-16a0-413f-88ab-12fde98fe1e4,
ad655d15-122d-444a-9806-a628f1bfbfe4,
ad8449b6-43b8-42db-abb2-5f74589af7ad,
adabe531-ed5a-4560-9fcc-b59a3b72370b,
ae6a3fff-84bb-45b8-a4c8-b9db4c5fdd10,52242388800018
ae73b7f6-1106-4a17-bdc3-a0e772430fff,
aebb5ff8-b7de-425e-bb5c-b1271c41d8b6,
b1a88e9c-64b3-49b6-b8fd-feaaca8907fe,
b1b77f00-7c57-4865-9c78-e68ba533ce3d,
b2cb93ce-c723-45da-85b4-935dadffa125,
b2d318b4-d740-4436-9ce0-347de51746c6,
b3021629-c082-4b9a-8ae4-a8a7f2fcb9a8,
b4f5a833-0dd2-49a7-af8a-933791550712,
b327c640-15b2-4a28-b72e-24e0b61d2a00,
b3ff7ac3-72f0-4ad6-aa33-88ddc366e067,
b42eceaa-300e-409a-aab6-389c8fe0faf5,
b4df1da3-2d27-41c0-aeb3-4efb3301b851,13000509300013
b508a3fe-b9ea-446f-b360-9a3602d5261f,
b53874b7-5766-4a52-8343-462895e67fe1,
b5840bbc-5277-4252-8756-8a7b4d79aec1,
b5c36f19-7c20-4d52-b311-26332f40ce2d,39267050100049
b6351e56-d9b2-483c-a6bb-51af4b5765ab,
b671dddb-4ce7-4d9b-b508-066241997aa1,
b7c424b9-5989-4b01-bcc6-c3a4cfb404be,
b7dfc86b-c80f-4aca-957a-b5deb09d754a,
b8b0a2e7-03ad-400b-8d00-2924c9ccdb18,
b8d0803d-884e-4772-94b1-6baf3640143f,
b9781f89-c91b-40e5-bead-c311edfc181b,
b9c2e2ee-f527-4fe9-8cd3-1f5da686124f,
ba4de502-9cdd-43b9-ad94-3859c899c073,
bad10396-dfb6-44e9-ae83-3c3be9752574,
bb3fffc6-d02d-4623-9172-eb43375b1450,
bb7d1d9a-45b6-4dcb-9830-db72026f1740,
bc28a445-0404-49cb-ae30-8834c40b0259,
bcbb897d-14b2-4ab3-9972-dd6fe3b558f7,
bd1c6eed-173e-4f02-a54e-624e312356a8,
bdc74bab-083b-4cee-bc50-c1b14e7860ea,90339463300015
bdc8730c-2b9c-43c8-9ec8-ef6b0a04f479,
be41baf0-eaf7-4177-adc1-aa0e6e979f07,
be770766-4b55-4921-b9d7-b5002b24db03,
beb14558-9ed8-4d84-9c4a-112a13e1d525,
bf123bf4-1db6-430d-b0f3-7b37c23b4286,12002001101155
c0840897-a4fc-4e0a-b5ca-06768107354f,
c0efce82-128e-4ea4-abbc-5fd82c119a0d,
c1107077-5cd0-4cb8-b0b2-32a3f428c25e,
c122956d-8ef8-482f-9082-ae6dfc073cae,18790006300012
c151b4a2-c04d-4b8e-8513-2e97aca9cf28,
c1774655-3731-4425-b783-b14cc08da000,90991222200017
c1eee818-161d-4f15-9fba-d7255d6658c8,
c24ecf47-0e22-49f1-b223-7ed7b7a525d3,
c29ad063-f9d7-4b5f-9548-17172b7ce68c,
c2a3c0a7-ca0d-436a-9734-8394ff9edbcd,
c3d07995-f2c0-4260-aad8-c0cdb308168c,
c42b415e-70ce-42e2-b3d5-7e71a25d6fd3,
c49b2e8e-af2a-4a13-9ca2-5b7e417c0fe7,
c5bbb363-7525-432d-8b40-8f285e8b1b77,
c651139a-09fc-4bae-a89e-8d63df2a2bb9,
c6725cec-40f4-40a1-b9c3-1846b74479ba,
c67e8476-4a97-4357-8dea-fba50e36d5bf,
c67f5f17-e1d6-4461-87e6-6e7259e38239,
c6dd65ad-aefc-47b1-8530-43eb6f55b364,
c7523799-aa7a-4ef2-b963-9ad00ce4b7dc,
c775386b-54fc-4f3e-9460-2af4d432657c,
c7b02fa5-fa79-4d78-83e6-824b4a981e50,12002001101155
c7c20f89-f02e-411f-91ed-ae7ab0e67422,21350051500019
c8010b6c-f37b-4ec1-88a0-1d4fbd16149c,
c84b22e0-47d2-4674-a9a1-0b8691a156f7,
c8643b25-a532-42e2-867c-a53b9bd322d7,
c8b39403-6e3c-44f4-ae5f-615a44ba9e7e,
c9446daf-fd86-4e6a-b999-457f34e516b2,
c9cf1f6f-1f38-42dc-a9db-5f6c5e9d544e,
cac3bcd2-edf6-4589-b605-a999e89dcb16,
cae4b060-0403-4d43-884f-58711475b11e,
cae70b58-c3b9-4522-bc90-ca72bfb845d7,
cbbc8607-de0f-4281-b27a-08853575cd2b,80899346300013
cc285364-ef7d-4558-ba13-1df3a187366d,
cc4564ab-8ce3-4d83-9e26-bf4fbc0e14d3,
cc721afb-1a0b-4949-8c96-10d11cf305df,38012986648625
cc85f134-a227-487e-8c5d-44b9dc7ec10c,
cc9b0f42-49e6-42b9-88c1-9271d939a94f,
cca56a17-d7db-4e37-b8e4-8d16ca83d77a,
ccac5f0b-13cd-4341-b8fd-25415b9fee12,
ccfafc4b-9c81-419c-aef0-a3ff9ab45b5b,
cd59fe21-2518-4f83-ada2-e109fa8e25b1,42882285202140
cd8f76ad-f9e3-4b7a-9895-c410ea51b6c5,
cdf2cdbc-07ef-4af6-bd04-8e0c334d6c79,
cdf5ea0c-847a-4623-92c7-005de3927d5e,13002506700013
ce09e7b8-06eb-4edd-b596-2a11195f9943,13002195900015
ce7eeb7a-7b84-4a11-93ea-8af8c6d68434,
cf34ab11-8afc-4f35-ae9f-9d74eb3962e5,
cf509536-69ca-4b40-8ab0-e87644f4f87b,
cf5cdba5-dc41-4817-bf0f-2789c775778a,
cfc05089-9091-45df-ac93-a32d3fa4f16f,
d0c834e7-e9ff-498e-909d-66003c78050e,
d168b08d-9df3-46e5-b72d-d8c08dd0170f,
d35d8eef-fd61-4efd-bee2-8c45f170420a,
d379da43-c659-466d-85eb-344fdc4565a0,
d3d20a25-0712-4800-a8cb-338ac0691add,
d42c508f-89c4-4868-9c3d-7ed75da1a35f,
e06dfc63-d329-4d1d-b95c-58d62a556499,
d465a7aa-699d-468e-bad9-9419b28aba75,
d556aac4-0ce7-4905-a6ff-89989cd481fd,
d56e6a98-1e72-41f4-a742-526e41448413,
d69e8892-e98a-45bb-849b-b68961f93b9b,
1a8fd83e-4b3f-4914-a84e-f5520b762aa3,
d6bef6fa-5183-4e05-b580-b3509e3b59a6,
d6eda968-8909-4154-a088-1a8627005d6d,
d6f47ad5-ac3a-4f2c-a86d-22d9bf653111,
d753e6eb-da47-4424-b35d-8dc2292ab269,
d77756bc-6c8d-4a4f-8a1d-5fefe11a6729,12000101100010
d78818fb-e1e3-4c4b-9a05-8a26872c9b4f,32500211100012
d83e567c-4b61-4cd4-81a3-b8b504cd844a,
d8c332c4-68a7-4c2e-bab6-0cd53d6e1a4e,
d91da7dc-3a23-4142-817c-13101591e756,
d98d8181-2b03-4a26-986c-9bebead0c0f4,
d9ab3ee1-ca92-40dd-a112-5cf02695bc6d,
db18d1d4-404b-4a14-be42-d4c42fd28fb2,
db37608b-cd24-48f8-8284-9805a159d7d1,17993350200017
db72a129-ff26-4810-8917-b5e93df2941a,
db7bd62c-27dd-4406-9f3f-61c9332ca985,
dbd2bbf4-4e52-4ca9-a3c5-dff93f85caa6,
dcc8ef55-de7b-4f92-acfd-fb1c684c6192,
dd1c4811-60cf-430e-b9fe-86db2232337b,92932729400013
dd39c4b6-69ad-4616-9a0c-7e6996337755,
dd66e3fd-7777-43f5-accc-961e363a0d7a,
dd8d9eb6-4f82-4030-b916-75acaf17f1b0,
de25c452-c23f-4abf-9ae5-51d2393c7cd2,13000207400149
deae9024-b811-42f4-817c-bb9553cbd809,
df9b153f-a1c0-40ea-9f99-87b2f8804b16,
dfaf49cb-2b97-4183-bbbc-a9bf311a8305,
dfd716d6-9ed1-427d-841e-fc81c019dea8,
e004fb8a-fca1-4e06-84f8-ad7e6d390e99,
e166377e-4c43-4c85-88f2-867e1ed15a7b,19624401600016
e1877a85-f988-490d-988d-1f040c01fa43,
e1d15c68-0eeb-419f-9651-b78911648bb8,
e1d91ea1-d985-4ff3-82cc-7b78d4a1a087,
e218996a-3cc0-4966-8dcc-cc7be9479650,
e227f7b3-2326-4230-bb1e-c6d495392d34,
e27cd284-3bf9-41ad-ba7d-c464fca9456c,
e364611c-235b-4f4e-8353-a37c71030feb,
e50fee75-2d1e-42a3-9d31-09c2e348c380,83935964300013
e468b239-22fb-4ea5-89be-30a5888ec0dd,
e47cecee-a5f0-4b38-b7b7-2b37845acf82,
e4c028ed-cf11-491d-a6d1-112f9229537e,12001505200018
e6486ddf-60f3-4d12-819f-39e284b95cdb,
e6f73b7d-bd57-4eba-a245-e5d086ac70e8,
e734be55-1d5b-4063-986a-ce7b94fdd637,
e77b4c46-b2c5-432a-a3b1-80ed9c61f871,
e7bf8658-0f34-4794-ba96-95815b1af96b,
e86f02bf-24c4-42d6-871e-b94692cf6343,
e8744d5a-6560-4568-8355-917c19ee178c,
e8c52b19-6a4c-4c7a-98fc-299d1d0af0ee,
e9c8eb29-2fdc-4f00-93c7-828544dff70f,
e9e2a548-884c-4352-bef2-144f04b18bdb,
ea2a6ef1-cb5b-44eb-aa2d-6828f1966f3b,93468216200011
ea499a0f-190e-439a-be57-fde9c007e1a1,
ea62dad2-d6c6-4a50-aa9e-27ca50f5cc0e,83831043100013
eac281a8-3046-4fc3-b71c-efc4c2315e49,91053896600011
ec8f2575-3542-463e-9834-5f7b4cd0fd39,
ed7cf178-79da-49a7-a110-c556e938e3c4,
ee489c33-3e06-4d09-91b7-394adf4e6fef,
ee86e708-b7f7-4afd-9e32-5c49ff96d4e9,
ef35b6f8-ec48-4dff-b1c4-d302aedf265e,
effc19b3-6ac1-4e24-8ca5-71f6051d2876,13001998700010
effdf078-7f02-4ec5-9f04-9addca2be617,
f1c181ea-f84a-42b6-ba19-d81f7b591043,
f2baf4bf-5187-4fd7-887d-37ddde24c3ef,
f2d3451d-4549-494b-89a8-1a84919a30b9,39267050100049
f345bb98-234a-4c6c-a189-697f3d36fa76,90244559200014
f57139ff-67d2-48b2-83bd-85f59546a870,
f57de061-2a85-445a-8bd4-ac30b3c6252d,
f60bcd84-e5df-480e-950a-738e929a0cdc,
f6a3afc5-76e1-4717-bdaa-859b5e26c12c,
f7488931-ac17-40fc-aa08-d43fdabec278,91998137300013
f7d5ec70-11f2-4c88-a565-c3bfe88fd598,39267050100049
f89508b3-08d0-46d7-9d3e-e19674fc9360,41089422400063
f9dba5c2-8202-4d53-9104-a4ee5e365c0c,
f9dd6cf2-734d-4f9b-95b7-ec1567a2a53c,
f9de65ef-05ac-4442-8f90-961af1667280,
fa026e15-b7a8-476c-8a07-8af2fa114c6a,12000602800019
fa7def36-7f23-4fd3-bf7e-ebedd5899e3d,
fa894cf3-4e68-4d5a-9e58-e0417a0daf86,
fac37724-1616-49a4-bcb4-90614f57ce3a,
fafee42b-faf9-4148-9569-f2f8359f1caa,83790346700012
fbbc33fb-070e-4888-a787-b32bc1e463f6,
fc273a19-dcab-4bcf-91bd-b87031d852a8,
fcb1193f-436d-4942-bcb6-661f67683db8,
fd278366-3d8a-4267-84a8-cef9da6ee0f3,
15f260d6-33d0-4aa2-a5e5-6966040fbad9,12002001101155
167afe78-d58c-47c8-a6c4-a4a1cdcf3693,83297002400010
fd5be1df-ebd1-415a-a410-275c64bdbafe,
fd781fd1-2efe-4f0e-b890-8746ccf1eee2,93114014900010
fd972923-df44-4efe-a658-ffdd1c3eb4ff,
fdb50c97-7045-4e60-8afc-8e934e579730,
fe18aeb9-2460-4d45-af01-668624b25419,12004408600029
fe9d1f8f-2df6-48cd-a69f-0bad6c0fc27e,90109567900022
fec89307-06ae-4f97-b1eb-ec7105769f70,
fee72daf-e402-4474-bb14-07d256e7f81b,
00014eb0-f7fe-4988-9380-137ccdfc401e,
0112586a-28ed-4b1b-861f-4c6da003f41f,
0153c487-b18f-4d63-a6b0-004e31cf308b,21750001600019
02bab52e-9e60-4985-a63f-7c7d61223743,
032b37e3-780c-4271-9deb-135d7084eeff,91963216600014
039d3216-6905-4e7f-ae9d-8563b812ab2d,15700030800021
040e8baa-db99-48cb-b17f-5b644ceabb88,
0428ffed-58a3-42b1-8e3a-ddf650c2806a,
0460d1e2-ed02-4b73-a6f1-81b372b15b46,13001616500024
04b78ce4-b08f-4746-8673-423f4546a0e6,
05237773-86ee-49b4-8b82-a73b8cd397c9,
0536f787-5126-4fb5-b4c3-50ba2b52b7c6,
0551edc6-f390-4e2f-bb27-aff8de428f2f,
056520a3-94e2-48fa-8470-50bd2b190597,69204158500583
05f1ddb0-cae5-4471-8b64-b705d819c02b,
06084602-43d1-40c7-8bec-17cbb9c52fab,
067a391e-4ce1-483f-bbd2-614bc65b21a8,
06a207e3-c6a6-4421-afcf-0662403a88be,
07410a14-1acd-4bd9-8bf2-1d7f5a064f19,
078d22ea-05f7-46c0-a113-dd7f9fc25d22,
0830bb60-062d-483b-b44a-d371bdc93704,
08321ecf-d7c6-477e-80a8-0d2f6bfb90d9,
099549af-1ea5-4779-8da8-3b834e838bf6,
0a5ef8e2-9dd0-4bb9-9ebc-12e564b1af89,
0a6175f5-a05f-403b-98d6-b3d67abd572d,
0c526a8b-0c1a-47c1-95a3-a136fb120065,
0c61b84a-ed2a-4055-8a1a-b264ef9c6c21,
0c827bcc-6d86-41cf-bbb1-474bd02ca8f2,
0d4db3d7-7135-42f1-8ffd-77e905f69785,
0d5de39e-dc79-42ce-a838-b2cac1e57eb5,
0f20a54b-33b1-43d2-8b01-fd4b328e519a,
0f2e7a75-fa34-46d7-a555-d40b5dcde45e,
0f510e19-9c19-417e-891f-800f4a0c5bc7,12002001101155
105b9c6c-a871-4c11-8bcf-292d5e420307,
11c7adcf-0a6f-48d0-bdd3-27df479fc503,
126e7848-c3cb-4991-826b-97d5c09b52a9,
1279cd5b-0835-46be-8a2e-90ade88e0e91,
205396dc-f98f-428e-afbf-0aeed195b4f1,
12b00d14-6ad0-4640-8546-13db084f8d19,
12d2a4e8-34ed-4b89-9894-d76cbb6a8317,98033788500019
12dfb0eb-f0cd-4996-87ae-633a02f8439a,
139b9f49-8a9d-4186-b873-d63808b6145d,
13db6ec5-9a71-4176-8b9c-000ad7d68858,
13dc75a0-da42-48cd-a3f0-90178ede02c2,
1472ca3b-40a9-45ab-beb7-66054c14f618,
14ba883a-2c0a-4d4e-881b-039a2ae6d6a0,
14e94f86-f5a9-453d-9aac-c5388381ee50,
155d176a-b509-455b-a865-ceeb7660e22e,39267050100049
16fcc859-0634-4eb8-a95a-2d2c974b4147,97120181900150
174089cf-ee88-47dd-8715-176a15ba3595,
17564148-e3b1-4948-827b-fbfebce013ad,
1764e062-1606-458a-b96f-e1ea4c3c85c4,
1788718f-1538-45b6-a166-79ed865c5381,
2be12a00-fe50-444a-af7e-de519bbc76b0,
2d7cc402-d543-4729-9e56-e4da3ed8bbc6,
179128be-cf9d-4411-b66b-509f553bc855,
17e2e822-1249-4f0c-add7-3ce23a266dba,
18b081f8-c820-49c8-b251-554a4b2359ac,
19469926-5a83-4eba-a2db-52a88a43fbbb,
19663c68-21b7-4cb9-9dfa-e3d99f6f3015,
209601c5-f380-4678-bf4c-55dce48f9c54,34522860500019
1a78cbb4-e3d6-4ec0-b6fa-f12556ceaff8,
1aea2bcb-8b44-483e-9eb8-653d4bd8b3f6,
1b26af66-074f-4e73-bd44-4b6fec17f559,56288046800805
1b83ffc4-4273-47e7-ad83-8fdfe45d4cd8,12004102500020
1c5a66b0-a42b-4129-8957-18c9ce39535e,
32441817-581a-453a-b3b3-ab472168ddb1,
1c80dfea-380b-42ba-943e-fc7b52e14bb7,
1cf1b303-87c4-4cf2-8971-6ac4bf60431d,
1db0307c-79de-42c0-a472-65080e723d5c,
1df86037-385e-462b-8e6e-5acbd7537655,
1e2511c1-473c-447d-bc53-c49ee1ac63a0,
1e9ded95-5ef7-4c30-b3d4-9db9d644cfc2,
1f5df482-1dd4-4a9c-b7f5-4076fe33201a,39267050100049
20bb19f8-1046-4cfb-a39f-82df9ee3adb2,51423876500010
21274e98-74b2-4b5e-bdb3-3ff0d6739571,
21d77870-cef6-4d39-bf4e-7b75a96eaea6,
2276caf4-f37a-427f-a33d-46cd8304d1a3,
22c48c78-8060-423e-b942-75a7e3e8b816,13001249500011
23c7c1ae-c2e5-4ad9-bc2a-c1ba1c8b0e2c,56211346400035
246fbb8b-935c-4a26-9c54-8fb1dc93593b,
249d4433-d77b-48f2-896c-e307f80a2d2d,
42b99488-1bec-4c97-9e6e-5545418b969b,
24b059fc-676e-4419-9328-d907deccd29d,19660437500010
25c73ee6-6af7-40f7-a7d3-5d473f2fc720,
26444528-ba83-4757-a067-0030d2613539,
264a451c-1e33-43d8-a17e-945797304ace,
26651c30-b6dc-4956-bf0c-04a17308c682,
26a44485-98bf-4d57-8222-fa68a9b6e42d,
26a4dc1d-eb40-4c14-9eca-714ade7fd1cd,
26e95c2d-d8fa-4992-8882-75ec1728db55,
27cd849e-0ab1-4ccc-9b6d-e5389f1a04ba,
27e91a28-ec63-4d13-813f-9bc0cb6612f7,78950493300027
287f104b-976b-4540-b6b5-ba4ce71260ce,
289bda3c-c1bf-498f-a9ab-727cb756e1eb,
290c424c-6122-4e56-b113-9d155818d515,
295a6fde-89d9-46aa-aeee-defa056a699e,
2974ff6a-1a9c-4291-9527-119a201b295c,
29e4ae4b-fab1-471f-b2e6-b14f89604454,
2a749c6b-7981-4da3-a28a-ea4a5f1d8b6d,69204158500583
2a9f403f-999a-48f3-a769-dbeea57ab940,13000721400013
2abd1ba7-48f8-4717-8552-6b12858e9468,
2b1d1b48-1a26-4158-ac92-a811ce5f4cc4,77562405900645
2ba64370-242b-40c1-8124-475815a5d845,
2d028ec3-b4a4-4aa2-bb13-17fb2cc1e862,
2e009998-594e-42bc-aa28-3a435288a269,
2e18927f-4fd2-4fad-964a-4594c671209d,34336606800017
2e373b06-4962-42a5-be06-4d79cc852f2e,
2e91c80b-2d0e-43f2-9222-6c859f3d5bab,
2f39eb1d-7df0-4700-b0bc-57c17186f3eb,
2fdbe242-f5d7-4cdb-8388-46b1f9497651,
302f122f-ca69-444b-94ad-065e65fd181e,88474500100039
311a2246-07e8-48a1-900d-33b928d47700,13002543000013
31694254-a070-46bc-8726-726e4ade528d,
31c0f56a-5843-4b49-9682-50bb6fb49c38,15700015900010
32764682-c752-4a06-bc2e-d3d301d17f55,
32a945b5-11f0-4cb4-8b62-ce17c3103437,
32c3e103-d56e-4bc5-9959-b1fa9cf00402,
32d3b839-91d3-4608-bbd0-7cacc4bdb019,
3305f550-1f3c-4c1b-b7f0-2c450c7f4493,
334261c1-298d-486b-a72a-3d3c011a6be9,54210765114459
33489087-a9ed-4038-86eb-c874496b66dd,
4c87cdd2-2cd6-48ae-b7ed-4530e79ff878,10200000700017
4ca60afd-3886-434c-80bb-f6bc55581323,11004401300040
33918125-0786-4847-af73-85d34471abfd,
33cedb34-8bda-4632-9157-89a653b15c62,
349a5c8f-bb1c-4e83-b63b-ab58f4eb0eea,
34a05f72-47cc-442f-a9ce-34c77611207a,30399325700086
34c855e0-9ba1-428f-8387-fb8e08c6b193,
34da224a-2c93-40bc-85ef-204a32f12e7f,
34e1e71b-00ce-403f-b8b6-de3bdd0b430c,
34e74426-2269-469f-938f-03df7015904b,
35638eac-4a28-4439-aca1-be1870da48db,
35cb86e1-74e8-4f8a-ab5a-cffe311c1d9b,83827491800013
373402a5-81c5-423c-ae4e-2808c8749d80,
381a9da8-5a8c-4dad-b63d-1a0ad0e7673f,
38a9df8e-7a76-4eb4-8c42-8047e99a60e2,91207896100014
38aecdf5-8c37-4f48-ba20-066d0b27b395,13001107501366
38b9dcc4-1697-484d-8821-72caec3c014a,
38d212c6-35fd-4cb4-ab51-27ee676d278f,
3a8141d8-4477-4ea7-bf91-fb7e769f906b,
3ab0f95d-a801-4cf3-8d9c-7a226ae3cf50,
3b9a9416-5284-464b-a4b1-1213acf5075b,
3ca11d74-dd03-44e5-a98a-7472cf8ca2d1,39267050100049
4e31330e-871b-4c6b-bc5b-807065641840,
3d7d8d30-90e4-4b27-8da1-3c364430cc40,55208131766522
3e8cfe09-4283-429e-a7be-eefbd6d5d964,
3f1c82c5-1869-4b14-850d-9d8cd1923abd,
3fa3b48d-197e-405b-8e7e-bb1d2d87f785,
412185f2-006b-4fcc-975e-99a9c0127eea,
41651b20-34ef-470f-9f7f-9bf300c04bc9,
41822023-b54c-47ca-9548-54a1f88b531f,
426eb6f3-2eaf-48b0-8c59-5233f618f0ca,
431b5b61-fc2f-4686-973f-18d1bbeffcd7,32681689900016
434c9981-c87f-4175-8342-ccdf3a77f701,
43906340-42cc-42c0-af0e-55deb62edb26,34022729700017
449223d0-a4a9-47a2-879f-22b28134b898,
44fb4024-7931-43bf-8565-8a50eca07e3d,34308127900022
456297b2-f97e-43b7-a9a8-756cc20ad0f3,
45942f4a-fce4-46e5-9c65-86396a0f2df1,13002488800013
46124047-51e3-4d9b-8f41-06e8497a6e63,
46edbfd2-c86d-4f9b-a69e-2d92ee9ddf9e,
476fca7b-1775-4ade-8cd1-290c2ad178ef,33825323022013
47f8f104-9a2d-478b-9e08-892c312b2cfc,19720916600010
48506165-9d4e-4d8d-8228-d4eb36188be3,
4910b32a-2c61-4a78-84dd-29977c4242f9,
49377140-4cd0-4c20-a41e-8f6a6dbe6381,85146781100010
494eba8a-3bed-445a-bc45-bb36d0dea154,
4a2ed6b0-b23e-4637-8979-a02f876e4221,
4a94b7a1-be0f-412f-9599-01ef98606aed,
4b6108f8-1de7-4a60-b430-02f692210740,
4c94e345-3cc9-4b2e-92c0-d95382f94bf2,
4d3cb0d9-e3ba-4b8d-946b-5206ec39b55b,
4d56ab02-5200-4ad2-abd5-19f926482c71,
4db33f32-6fe5-4897-9d59-125b9b2c7159,
4e6af2c0-863e-4b47-b033-075bbbc62398,13002531500016
4eb767aa-80cc-4b1a-a821-2889ab71d044,
4f30dfa5-6de3-4daf-8da5-905ccd25ac06,
4fc6b798-e76d-4911-85da-44177881ba87,
503b3ccb-6ae6-435b-a789-0188bdce7fce,
50a2c656-f9f4-4e14-8b67-ee1c0da854ae,39267050100049
50f35039-4328-4423-b998-f4b93899c8db,
50f863cc-a27b-458e-a82a-f8612095c374,
517988cd-3a32-4bca-afc0-9562e5f81e35,
51b1f368-ee23-46cb-a8b3-d66e259ebfb6,
51ed344b-c0f6-4b18-8688-69a91bd934de,39267050100049
532c3a34-d5be-4f1a-9b75-37b2c226ce10,39267050100049
533caf8a-f6a1-42aa-aaa3-8e581f0aea01,
534b1982-8f5c-4d45-babd-9e6bc74d2e04,
53735d1c-3257-47ad-9197-63fd7edfac36,13000495500014
53b4f27c-2034-48fa-a71c-e077a2836a5e,
53d49307-7c57-4923-bd22-9c767d7af068,18000501900047
554f8b2e-74e2-48dc-8f42-892c70a200da,
55c20055-2cb6-4e17-94c6-389b4242fa34,
55fb0354-0dac-4d0f-b2fc-351d9e9f4859,
561de35e-4ae5-476a-974b-43d3822825a9,
564d2193-a4c5-4fcd-a545-d891fe94232e,
5717f9d9-6041-45ac-b08c-4058a184a17d,
57742125-45a1-4fe0-b8fd-0194bea54538,19753471200017
582aec5a-3e44-4b17-af45-724be848ec2f,
585ea29f-2214-4c43-b1a0-f2f9c661de38,
58805a7d-0a49-4e11-8b10-87bf44f8243c,
58919c70-f997-41d6-8510-171a98c4d689,
5900ffa4-51ee-4afd-b0a7-83d714b3cedd,
592438f8-7592-4d50-a712-953ab91e8e62,
59327216-87fa-471b-9c88-0627a00b12f8,
5a318b07-df15-4d38-a370-5b68f2a4272b,
5a4a641f-8d54-4201-89df-26086f33718b,13002017500019
5a92bb71-3e79-4046-b518-0b7f18cbf077,50451455500656
5aea4e89-a6e3-4419-b2f4-1289cd9e9f75,79953173600012
5aee226e-aa73-4f98-b9e9-c8be1d9aa445,51323985500036
5b2c60d7-e60e-4591-8eea-e830b1a925f2,
5b8c0ac3-96db-4265-95e5-60706d9b550a,
5c3f6a8a-be70-4621-97bf-f5c1f17c8f86,
5c4cb564-3bbf-4ee5-9bd8-6410fedd857b,
5cdde46a-75c9-42bb-adc8-9ef994863a0f,39985024700038
5d031c19-21f0-403d-9c57-7639607c2846,
5d973ac0-a59b-488d-8787-b0acda29e8e4,
5df70d18-e012-44cc-821b-82d64e18d031,
60114132-ee98-47f3-9ff2-b7b178137fb1,13001641300135
6048ac65-c8e1-481e-aa8f-4efd8c196744,
6160a397-1b12-4410-abac-166848e61633,
6252763a-3c1d-44c5-a357-2c902b98ed9c,
62ca0922-8520-4d06-bad7-84e060d78552,
62fc915a-4d38-4bd5-b7ed-527afe24f8ed,
63199c30-101d-4e9d-bb98-82e2525cf7de,
633576eb-0006-4256-ad40-ecd4442a8eaa,
634b57d3-120e-4fda-bc64-4eca4c0c315d,75229642600030
63a75746-da62-4101-8a35-00a3df4af2a2,
6421f0a5-4b7d-455b-973f-4f33b60e284a,
64462dda-42b6-4802-8d6a-41ea96e4df96,
646132f8-cd0e-4528-a6a8-7afd24673788,
654198c5-5dea-4ba5-afb8-b3de48255141,93482116600014
6568fcfa-30b9-4e17-b6f8-bebe494eb668,
65c3b1b0-f931-4f95-a749-74f9427a03b3,
65f6af5b-fbd9-4081-bd28-8a94eac64d8f,
66395601-3e68-460e-accd-66abff52e9b6,
665a43a4-6586-4954-b1b5-d95d570d7499,
6694f231-bda1-422b-851e-f1f8eb750e00,
67ba57d1-6db3-4c5d-ad9f-8bdf8672574c,
67cac44e-7427-4f42-bbaa-200de2f0ed8b,
67ff9b58-d751-4de5-a8bb-5f87006138c4,
688803d5-d1c6-4666-ba4c-6ad644334cbd,
68a07fb5-f092-4a6a-8493-f1f6d9dea56d,
6a2c3d03-34f9-4caf-824b-d61bf6c09a31,
6ad1d62b-d99d-4a4d-92d9-55d16a5251c2,
6b1fad94-6a38-4652-93eb-686381d9bc5c,13001930000016
6b731275-4885-4ea1-af60-53f7e78ac930,
6bd721a2-9a5f-4ffc-9e61-bb5639da5738,
6d00f666-064c-49b6-9e4a-6aefd2565b57,
6e01f42e-e0a6-4e75-bdbe-fbf98480b41b,
6e467143-3068-4b6c-8e77-027d213b03ee,
6e676c2a-231f-4735-b67f-14b081746675,
6e9a8aed-0ce1-400f-a6d1-921e48e5bea0,
6eb90b0d-6652-4c6e-a938-4eccd0037d67,
6fd1e99e-ba70-42d7-b277-8d975797c096,
70388c70-8358-4d99-ba63-ad26b2b7b414,
7081028a-ade9-441d-a9d6-edc64c9e4f73,
70d780dc-1539-4b36-a76f-01165c6fdcdc,
7162fc05-686d-48eb-babd-cac1beba67d3,
72452603-3267-48c3-b047-9d06eadb7503,
728049ec-a55d-4085-b54a-c402cee5c550,
72dd5ad9-794f-44b8-b42d-467d9fc81dd7,
73036572-1f26-4d06-b8f8-411b06daae5a,42882285202140
73e3debe-3e05-4653-8b08-5fb4ba685e58,
744d696e-4eee-4aa9-894f-d5cab3804701,26950128400013
74822200-0e21-4c26-8c05-5d296c1106cc,
7566bbad-af6a-4bd4-9d7d-15f2f040f1c5,
75bb65d8-ff95-43b0-8cfb-706bb5109325,
75d1907d-dd87-4c7d-9922-b74c1ead8699,
767bdba2-2772-4174-9453-e9c78674cb11,
77209209-4169-4610-85f7-6598367c7f30,92380747300015
77511921-42ad-4992-b6d9-9309b074070e,
776253dc-dc2b-436a-9bed-6a4a0762e63c,
77ba0c96-fe72-44e3-a2e8-47d67b6810cb,
78efc57f-f8c2-4c36-9de4-a0cc046b0fcf,
79073144-919f-4fda-982f-8fb457466ce3,39267050100049
7922f5c6-0c12-4f69-92c0-11f8fa8a02df,
e4e6db08-9579-4ec9-9508-7fc53af4ea7c,
79b48846-009b-409c-be51-fa0ad47d9d6e,
79f38435-2093-4a4b-9a19-1e0af7e5b61e,
7a8b15f5-a78d-4d77-9155-a1d347a6563b,
7b5ab60d-1f6a-4a4b-9f59-b28908a7f82d,
7b7d9831-12c7-4d9b-802e-77c9aea6a7f6,
7bcde7bd-5d14-41b5-8970-c0b3e6977a5c,80899346300013
7c5b5fd7-8ba0-49f8-833c-a1b8cd7350de,
81c8919b-334b-4ead-8356-baa0857d42d7,
7da0801f-8e6b-496c-a41d-123a8297038d,
7ea07708-ae74-4c66-8541-c5824976616a,
7ed9d97a-5f1e-4e0c-99e1-63d2fa9928a8,
7f97a32f-affd-4e23-a983-3b05213ac504,12000101100010
7fc4a7a9-f20a-46b2-9233-6b04776bed83,
7fc95dcd-e979-45d5-82f2-a0cac0fba20b,
ec9d92a3-664a-4364-a040-c282a33f704d,40233802400019
8045cbac-0076-43d8-b03a-f6c72e11eec5,41499715500034
8089a0b6-3dea-4da0-b929-2416b73b4b73,
f7756a02-01b1-46ce-9023-9392a12e420f,89040635800014
80ae3a4d-f934-4c0e-8a30-56ff009c23fa,
80df1a0b-319a-419b-9b70-ec2441a02d61,
819e2c07-06e4-4b9d-aca7-8306a74168f9,
81bab0c0-9f5b-4d36-bab5-22e316587ce2,
8211747d-ae10-455f-a91c-4002f7aa17e1,
823bca8d-e235-417e-8969-dd0a7c4ed184,
82878d6f-df97-4af9-8e92-a4396cf71d44,
828ec112-87a1-4887-a579-f4de8c2efa94,
829502bd-4394-4335-8386-f9d52b0c1339,13002195900015
82b83971-5f39-4f9e-829e-57266d00fe9b,
82e487fa-38c5-4cf0-b648-47f26179075f,
82e91e17-90bb-40c1-b103-94a526920819,
82eb830f-8bce-47ab-a4f5-f10ca1862c0b,
84079bcf-0e62-4e0f-9e4f-bf82e463e396,
8430a645-116b-4051-96fd-f8b9f1e60c75,
8503fbb7-c0d0-4931-8876-ffc283b2bd2f,
8532e381-30e3-4dea-a5da-574080c17229,
8585ddd9-7ac5-4cfd-bfa5-0e3ae180bf3a,
8640efa8-3445-467c-a550-5e3bdd753380,
86bce2dc-63a4-4ddd-b273-a9acecee1391,39267050100049
86fdaef6-fb09-4b4d-945e-a3523d086b12,
875b9b01-360e-42f7-a74f-c890d481f8c3,
8770c157-8069-45d7-83fe-832ede8473bb,
87f5a92b-80ea-4c62-9213-fbd185b72567,
8801b790-f5a5-4e14-87b2-dd653a072dc5,
88904742-01ce-44ca-abca-473140baf0e5,
88a4ebe8-8f59-44a9-a75c-1a47493df686,
895fb422-c120-4319-81cc-9072c4874a35,
89822b1e-9e33-49c9-9bc1-c3fcd9413f56,13002198300015
89bc3f30-95b4-454a-b6c7-613e28c200c8,
8abd9c25-e0b9-41d9-8bd8-1d153b18996b,
8afd4a9f-b52f-4a72-991a-999226b85039,
8b33ac9e-e5b6-4013-85c6-b1c2539ddb79,
8bd8afac-92a3-4ca1-8d94-1ea1a3e74678,91102353900016
8bf5e732-39c0-4ec4-82fc-cdbd08cdde6c,
8d2e927e-1095-4cbd-aca2-35546904a7e6,
8d7d3a95-3934-4d9c-ad95-9084861e0f1a,98033788500019
8d94951a-e2d3-438d-a792-4f85f995e5af,
8d96106c-c1de-4ece-aed0-dcba9bfada14,12000101100010
8db51d47-6885-4327-a236-8b3819ec77d1,
8e70b452-79dd-4cd8-b494-52721aaaa6cb,
8f00ca38-0465-4067-84ef-4c0cb366985f,
8f8eb219-4a30-475a-9c3d-4ca3482f3318,
9028235a-e065-4d75-8ccf-246595271a31,
9050dc5c-4671-46ef-a686-c666df0b19f5,
9156fd1b-e63a-4053-bc25-32d6d7d1148a,
915f2e68-06fd-4a6f-9358-80d166b24bfb,
91668089-5423-415d-b239-b5279c671d7b,
92962079-417f-435d-a3fc-52aa54dceebd,
929da3ef-1632-402b-b3a4-b504f5b7c66d,
94177db9-861a-4b02-94dc-0729554bb709,
943f2392-7a77-4ce6-912a-7a89f49d3680,
9442545f-e724-43d2-94c2-d7d57404d9e9,
949115b3-9d40-4fd4-911b-6a3e3c7505a6,
9493716c-36bb-43c9-9d55-26b3e204f318,35181269800667
94a08bbd-6a70-4c81-a7ea-9cb3e1fadbca,
94a8c300-5a19-4e0d-b666-79cc410a3cef,
95d0cc7d-2ee2-45a1-bdb7-7374a274cb55,19350937900015
95d6e28b-d82b-46d8-bd03-55b099b558bc,80071451100014
9650d7ed-09a6-400a-83f0-4ce1c389b34b,
9699253f-5f3a-41b5-90d7-286d2f025f91,
9717aae9-17f7-4359-a50c-6830b7af1b21,
9717d32c-0231-4307-b1f5-27519ae976cf,
984e2ab7-1ac4-4779-bc1d-be2cf1ce42e3,
993a39c8-70fd-40e0-bd40-a2e48e6c5449,
9a62f020-5d28-4549-83ea-3358283bfa86,
9aee9f63-e067-4674-9d85-7eeac3c705c6,
9b200609-e30f-4eb5-a5db-d3c2e135f733,
9b67e5d8-910b-4f4b-b77d-cdb0f152c360,
9d21bc17-4079-4797-8ef7-f83256012eb2,
9d6f4ce8-c0a4-4d38-8809-2289ea1db27d,
9e1659b4-fc72-4999-a82c-94091ed42e9f,
9ee1afa4-d7c2-423f-8877-5ca5618a7ed1,
a04a3365-a08f-4c67-8322-a3a21fe23bf7,
a119723f-3ac6-4bee-9850-291e5b9ad598,
a14e54d6-3dda-4428-9969-5989cea9e050,12000601000074
a15eebda-8c08-4f46-912c-7b26e976fd90,
a1633415-82d9-408c-bc28-548d817f2374,
a277f331-b17e-4adf-87c0-9c423f2fc289,
a2bc340f-6bf3-474a-be1a-46807497037e,
a380a94f-783f-49ce-a9f1-52f62bfc4b14,
a3dc928e-887d-4b21-a12f-54ede5ded070,
a3f1d0f3-65d6-47b7-9a7b-05dfe550b430,
a4b2caf2-d1f5-4839-8992-55ca5f86d439,
a4be1532-c777-48d2-8c73-965a5f674ed6,
a5131d53-81a3-48a4-95a7-85b86fdb2a92,
a572e611-4b88-4ef8-aff8-7fbb2fe0ee71,
a6668e20-4bfd-4d56-803f-e3e51cb61fe9,
a67c43f3-3172-46ab-99e8-24b2769f8c51,
a691b856-b155-4c98-8afd-cb377c06400b,77605646700587
a71ff1a7-8365-4e30-b309-989d08d2586b,
a7719714-dc57-4143-95f3-f3624fa4eade,
a7e34714-123d-49f2-8dc6-8462feb63002,
a883aeac-8463-4c39-81cc-4abacfd75bbe,
a8b3c80a-5daa-4a18-a424-d4015cab33b8,
a934533c-9e91-46b1-a04b-2f70e7039700,
a97c26ec-a2ca-4398-bb5d-e2c03d3e2d88,38231808700030
a97c3267-5edc-45b0-b00a-25e5c10c213c,
a996cc5c-5eb5-4f33-a298-cc29f4db956c,
aa180faa-0fb6-4081-b99e-c255f313b297,
ac6193bd-e85c-4c9b-99e3-b1c105c0b140,
ac76330c-2a05-4183-b99e-a851c2a0a88d,
ad7ec1e0-9b1d-449f-a70e-98a6228cf295,
adfbc301-0738-4595-b268-bb3b3587ce83,
ae796a32-7de6-454e-a655-72c3236383e7,13002662800011
aeb5a669-2f30-4be9-aec5-1836d2e3f27f,
aecbc05e-6e42-4276-9564-7e6df3f51b0b,
af46d9b0-7036-4e11-bbd9-10f3b00246fe,13002195900015
af880604-bffa-42da-ae76-78b705d51e9f,13002348400012
b03d23c5-a61e-4058-a320-34c1141175b0,
b0ae0c9a-f47a-4d6c-be31-13af65fa8bd3,92125307600019
b1838476-c774-4b82-95f4-d45a77fcdcf3,
b37cd097-0e10-452f-b573-8dbeb656dadd,
b3d98b8f-bc44-4143-9ffe-1a7e1b668fe0,
b462bbb4-0fde-47d1-af63-26157ad0ebf2,
b4be96d6-50f2-43c2-b048-9b325d38a89e,
b4c9d930-f3b9-4ab1-a622-612f3ffe46e4,
b53b1377-57a3-45f7-a4c8-c42e2e929b6e,
b5a58f58-abb8-4388-8b11-5c6c93713708,39267050100049
b677aa30-5b4a-4af2-9e31-6e54541059c9,
b73f9c06-bebb-49a5-a862-e04b6ce51626,54210765114459
b836a50a-26b7-4b83-a365-fb451a13ca1a,
b85c59ae-f0eb-4f0b-b162-5242eca02368,
b8e1b953-189f-4192-a57a-8fe5a960479f,
b8f21066-ad6b-4261-b6f3-d0e7e033da29,
b8f38017-b4a7-43b2-9b10-611baff816a0,
b8f886cb-5057-4427-852f-bb297290b943,
b920db2d-1e88-4e3d-8b86-3818e7078dcb,
ba21f976-eb65-450b-8b1a-cc11dc0c1e21,
ba366f1f-f54d-4edd-b953-d745e27862b9,30976758000090
bad009ea-984e-46ed-8b21-19bd8c48b7b9,
bafe83ea-6fa9-471a-83cc-5dfd4258b3e4,13002479700016
bc4cc813-8459-40a9-b2ee-49c7721c19d0,
bc7b1446-a9e2-488c-b60f-2e55582157bc,39267050100049
bcadc726-8e4a-4623-8c35-a0370d5bb004,
bd7d6652-cd6a-40b5-978b-3bf32423faef,
bd825c8b-3013-4b91-8aa9-0adec01ef0c6,
bdd256b8-1ec3-4d4d-afa7-54b2344b45ac,
be9e29cd-1aba-489a-b409-89ebc791e4e6,
bfd0f4a4-bbc4-4929-9533-ffb279946e23,55204944776279
c050756c-40fa-4dc3-a052-fca5ba69827f,
c1e88eee-6f45-4e77-a5de-6736b238ad04,12000101100010
c1ef4259-1235-420e-8330-092e5425d3ea,
c27387aa-619b-4d9f-b926-f2e7fc101aa2,17993510100016
c2f9837c-9359-45ec-8442-b783967c874d,
c305458c-134d-40f7-bf96-5bf2e27d254c,
c32e2eba-3c8f-4fe7-b78b-cf7d69d3c457,
c3581e6d-21b4-4e57-a06d-20b54eae8b3c,
c3630597-0faf-49a1-9b5d-382dc9869f6d,
c3f6e4ec-aede-4b76-844a-7e1d66ad5edd,
c42a8ff6-ec86-412d-81ba-9a9ce1fa6b30,
c463f03c-a023-4cb4-bd6c-e52b62b434b3,13001249500011
c4818119-cabe-4ba2-87f1-2b99b8214b57,
c5941459-abac-4777-900b-f884f1560bf2,10575261200017
c5c8fd21-adee-4939-9dfc-2409b181113c,
c681af1a-1f90-4bcd-83d6-359378e588ec,
c72f0520-feca-483e-87fd-c9f79d4686aa,53353624900014
c7a24631-c5d3-4455-a013-5bf8b6df91e8,
c7dbd5f3-f349-47ec-9cb9-460f8e448cfd,
c89289c6-306d-43a3-b697-698e5dd15491,
c9997193-f9a8-4e5c-a483-0ee73c489ef7,49327529100042
c9a402c5-584c-4129-9777-0f10b97f61c4,16002306500016
ca01a87f-a7fd-490f-bea1-b2d345436f20,
caabeb9e-2d85-45ba-a91d-ad2a3cd7a41f,
df99db9e-51c8-4898-91fb-672c2887d2ad,
cb09d5a2-9ed9-4b8b-9ccd-ea125bbf0116,
cba72019-3ed9-4676-b1a2-dc7033dfd893,
cc0b05fa-22d1-4608-8c4a-27be936cbd89,
cc0e8a7d-693e-4592-9f94-f2794420b1db,
cc35e2fe-e4e1-462d-be54-7b39ec866dc4,
cc4d37e9-0238-428e-88cf-e2c0684fa81c,41970590000084
cd920ca2-f827-454a-9fd6-7eb3b71f2118,13001927600018
ce0c7e5d-9c52-40af-bdfd-626207a2075f,
cfb9abd4-d730-4121-a6f1-a8005a10ad7e,
d01c4ebf-56dd-4914-860f-ca23578cfa89,
d0446a9a-34bd-4ace-b7c1-6c877456e6e5,
d0cda45a-1ef1-47b9-a977-5fbef19fb026,
d105ce0a-ba96-489f-a919-599083d10946,
d1166152-61bf-467d-92e4-cdf708e732f4,
d1eaf08d-d726-4aeb-9ff0-83a9615c98b5,91883745100023
d1ed6f62-3d9a-4b0b-b7c2-3593ec4a49de,90386907100014
d223a13e-e17d-4385-ab5e-d8a6f99575fa,
d265ee0a-4644-4b3e-b593-3af260c424b2,16000010500017
d331b976-2a95-456c-85ac-28717998a76a,
d40eeb1a-9552-424f-866a-38895046e575,
d42d0b47-02fd-4e0f-9654-12bff784c002,
d42e848b-4189-44c7-abf2-21ce9a701dfe,
d492b07e-5e08-40cb-8a4e-539a9343c610,
d517c0b5-ec4e-44e2-bdaa-bf171ec338bf,39267050100049
d7056a0f-768e-4d90-b50a-46aab62f7444,
d7a7f6ce-406a-4204-998d-ab732aa97c66,77562405900645
d7fb9fec-c0a6-45ab-8114-bf5325606950,22710001300688
daf9e665-b01b-4aa0-afcf-75dbc8f9f730,
d833eb6f-cc2d-49d4-8931-d25eb85ae928,
d837f80f-f7ab-45a8-98e8-d84b16e3aa89,
d9c4d386-ccf0-4233-b94a-f878f6a3640f,
da0fb666-5df9-40d1-928b-e7cbaefaccaf,79786897300018
da1a5a7a-265e-4669-ae23-2dd33dfbbd91,
daaeb488-5648-46aa-a1b9-bb42bb89c7ce,
dab071b1-8910-4750-8920-441654d9f86a,
dacfe06f-588a-49d7-ae32-3a30481f5d4a,
5e31cb9b-9f9b-4a90-bf28-e5e2342c9b42,
dc1d685a-0ed0-4f9d-9e6a-16a4aac7d47d,79905521500013
dd23f055-34fe-4a7f-88dc-8b7d6b104f26,
dd691eb5-23f6-419c-8563-f9f9ab0eedac,
e11c9612-8be8-4b31-9c51-e7546318977b,
dd81ecd4-3bdf-4aa3-81bd-18cf30519ec2,
de529202-3af2-40a5-b407-6cf03c23f459,
de9d2bc2-cac8-4a51-829e-d1e2a3ddd1fc,
df67515b-e52e-40a8-8046-f11163905148,93482116600014
df9a23a5-a817-4b42-9a44-936699a4b34d,40445206200031
e0052041-c5c2-4f4f-bf89-83513633ce16,
e050c3ed-6c5a-435f-a71a-cf2459dae0d8,
e0e3c224-0825-46a7-ad08-286db03127d6,
e1c73467-81ec-4be6-97fd-cdd8c9f16f38,
e3595e8a-e7c7-4fb2-82dd-ee08fef07e9f,
e45f454e-be19-42f8-8294-c41407e90eb3,
e4914ead-4f52-4d0f-9468-e6849753b0b5,
e55780b4-8374-4381-a829-406cf47d8cc4,79331933600038
e58fb499-3d41-4685-b9bf-aa714dd48fdd,
e6577ae8-b53e-45ff-8023-69dee79c0afa,38958656100018
e71a6de1-91b3-4a8a-9b7b-0e8b7b870e97,
e71ce100-c3f9-4d1e-92b8-cd6c883b98a0,
f9372d12-4827-45f4-948a-421e624a6cf7,
e721aac2-041c-4229-ad66-2124f4328cf3,
e729d7d5-b708-46a2-9614-0548461b9b9f,
e79e4d5e-136f-43f9-8cd3-610d0076b586,
e91d2c3e-876d-42a1-b9e1-d9ed7f4a7dce,
e95b6ccd-781c-4b9b-b9d6-c5d0c0cdcc7b,65980194800202
e97273c0-f527-4d86-8e6b-1360bba99cef,12000601000074
e97f60b8-51ae-4045-bef1-8d9e257dc75f,13002478900013
ea69e814-0eb3-4835-a012-98cda605e20d,
ea71bb56-d2dd-4700-af2c-14b0d5ea220a,
eab108e7-6e76-4b68-8f07-025191ea2c79,
eadee594-0eae-4fff-a021-869d0b00a3ce,
eb75a4fc-c189-43d0-991f-b4b140447dfd,
ec99d76c-4667-444d-ba8e-f9ef3a536084,
ecbf4431-8d88-498d-a05b-2c5374610a07,
eccde130-17cc-4e26-90a1-7f3c50b95550,
ee213aff-acdb-401e-afc1-c131cb750c7f,
ee684bd5-f351-4a9f-9435-5057d00b2890,
ee8d2588-4843-4b14-8cb4-408a78cf21e3,
eec854ca-192c-49d2-b484-87775ed44cde,
ef1e2e41-35ea-427c-ab94-4fe6acc6f657,
efa8f3bf-4187-4c42-8282-18541d2c75fc,
efdff025-9ddd-490d-ac12-56271c287780,
f00eecc2-b291-47d5-9bf2-6bcfeb75b448,
f1c0489e-9cc2-42fd-ad58-bcd2bc983c3b,
f1d0cd7b-f15c-482d-afa3-e7546580f3f3,
f1f0b282-d6c3-497d-90e4-a9d2cdbc7315,11000029600274
f20a4828-892f-4417-9bfd-8e16c5eba156,
f42840c5-11f5-4544-98fe-2c2e57fe0825,
f4d8ab42-918f-4958-af1f-2444d6c4f90f,32439762900118
f5a45e17-bf4a-4340-8cc5-1cb2ce88177f,
f5cc0214-661f-479a-ae8c-414f0e5c20ef,
f5d52e4c-c6cd-41c2-beb8-cfa9dcfbb4c1,
f5ddae49-921d-43fa-ae23-800718401780,
f61907c6-16ea-4aab-aa40-6b7286fb2b85,
f62b77fd-a497-4db7-8fca-89400d1f7186,
f738e72d-1570-43c3-95aa-1efd0778c170,
f76c4221-1aa1-420b-968c-1dd943e6ecbb,
f78bb6b4-ddb8-4c28-b79e-41b2805541d9,
f7c7c37c-1ed0-4e02-a639-09ce78f4e1c4,38807804000010
f86f9fb4-73ed-4362-bf8f-4d84778d26e0,
f8f7b8a8-8f97-4c0c-bcb9-aea969dba8b2,
f9534b84-ae54-4858-9ba0-dadb582b64eb,
faed43cd-30ed-490e-b2df-e61168a32015,
fb0ee687-c2d3-48da-988f-7f040d2ed7cc,
fb531def-73fe-495a-bccb-03406a0dff06,
fbcdcc68-ab53-4cb0-904d-b576bf9e9744,
fbeffd20-3679-463c-93ac-1447aeafae6d,
fc137c0c-be08-4d72-ad53-151e60f3c278,
fcc3606b-1f4f-4e47-8ada-b846d238eaf0,
fcf9c19f-2996-41d2-aede-1aa5597ae0a5,
fda5a5b2-043c-44bd-a811-54addba4db3a,
fdc0c079-8b6e-4600-aa9f-63882021e43d,93468216200011
fdd017bd-2a58-4b25-8bb4-4b67b4090396,13000495500014
fe7a7c17-7dfc-4c0d-a54f-128290e8b4ba,
fe9175b2-41e5-4fa5-b77d-2928826d93b6,
ff4caea2-c9ff-4b94-ac8d-6eafb91a3c8f,
ffa94eb0-2233-414d-b1fd-5950879775b4,
ffb7472a-1e44-4472-9314-723c17430123,
ffce7862-15b1-454e-8ece-826aef581652,
00a6711a-d7f0-4f96-8e46-db2f75fa44cb,
00a93e89-5f3a-4251-9f62-461b59f7fbc5,
01b9f124-ccf4-4c71-8b3a-5da363305fd1,
023cea49-35c4-48b1-8618-c4a4404f4512,39267050100049
024273f9-edc0-4690-a25f-fe4a101f9184,
031157a7-ce07-4571-98ab-0b37bfcce8a7,
035ea2ae-583b-419d-b8a6-f47acf5ebda9,
037d2a70-53b7-4df8-99f3-befbee7df24d,
03cca00b-608e-4ac7-aca1-545cabb804c9,81145306700019
045084c5-9b90-45db-9096-4bd825c2cacc,13000552300019
04637f78-c4c7-4efb-9c36-792cdee67051,
0481d634-390e-4c61-8f77-719f043ab18d,32385721900345
049e51f5-25b0-4ce6-a779-12511ffe965f,
05080244-905a-4081-af3e-631aa3dd353c,13002517400017
05d5220d-a89c-4269-a6ff-17a435abce9e,
05f92aab-d7b1-4bea-bbb6-4b9648aabe34,39066173400017
064d172e-0dce-4678-94b3-bb600f9aa31c,
065fd9f9-f9bd-4e1d-9c2c-eb4fbde849b8,
072e3fc9-7d7e-4676-baf1-4153c4ddea4a,
08323006-6aee-40e8-a5b7-0d4c73fbbd19,
08bc9340-8472-47fb-ae91-03788922d1b1,
08c267e7-ba6a-40ac-80da-6130923307de,
08e21f3b-1c2f-46fd-9215-22d3164757a1,
090506ed-8384-4ba0-bdc0-0dd383d4e123,
090d643b-b126-4355-81fc-ae52d22d9a01,
097565bb-a729-4b71-911b-878b7ef4939d,
0a7d886a-b078-492b-abf1-ded88991de8b,93052239600017
0b500f7a-04c1-4c06-9e14-1fb4b892f4c2,
0b544556-0e5f-46fb-8c28-1ff63e9710f4,
1bec202d-0a9a-4deb-896a-56cc393d439e,
1c4ee7b0-0f47-48b3-99d1-82cf8101ec6e,
0b787d61-dc06-4695-ab7e-4e35563f9987,
0bff0b39-f24d-4cab-996d-b7325f5606b5,
0c299538-68c2-402c-bbb1-869701377bcd,
0c794bab-8254-4af2-91cd-f7f57d8ebef8,
7615d8e4-2088-478c-8f80-81f2e8fd71ca,
0c7e5614-ee4e-4735-aed2-452d207be77b,
0cb49683-dc2b-448b-b5fb-1e9f6857cb9c,92409623300011
0d25752a-2456-4a49-bb01-cf1dc605c9e4,44851671600017
0dd07186-1657-40cd-b43f-adfda854015b,13001831000537
0ef28605-cbf9-49ca-834d-41a21aa56c03,34508617702461
0faf0cfe-198c-4b3e-949d-159d87c7705b,
0fb41464-ad91-41f6-9082-b05eed952b40,
100c9ae1-ef0e-4c4f-9758-1daf927bef0a,
1040b498-d145-4c9a-b6e0-ce3423857317,
11e8a34e-2625-4984-8102-703ef8e52c3a,
11fcb954-1853-434c-acc0-112d00004bb6,83798125700012
12751561-c30d-451d-b8b3-52f7997a3f9f,19751717000019
12e26eb0-bc3b-40d1-9bdf-966758812942,
132da476-ad8b-4f6a-9c2c-b7c5e4aff7f7,
14407cc2-8ea2-4894-a8dd-9a7b18e1bfd2,
1523fc1d-5c36-438c-972d-9b773550f842,
1536e77c-af1d-4986-b448-1e76f6ec1f15,12000601000074
15791164-da36-4d3d-a1eb-1a51cdb87334,
1684f51a-e3be-4518-b587-1822c71e7533,
16d6b734-23b5-4476-93c9-b814d4635109,
186d377d-a7bb-4c1f-81a6-0097a0955f9f,
1899cbad-23eb-4ad4-85d4-d4eeba1c225a,
18b27420-b7d4-4ec1-8394-d3a41155c271,
190f4d29-87f6-43a3-9db1-3b88bd370b02,41051500100031
19b08468-08ee-4435-81f6-b634c75a6e3b,12000601000074
1a65cc06-0011-438d-8f7b-e9304efecca2,13003118000016
1b028a98-0f06-4ad8-8920-f0152018b2fe,
1b48c0ed-9878-4b9a-9a05-11203b69001c,
1c009f54-49a2-4790-b4d4-57446aa47bf8,
1c3bf0aa-191f-4d8d-8472-395480764be6,
1c74cd40-c730-4f84-83a1-2a5176af1358,
1dca4461-4a55-4e5a-8eda-4cd3727062f9,17930221100760
1dfb14b5-77a7-46c8-8e02-e7788b6b2865,49365281200030
1ea5cce3-a00e-4b8a-a5e5-68143b485291,42846131300010
1f06f072-f1ce-4308-950e-8242493fb999,
1f282f08-32a0-4326-b239-579f49500105,
1f4be4cd-dbc6-4acd-9942-94811552ed4e,
1f67a1ee-1119-4aa4-80b9-d07fb90e7efe,
1ff02956-35a9-4f76-b49e-12534a2236ac,
200b4d04-ff8e-48e2-a979-61215898b241,
2058ca67-8260-49d5-a100-16509b0b5339,21750001600019
21b79bd5-7720-47d9-894e-8cc9be3c87ff,
21e0808b-06c7-436f-9031-892bd52e4b6a,
2350726b-1199-48ef-8172-cd85fe151732,13002975400012
2409c85a-d007-443e-84bc-c6d8de469437,
24ce54b3-1175-4e88-b1fc-5c60da294abc,
2575dd91-ff7e-4203-84fb-8d7acd7b1d19,
259081c9-c2ce-455f-93e4-70f2153c0c28,
25c3649d-42fb-41e4-92a6-8fbaca0fc3fc,
26212315-6cd0-40e2-95d2-e5b7c770da05,35078786700018
26555037-098c-4623-922a-b0e4b901bcc3,
26a0c4fb-492f-4482-a249-0f2d7782e15a,13001641300135
2716c8f6-06ed-4ab2-94f9-025b7860b767,
275032de-fd36-4a11-b052-00a5712b57a6,
279aad30-5ec2-412f-acc6-07b65930ab65,12007005700019
27d5b4af-2e91-41eb-904a-89c7febaf139,92392893100016
286d2785-66b1-46a7-92ce-0052509cde20,19450855200016
28d196f7-6e08-498f-bc8b-0a765c7d568e,82054596000016
294f0860-59d1-4109-953c-10a2f32f6f29,
299a997d-c95d-4eab-8c0e-28d78337955c,
29a9c2d8-82b2-40f6-acdf-8c8a6157d26d,
29fb140e-30ad-4ca6-92c2-3f28ecf6d271,
2aa45a3c-a488-478b-93b5-a865bb6f6cc0,
2b70cdbe-7ede-4477-af28-fb9c27e92147,
2b7a8b12-fcd4-46fb-aa9e-5f54254dace8,
2be3a884-ab54-47b6-a145-b106db911698,
2c6f98fe-75f3-4a23-9517-4a86269549c3,12000604400016
2ce2bfd6-691c-4f8d-8b5d-825c010a1717,
2d25ee8c-9acf-4aba-84ea-f1454fbfaff6,
2d480a81-08cb-4868-8fee-9232f8d03111,
2d8c3324-7276-442b-ada0-9c8261c2408b,
2e528a19-8e64-41f0-9152-21e2d55b3bd6,15700029000013
2f137d65-d914-45a8-bba7-84475fdeab1d,
2f7edbe1-11a6-43eb-ad36-b16399ec581a,
2f8d3e59-5bcd-4f8c-bf30-e5c95859f068,
30eb860e-a8d3-4d78-bdb0-aa9c0f7adee7,
32231546-3b51-46b5-8652-b92605db610d,12002001101155
3246aba1-866b-4ec0-911f-05edddde2f23,
32a60577-77d3-43c7-992f-34a1f412ee37,65980194800202
32c0a238-8cd8-49fc-9999-bb61689466bb,
33266e59-1abf-4f5d-af85-1fb0abc2c504,
34a373fd-4d31-4fe7-85e4-121ea5aaff8c,
34ab930c-fb64-4870-9f23-cf59d073e2b0,
3625015d-1a05-4e16-b312-50bcd4da777e,
36278e4f-4a60-4ce9-a9b5-e0e0b6b4e1cb,
36559f1b-46c4-4921-a0dc-043c3ea4cb57,
36c05211-8b8d-405f-a665-08a30a5599c8,
373a8803-6a48-41b0-8ce1-c7c3ee59095b,
373f57f8-14b2-45d1-b827-2aca796b33a8,
376d54ad-fc7f-4bc6-8752-adbdbe8d37c4,
37d776c1-3f80-4497-94c7-0d5c64c7785a,
3803ec4c-5775-4724-b1b0-426acb8574b0,
383b82e7-85d3-428a-b753-ba3ceee42310,
388ff39e-fbeb-4509-b097-98ca1c8609a8,15700038100010
3962ae9e-35d2-4cda-84cb-e81d5c4f879c,
3a07c1a3-6ce1-4e7b-b0d8-8059e9b8c531,19941111700013
3aca8d80-cb4b-4805-b20a-cc59819ac8e3,
3b1fe10d-6b47-47ac-93d3-c146e214716b,
3b3fa8bd-b3a2-451f-b782-182e98cdf8c9,44060795000019
3b9ed055-9b52-4216-aa70-e15ba8b6b664,
3c715d3d-225d-4eb2-a544-454ef2768541,51378437100017
3c98251f-bfa3-4a1e-976a-f9f4858ada27,
3dba4497-38b6-4a34-9087-bb2f58e00679,
3df550f4-361b-418d-9889-68ec6eea5cc0,
3ec61bbd-7841-42c6-a13a-f373e51e1dba,82397163500029
3f1b34ce-9561-4125-b5be-6b43f49bb829,
3f3727ea-5e4a-4a71-9c17-2144aeeda92f,
3f893944-3624-45cc-b737-ceac91d606f9,
402458e7-5de1-4d6a-a227-769750ec80ff,
423fae7d-3157-451d-8bcb-f21767f2363c,
42921e1e-fc42-4472-9201-2cbc49e5102e,94450231900014
43aaaea6-b906-4fc0-9524-698c09bfe17b,12007001600015
43b22248-c0d7-4f0e-b84f-0d0e0ac9c159,
4433658f-9344-4808-9cde-5532cebb8c39,
443aa5d8-53d4-474b-9641-d3ca2f2f19ec,88096198200019
44422908-3c53-4c4b-b789-3a499a5f91d9,
45a8c11c-ca3b-4c2f-9216-18f1276dc278,34131640400019
45f40da9-88ff-478d-b78f-f1edb2715aa7,
4608866e-7e0d-49a7-8f17-b2425217a740,
46b6a10e-4913-4b77-abce-8dcf60ee4334,
46c0c140-5466-4032-b698-97dc2efbbdd9,
4707b434-f5bd-491e-be56-3fcc6b6e4550,
47309899-9e71-4872-8c9e-e3e493e97b58,12000101100010
475d8f5d-9dc8-4d32-98d8-7fcf41e07a38,
48bafbe1-3db1-4a78-9c14-6ea0d3269b9d,17990002200015
49861861-a9cb-4b86-96a7-e3f31a3d62a3,
4989de1d-dd86-4671-af73-178b6ce003e9,90244559200014
499614f9-a3ee-4e25-9a4c-cbaffc488af4,
49fcfead-db60-4c37-a27f-333ef2448927,89247897500014
4aee6573-a0e6-4f28-9bde-9fc73a46613d,
4ba96a18-5372-4fa0-bdcf-d997c64f43b7,
4c630671-53df-40a9-b366-dba1e50f302f,
4c73abd3-2660-4540-b8fb-db67c4194254,
4c84b8dc-b4a7-4ce7-9354-5296e779f4f1,
4d061a0c-fd04-4d3d-a333-6f7133531883,
4d18a190-e4e9-4f2e-8cb5-5fd441631a8c,
4d19d2ae-4679-4c66-ac43-685891ca2ebf,
4d673cfd-1d47-452d-b0d1-b6d0c88872cd,88501199900012
4d9cb227-d06b-4ab3-9b5e-92445d39d0bc,
4dcd065e-b4a9-4d2e-8fd0-938ed7edf943,
4ec61374-876f-479d-b17b-42a4236dc1ce,
4f6f4d23-ef67-47c0-9f4e-33d22da3dbfa,
4f749338-374a-4fd0-b9bf-b00931d5e8ed,
4f9f19ec-4f1b-4582-a45d-f2906a2f8db6,
503dd783-baf2-460b-96a5-fbb53d2b1bd6,
50bc3483-b174-44f5-8b2e-c17ef7f88688,48487450800019
512cdecd-4b16-4e26-87e2-df255afb8df8,
514ef95c-6fb9-40b8-b330-b0310e558c2b,13002473000017
5173303a-c9d0-4207-bf29-4ee10a8f9779,
517d8472-6043-468b-8bc9-2d06b77e4467,
533ee4c1-b018-4926-a9d6-c07b0729d8e7,12002001101155
5431b1d5-4d04-4718-9f32-180645594c3e,
54a6bf3f-3bfc-4c56-a3ff-edf19abcd7b2,
54ffab50-7f9b-45f2-bdb6-99be00ffc072,
55b5e30d-69ef-4e1f-9831-2f290daf1b59,
57745d7f-ffb0-4415-894b-26566d7313b6,18008901303720
5781e2f5-86ac-488a-bf0c-0b29adeaa7e6,
58025b06-7905-4fc4-bf68-463dc20cdc5e,
5842b4b1-b6ad-4423-8be6-d73d25ff5988,
58697b12-6736-4d46-b0cb-1c01946db007,
59558e69-a419-4bc8-8c56-5a2d3a5a62a8,
597423a7-1cad-45ec-bfcd-8d7982659ca8,
59f49723-b7e6-4fff-8994-91c1450be1fc,
5a3acf0d-8757-4ca8-9a8a-55bb3be43f71,
5a4a9b9d-0b43-49f1-ab12-fa111cf561e4,
5a5e77a1-b091-4900-a126-402486393567,90110582500011
5ab6461f-1314-44d0-b2f3-7527e1358f5e,13000509300013
5b4e1cb9-ef09-4a4f-8c2d-7d5859a33381,51364605900016
5d02192a-5a9a-4d6e-8a04-58ce354c7f46,
5d5f202e-4202-4cc5-8bba-0b9007fc8e37,
5d67a695-2f65-4dc8-ab5d-2cb61f6fd97e,
5e454043-ae5f-4e84-909a-726ff98a7152,
5e702d5f-84bc-4f80-82cb-81364bfb7e77,
5edca7ea-9252-45f6-8aeb-adaf55b73db8,
5f071a7e-6d5d-4b8a-9adf-bd86bdf90ab9,
5f2a5f6b-cb02-48c7-997f-39dfbed31dfd,95191159300014
5f9114c0-3cb0-4044-a63e-792a52fb158b,
61536f25-9478-4b6e-9c91-c080f1246540,
61e0baf4-ff0d-4627-945b-617bb744ae3c,88474500100039
630152d9-bd8f-45b6-a035-5cb7f2315d2b,
63452c63-2a63-497a-bf92-b270e6d5b00e,22760540900019
634d9cc9-4918-4d7d-a000-906045db2078,
637165e0-919e-49e2-82ee-90bb04b07260,
637bd2b5-e4d7-43b5-9043-c6c9ab507b15,12002001101155
648b5877-f5e5-403b-bf39-31187399df83,
6558d5bc-32d3-4ebf-b04d-d9314dbb3e5f,
65b03e21-f513-4361-8004-7b202e646032,
66dd40af-eb11-4fed-a689-2e44e91b582a,
6785084a-cede-41cf-b69b-6111ec12e071,
678f6a88-9b5b-4b7b-90bf-035da8d063f5,
6792a01e-e7b1-4113-bd4d-6555f427378e,
6812b377-aed3-462b-a6cc-7bf7cc4bb8ae,51817135000011
686031d5-1b27-40dd-bfba-f85171d78639,
6895d65a-7a4b-44cf-ad27-e50914188b75,
68d07cbb-9bb3-4b8a-bda9-29f9328e362a,19594403800205
69657983-0200-4dd7-8b5b-9c98825dc60a,
6a520c5a-84a7-4766-9086-9cc7460c07ab,33825323022013
6a79d5d5-5b81-4bdb-9b73-03fa0718374a,
6b2ed23c-af41-4dd2-840b-4abc9ed9bc80,39235036900014
6b4d4d1b-ba65-4174-9be1-60ad5ae1ee7d,
6b59a108-ee94-48c6-acbf-22665b1b9191,
6b7cd1e5-116b-4f49-a118-ae2746a7104f,
6cd11ae5-14ab-435d-8799-225710dcdb6d,
6d0d3841-a0a0-430a-9965-5b8829458bf3,13003045500013
6d3680d3-205d-4197-9ae9-44a8e740e76b,
6ddb649c-6db9-4465-b046-1877a5119c42,39267050100049
6ddbaccc-fb20-4212-9c00-f9fd347b012c,
6e5dce66-f784-48ad-ae37-6f48d9a74029,13002005000014
6ecdeb1c-dd5c-49b6-9e70-cbd967415bde,
6fce6e46-9603-4d5d-b2a4-ce0176dbc801,
708399a3-cb09-4b1b-b99d-ac5e24b70e4e,
70852fb0-464d-46f2-807f-f339ec16fc43,
708ef4a8-7026-4984-b9a4-0db15a47dafb,
713ec9f0-fd58-40ed-8457-bd450d2f9f03,18009002900018
72e3e3e2-89a1-4827-9f4b-313922f49a53,12000601000074
72f7d37e-3aba-4d64-b3f4-42b73137c1d4,
73ee0d8d-480b-4d36-b265-8141dba07149,
740da304-cb7e-43fe-a832-bfe27339ee86,
7414029f-f6d5-4776-afe9-fbe352cbdc62,
74f95738-2fc4-4445-874d-1340e7b9b252,
75466b19-2303-4703-ac5e-ed27e4d9c580,
75892e70-3b16-410b-a35d-a254a1c0a848,83827491800013
75e179c1-7927-4cf4-a3cf-411bd3cfdb22,
7613befe-4e9b-4522-a2eb-481f1ed9b16f,
77169e79-ca7d-443e-8146-cbf43bb40650,
773ffce1-9a31-4366-9ec0-4e2050576cdc,13003118000016
77960ce5-f144-4c1e-bc73-6e8e3f616989,52953581700017
78020e90-19d5-4352-9d4d-f6f7e5676005,
785dc0a7-f04e-4d60-97f4-071f8bb1a547,
789cf4c1-a692-465e-9326-e29d49f4039f,
79371e2e-0ec7-4bc9-8db5-a3480420449c,
7b951a4d-dbe8-4a3a-a3bc-cccf6d6cd2b2,
7bb15684-6611-49b2-9d8f-9f35c00a884b,
7be5b672-6a64-4b8f-ad9e-99d506342010,
7c4d2f43-fcaa-4580-a854-555231e7594b,
7c5b8b51-bca2-490a-875d-efef4843f596,33415947200458
7c6f8cc4-4758-434c-9c29-5a2a54a8c8e1,
7d413a1d-062f-43e8-aed8-beeca8198195,
7dc6860d-af6f-4d1f-a30c-9998af3a3418,
7e0db67f-9424-4873-b23e-ef44e8c9cef3,
7ed4ce68-865c-498c-aaf0-8e45e42247cd,
7ee7e420-9229-47be-b0ad-f68f3011dbad,
7f881cc0-878e-404b-ba6a-057564ea8ddd,
80ca17de-48f6-46a2-a9b5-5bb2fdc9eea9,
2b1856eb-a9dd-41d4-9f8f-82efe6b544d4,
8160d1c5-a0be-4486-a1b3-d4a2b92c3f5e,
8263a901-23a2-4f2f-a857-e7c740f00f36,
8415f743-b38f-420b-8ad3-2faf6386642c,83101247100015
843b319d-9982-46bb-8496-fa40106892e4,
844fdc55-c315-4ef7-8e2b-cc65752efd39,
84909362-f617-4ddc-9f61-4e6fd703db09,
854829cb-9c51-4c39-b91d-7965650166d8,
854b9f52-c68e-4ab2-9a64-8ba925e4fde0,
855bc258-c267-488c-8f91-72143b65087a,
85f39d03-82e7-420a-ab73-b3345149a3e6,
861b871a-2ce1-4c7b-948e-6509a193984d,
872f5332-367e-4548-b4d1-3ff0cc401f26,30442367600010
875bff82-857f-467c-a5d1-b42df88e6251,
87fd26ed-a5d8-4fa2-98f4-a75725cb0b47,
8981e7d5-4208-44ea-a9a0-84417840450c,
8ada5a8c-086e-42a5-960f-a0e9911b6def,
8bd20130-d583-4a2a-a774-b9e3c95c5989,83488286200024
8bf937ca-0ca1-4236-87da-42fbdc469d56,
8c77bb12-2290-4e64-98f1-d35b127cd70e,93753133300014
8d7f3696-1974-4ba8-97b6-0058b7ced285,15700016700039
8e1f42a2-5907-499d-b881-604fc8744751,52161821500029
8eb81110-8e82-4e75-9409-e1d6f536f60f,35177112600023
8f738c2c-374d-4fbb-9a47-8242daf67c3e,
8f7eabcd-e27e-4c9a-8632-1774ce97a9d4,
8f8b5c78-957a-4938-9a4d-6e7688873b8e,13002195900015
8f9e797d-f5f1-48f3-83c5-5bcc3ad9870d,
90148f7b-e57b-42c6-817d-329d165fe75a,
90493586-0ba7-4524-b767-159a310aa311,
92a93837-11f4-4ad2-a74b-a54797a9a73f,
92d1620b-e446-4762-83bc-7a530677fc0f,
943deb3f-7ca5-400c-b608-462fb13d6981,13001962300011
3c04adad-3ee5-412e-a6bd-5cfc8f333424,
3c15757d-468c-4af3-af1f-2ea809055259,
9481464e-ac8d-4c24-86d0-529158ffbf3e,
949cc350-e8ba-4e9f-95a1-34edf7fb0c08,
951c6039-d016-4c30-a987-d766f90a23a9,
952eb25a-ef3e-4352-ba75-06369d6f86f1,
95910bd7-b23f-4380-9358-156b527d092f,
95b4b42b-d0b0-4ebe-951c-4d1a3aa3da89,12001408900045
9680a0f4-d75f-4146-97d2-8d02ff53c459,
96fdb11f-f408-490c-8398-f4f9b1f8740c,
97409591-ff57-4be6-b1b8-384d19febf00,
980694d4-3c21-42cc-be86-8fcb989382e4,
98f1ddbf-b9e5-4eff-8082-ff66e0bd9169,
9948058b-064e-4b91-9a57-f2955f97b544,08698109900046
99c7d84e-4715-40d6-98b6-c387215e7eaf,
9b067932-f7a8-4c60-b900-91aca366ced6,
9b6724d9-c061-40cc-93a4-a48b5e10c66e,88501199900012
9b931259-0ac2-4060-9375-fa0e870e8347,
9bdb4a96-76ac-4050-b044-a39f015fa9ce,
9c39c351-4802-4d05-b621-5081d9f6f147,
9c47043e-9e1e-4b7e-a124-354f2d5221b7,15700027400017
9c76ff48-4094-4d9d-a82e-e7869d5b09ab,
9cd38b82-888d-40be-920b-baaa6e6fe82f,
9d07af2b-6fb3-4452-bf88-ff72000cf78c,
9dfbf95a-b4bc-4be6-bfab-6c4f8d446a81,
9e4e96c6-f684-413a-bc5f-8a6e315b156d,
a8f937fa-8f6e-4d3f-b9c1-9408db314ee2,
4862ee7c-c8f0-4b8b-8f1c-70e36c5931e2,
9f6b2473-59a7-47a1-8564-1847a73b487c,
a014bbba-6fab-42b2-adbf-d28501ee3a61,
a04a6876-b71d-4f51-9c75-1a5e55616aa2,
a0bff31a-1a97-4f9b-847d-ea679d59fbc0,
a0c7874c-b9ec-4be4-9590-7d277aa0ddb0,
a16660f5-edb4-4b06-80f6-235a22c10d7a,
a16b942c-063b-48f5-97fd-a8aa09313ec7,
a1718929-ff05-48c7-a51d-5cfff5a73c68,
a1e97221-9cf5-4f0b-9092-de5cdd448b4c,
a28087ba-186c-48f2-baf5-41d3ab6baff8,13003001800019
a2b1949f-06b1-4345-876a-5c58a8b51346,
a3046ec3-f928-4681-bce5-7a58a558dcb1,
a35500ba-08d5-4d3a-aeac-1036cf56a2ca,13002195900015
a43bb07d-4053-4ea3-8ef2-11cb1c0a0997,
a49b85a9-d5e3-4949-8edf-8686f201c61d,
a4c69d0d-3de5-4997-bbec-09bf89c5c974,
a4e298b4-539b-4749-95f3-cd5dd8616ecb,11000029600274
a551e1c6-73ed-4e3d-9a0e-03a58bfcf243,
a5715ffb-3846-423b-b097-acda14b3a2f5,
a5b50d10-45e7-425d-8243-61b307039c10,
a5ddaa29-05db-48b1-9fd1-aa13ba82b808,
a60410bf-1462-4f4f-b0e9-4b5dd0e3249b,13003001800019
a700d447-a050-44d8-b1d9-02f2c9c6a89a,
a7c23e25-3c05-46d0-9266-8ccc13abc10b,
a98cfa49-817f-400e-994b-f55c651c14d5,
a9a5c95d-63f7-4e08-b442-fa1a88707963,
ab5b5c5c-156e-4183-8293-b79b715dff3b,
abaf9720-6861-461c-a89b-7da3d6bda4d9,
ac67e160-c5b5-4641-bb56-9fd1e4f5ff0e,
add47d29-3e17-4a46-b5ac-d82e6c983b3f,
ae43ffd4-dbe9-41d3-9ebc-aa642ee54162,
aeb0f5c4-8e84-4289-969b-f7043cd69d3a,13000572100076
af330b7a-2d64-42c6-bb74-56d434305ed9,
af3ecb1b-cd86-4513-8eb1-bbc0c4c16a68,34364385400015
b0344ba6-c643-471b-a1cc-d221887d0b0e,
b0d8f3e2-b9c4-4da4-aa98-491b05623877,13003042200013
b17a5de0-8753-4241-bcf1-37c52fc6bcd1,
b183baee-979f-4751-9a61-5fa1a8dbe076,
b1e938eb-4c08-4cd3-a0a6-0556d7f84845,
b1f1f89a-1569-4bf3-a29d-a0bb6bf65b63,
b20c5564-d29b-4a07-a97a-88c4327dc634,
b265a501-a3df-45ff-9bf9-4d96c9064011,85033468100010
b2fbfaaa-efae-432f-aff1-c9a5ccb5776b,
b3d4f626-d0c9-4f75-94b3-8a2f0f65449d,
b3f3d2e7-1065-467d-bef8-d9fad523b5f5,
b3f75031-c7ab-4f4c-95ae-40d5105e6cba,
b40df350-421d-4424-b581-cfe3d3da6226,88516848400016
b45db0c8-0fd4-4b7f-b2b2-989b4e6baef7,
b4ea685b-3906-44a6-ad61-b73a58472612,
b4fdad58-705f-430c-b755-970d3c0c0226,33202372000086
b51294b5-a6cf-4596-8142-ee5b9bcc846b,
b5d6059e-17ff-466a-901f-24086d41fa4f,
b663580f-7fb1-44d1-816b-01d7c0b115fc,
b66ac4b7-26f4-45a7-b8af-df4ac1979abc,
b6bd1635-6bc6-4539-8a40-c58953fe4642,13002478900013
b79c9c8c-4e62-4d4d-8a7f-1411d892532a,
b824d031-72e7-439a-ad52-b7d207631cbf,
b855c5df-8400-45c1-8c4f-5d19e371b7c8,43218056000042
b8625a11-ea76-4a38-99da-c4aa63b68fe1,19590349700012
b875e3dd-fa40-42be-9096-0260ec1ec690,
b8f6d867-2a1b-4172-bfde-5fefc774ad73,
b92a0a9c-28d9-4b0c-846a-0bc8eaad248b,
b964ab19-d5c4-48b0-8a04-9185a45b2235,
b97c3688-ab1f-44e2-9324-e2f9fdc3e527,
b981f29d-28ca-4520-855b-d2acf6e1a3b8,91421167700010
ba0d93db-ac69-4567-ab9e-fc37bdb84105,
ba0fdd03-031b-4bfc-b043-6c53cc8752ee,
bb1d6b90-9a8c-4051-a477-e736feb48f74,38131646200054
bb1fd3dd-7e35-4b01-aa22-b1eccbf1d61c,
bb4135a6-2971-4094-bbbf-425fb631d864,92468340200011
bbee4b7a-6adb-4ba1-84b5-11de5c8a11b4,
bcbc7a66-5f0d-452f-b506-1dbe4c16770e,17992020200019
bd8b57e3-4f31-4eac-a567-432c318c4783,
bdf8e6d1-1476-42a1-ae61-1a7f06596811,
d242afbc-ba48-4134-ae86-cc2222805084,
be9fcb20-15f3-43fb-83b8-230065300479,
bf0b96ed-e648-4c45-ae38-f07c79aebafd,16002205900010
bf0f5715-e54f-4a76-8018-a312cf4f316e,
bf51cb06-e9b6-49f9-80fe-7706a158d923,
bfc54fc3-e52a-47fe-b253-24e6565de5bc,50128570400018
bfe2217d-4c6b-41c3-9488-adef475a0256,
c01e6287-adbb-4251-b60a-3ac9996ed096,
cb932ac1-d459-4f2e-b920-aa386efec5c8,
c18a0209-cc98-499b-8473-8cbd7a14e972,
c1b1aea1-2f3a-4329-b732-33b49878bd3d,93843907200019
c2054ae2-9cd0-4e1e-83fc-19a857c09b39,16002302400021
c2156aec-190e-4f30-9d12-11c7f6bf1ea0,
c226076f-3d2e-44ea-bc01-1b9f156b3dca,
c22aabed-fa2a-4a37-a491-337cf5fce71d,
c24a4549-49a3-45bd-be9c-ea08266cabd9,11000034600012
c26413b5-fc5d-4c38-ab01-073dd7f73bf2,
c2644fa5-fc78-4b0d-b606-215fcdd254b6,
c308b3f4-0f96-4a35-8400-d525fc73ceef,
c31c2f4a-f512-4f7e-b47e-81d50290abd6,
c421cf87-812a-4b47-be6f-6f15d562d8c9,
c5d5b862-065d-451d-a5a0-f2043d3cb4a7,
c611aa33-737b-488c-a26c-0c73fa2e97c5,
c75bbada-652a-48bc-a4e2-9765e392efc2,
c8331a05-f376-45ce-b8e4-b95b7fe21222,41206002200081
c8c3a153-7497-4b60-a446-f716453229c8,
c923660a-f2be-466c-b686-a3c6b7f6b9c7,
c98eca03-80e5-4c3c-850f-b349f1cab012,
c9c86fea-fc84-487e-8e92-52078a3fb541,
ca1b780b-ec24-4a29-bfd0-e200388e9e25,
ca8ab160-48f5-4bc3-9f6d-47d6f8451527,
cacde575-6efb-41b9-8e4c-4897a3fca7b9,
cb13d7d7-6193-4be6-aae5-cabb6cef7fe5,33499373000012
cbaecb2f-a591-441e-acf1-81472ccb66fc,
cbd32057-8c5b-484c-b961-bef39278ee5b,
cc550a2a-f3ef-4fe1-aa3a-add0210a721a,13002486200018
cd0f5dfe-d2ea-49b0-98ec-0b9f25282044,
cd3ea4b8-ce6f-4750-a234-dfe9b3d9998d,13000548100010
cd890cbc-6b4a-41e7-bc8f-e1349191bc0e,90991222200017
d2f7c6b5-9a0f-4e39-a275-44ae4270d727,17992260400014
ce1b4451-4b5c-4633-8e4c-c59e876c05be,
ce6c3225-11d8-4fd5-af8b-0ab7531ec8e3,
ceb06107-b8b3-4c42-9bfa-f8606dd0164d,40858130400016
8286c793-a91f-4f62-adae-d474a966576f,
cee61077-9969-4822-ab98-f0560c7e8c75,
cf8959dc-6873-417d-9324-59a4fad5d41a,
cfd114da-016a-408d-a1e2-28fe080e11ec,
d03bd38d-8a0c-428b-80af-518f47a5dda6,
d05aa16c-8cae-4178-bf56-76eefd6561f7,
d0b4707f-0e45-4c50-8c18-e9d78ee74601,
d125de9e-1eeb-46ff-98c8-3e6a04c5cc8e,
d345267e-57f1-442b-9565-b8eebeef3c9e,
d37b4321-dd1b-4aee-b982-6017376cd359,
d399d03e-39f2-4234-b2da-5d4449da6963,
d3a9c16d-3eba-4288-9e61-8cd0a11ea7b0,
d3e9390c-2350-4bec-9a14-ebb45177c57d,
d4152fb5-f301-4dd1-bc6e-9cb1d29212b5,
d4203497-b80f-4601-8d5e-60b3506dbd32,49277295900028
d4451bcb-adcd-428e-a476-588b09aae038,
d478fd06-e6ca-4c21-bde4-0f586fb7174a,
d4f5d68c-db55-4002-922d-dcaa409281bb,
d62ed025-4cb0-4582-90de-f370b3dd1a1d,
d6933128-2d86-4335-a8bd-3a60f853d774,
d6c03af3-3c38-4111-b146-85088b219fe7,
d72dc0c5-c193-459e-a65b-31f8c0bce8e3,41206002200081
d82c7261-7bd1-464e-87ff-d7725eb2e09c,50217058200014
d89a1667-e69b-488f-81b1-ac2a3e87df1e,13001446700018
d8aefa92-6857-4b50-8037-a3aaaf1331aa,
d8e61920-8b92-478e-83bc-5fc6b15518b8,39267050100049
94faa1d2-0b84-42ee-8d5e-ef6301f10a0a,
d97bc006-6dae-4c97-84e5-ca8956a5d476,
da527f61-72f7-4714-8d83-07497564d849,
db1e131c-1a86-4229-a725-ac0336e22940,
dd8cadc5-47d4-4640-b612-9a1496828f05,
ddba2c27-3dd6-47bf-97fd-642be9ae2e73,
de26ba58-9c06-4955-8527-185ca617463d,
df26b725-25df-45ab-9e59-916a21574c72,
e009fb9b-f3ab-4a3e-9971-2a7940b64a2f,
e031fff0-6af6-4963-b616-1db8bd2a1e98,90111603800018
e068a644-8767-44b8-98c6-fb573925ef17,
e1284ed3-046f-49d1-8cc5-746a8015b6ca,
e281ce27-bdd4-4a45-8fb9-03eafdbd0724,
e2c6eac3-d3b7-4953-8778-d5378c82aa08,
e37a690f-cb81-4156-8d64-01fb2a0efd40,
e3e34157-da99-469c-921a-ab1aeb3e788e,31849010900168
e4072c7c-c3a8-4e96-adbe-48d3699d996a,
e45dcae8-7674-4ac6-b231-ce28bc8128f1,
e476b377-727b-4600-82fa-b2ab7d08e051,
e4ec7638-3ad2-4923-9c77-63a4d37700eb,
e5650c13-7739-48ce-8325-e17abb9169ff,90109567900022
e5b00929-1aec-4356-af34-d7a373f088cd,
e5b92f82-97fa-4b83-8b26-daf8afcd5159,
e61fa260-37bf-4e2f-bfe0-2ba2c79ca178,
e6372522-d85b-4f49-8824-2b715ab8434a,
e681770c-6c60-4857-be45-96c2e6413896,
e6b51f21-de74-4960-baf1-c1ed2b6afded,
e722eb97-928d-4bfa-8079-cae45b1cb7fe,55208131766522
e78451db-ce06-4aa7-a44e-ea5a16a3787b,
e788ca8c-3eaa-4a94-9dd0-781075961aa9,99970508000011
e7f6a969-2ebd-4502-99aa-f68f8d6ce22a,
e801a353-0c1a-4911-9d4d-8cff5e5f2099,
e831fddc-ee21-4208-bef2-c3820971985f,
e85a1f94-a91f-4397-a1fb-43449db7ac2e,85242541200040
e87a33b7-23af-4984-a0b5-a26b93193cf7,
e8814495-1313-4fb6-bad6-b313adac0db0,
e8ab36b2-abd2-431f-a9e7-561a1a768d22,
e8d58a40-4ffb-4c78-ba95-4b7890e47814,13001809600011
e9a6323a-e7f6-4c94-9c2d-7c3e38260064,90109567900022
ea02838d-ec8d-4f70-9c6f-93a57c0b59de,13001956500014
ea433106-d443-4bbd-b4cd-e7e89df2922e,
ea8efc00-8137-4370-b1a2-2b79df89e2bb,
ebd02fa1-08b9-4200-8572-2e2a46343381,
ec17b635-7df5-435b-b5e1-260a1393c47d,39267050100049
ec252bd7-c214-4808-bad0-97deef5aee06,
ecabf79e-8533-4f70-aabb-dd051ffde819,
ecb83481-92bc-40d5-8921-6f1257a90a0e,
ecd43d89-1d0d-4645-925e-f76100ffd8d1,12006603000038
ed53f405-c374-4461-8853-cd50ec894c12,
ede30d84-0827-4ce2-a644-42e7c54eda25,
ede41a57-1d16-4370-8ac7-95760b167180,
ee4e4aa9-c548-4467-b0b1-183e058868e0,
ee96bcd1-53a5-40e2-9fc9-2c41c529e843,
ee99de92-a45d-4c6b-b65f-8d56b0d5dfe4,22050001100089
eee17168-a46d-498a-a503-81a3369999cd,
ef3e4d76-5395-448b-b1b5-d82b154783f1,
ef45ca59-9cde-4a25-aff4-f3cf7a921d2f,
efe45032-608d-4d2f-906d-365f94d34c96,
f024840c-89e2-4f4d-bd87-f34a53a55aaf,
f08259f2-315d-4874-b9eb-e563089011f1,
f1225e2a-cdb6-4cc0-933a-3f84887e6990,
f1becb14-0957-4714-b044-41dad3010b2a,
f28a3d20-2649-4cfd-a450-a27538daf3c6,
f3976a99-6c3a-4805-b514-dd06caeafbce,
f3b5cf4d-dbc1-4760-86e6-2890629ff440,
f471813f-6234-42b0-9444-7d1ba509e741,
f4d00cda-a2ce-49fc-b51c-0026fd78fca5,
f5339839-ae31-4210-8de5-a327238332c6,12001505200018
f6c4120b-088a-4e8f-ae4d-5e6be7968f3a,
f7292116-7474-4e24-a388-fbf7dd698a22,
f89af83f-8432-425f-83c4-eacdddbfa098,
f89c776e-7bf8-4941-b8f0-615e5f324fdb,
f8a4267d-7c48-4186-ba54-3c25b98c5850,
f8e499e2-cc86-475a-bfd2-e23ae411d2b0,92017114700019
f908a1fe-8b57-4f55-a659-e2863780acf0,
f920840f-8050-40d1-9ad4-78aed9a37c0b,
f9c5ab0b-0b24-49ad-926d-abde6c8512d2,26270290500023
f9c6c9df-4bd7-4b1f-b1a1-f7bc9de84c49,92538941300012
fa8a9c26-72cd-4620-8f91-06e45d303766,
fafca61d-7929-41d6-9677-677abd6b5865,
fc48503c-6785-4ab1-abbc-17b69c4762f3,
fe8401fb-49f2-42a8-8085-f844cc08ba34,13003196600018
fea79591-cfca-4959-abe8-c8469128eb26,
fecef37a-4b24-4332-8464-5e7b335592b3,
ff659b67-8e2c-4a2d-9a79-3b05ecc00387,
ff663112-368f-4e90-a44e-e5453d45c545,
ffc4c0f1-6338-4fc1-9bfa-20f8b022588f,48352038300017
ffcb93c9-9d66-424e-8626-0cb3df6b6ddd,
00741502-468e-4da7-a23e-5806884adecd,
0102eb5c-7fef-471f-8d85-df2bca1d7c07,
023e24e9-b49f-486e-837d-c91f4df31fb6,
028ab1ad-c6cc-43de-8072-1d80fb23bb86,
03895008-e387-4c64-aeb2-787adb5d9580,42238261400069
03d086ed-85b9-4f90-9ea4-65a266e9722b,
48ea85ba-698e-443b-853a-3c0230ca0046,
0461dc4a-256e-401d-a1f8-45db5ea7f67a,
c0ef7b76-fa39-49f9-979c-81794a7a2a68,
04f2e728-6e3f-4347-bd0e-80ae9abf15d9,12004001900024
04f8a26f-d246-4f37-8a5e-a00f9eefc5a6,
05a9b3b4-03e7-4227-980f-05bccc2b3ee5,79188269900014
06251b9f-b17e-4122-8315-d97b8f0e8e7f,13002509100013
06326b36-89e8-4bcb-b7d3-3a55f81214a4,34922475800012
067bb25e-22b7-4381-9642-636e3ebfec39,
06df419b-ee60-49be-aa5a-66e82c6f762e,
07c62054-b1cf-443d-b498-12fb062bc01b,
08208940-61cd-467c-9d09-aacb37a45c78,50754265200023
0867962b-f742-40cb-9b66-293e5ddc2c35,
0890857a-c839-47ca-8d17-07758e462293,
08addf5f-322b-4fb6-a115-452963b5de68,
0ad3786a-c7d7-4b2c-bb75-29658cb4697d,
0b31b504-6754-472b-b193-1b0b7c94890f,18000501900047
0bb40900-995b-4b6b-bb13-d500712d1136,13001336000057
0db84564-65a9-453c-91e0-e23d9c8aa75b,
0dcbd4ae-e7e0-4ab9-b7fe-d4f795070a45,39267050100049
0dfe7958-be6d-4c04-8ab3-8af718228dc0,
0eaa3f33-c14e-4cbe-8c2c-74621920af38,
0ec69100-6e59-445a-9a8c-de5d8b237c96,
0ed13677-5743-404d-b3d4-c96d1f5dee2b,
0ee88116-af40-499e-8a77-1159343634e9,11000029600274
0f187544-1090-4c7a-970e-24d6f88a39df,
0f48601e-f8cd-4f94-8f74-f5b28d3c0565,
0f4cf69f-ee56-4f97-9f21-62b70e9a4250,
10da9166-c55a-4771-bb36-43a3dae72305,
112a25de-ec25-459b-8cc1-1d879443dad7,
11789272-22e9-4b3a-9c51-737ef2a652c1,
11add9ce-d0e4-4570-b66e-7f3b1ac0f9cf,16000021200011
1225e080-d00a-4720-995b-78ab0d1dd92a,
127cd44c-30dc-42b7-a87b-b4b5ebbd01c2,
12c066fe-fa75-4da9-9ef3-907826619928,
134490f8-873d-4cf0-9583-279a7a43edfa,
135deff8-12a4-444f-9a9f-c63697569758,12002001101155
13bd68f6-10f9-4253-aff8-b04319aad981,48330569400042
141ebb3c-9fdc-42fa-adf3-58df278ffc95,
148ed791-77c1-4faf-b347-13ced39f4abd,
14b35895-418a-410e-9310-f7ddda3253ce,
154913b0-5a7b-4fa1-90da-1bf2bb7a2719,
15d57662-5398-4700-b2ba-050bbe8cd177,
15e7f531-6c83-4654-9af2-d660fbda04f9,
16881b76-b1a6-49c9-9892-f7ce5d1902a3,
1694e6c3-3f14-47da-9df3-a8871a62d735,12000005400011
1712a7c0-9658-4bd5-a2f0-6e778f606307,78467132300011
1753f657-b55a-46be-81c3-d514a6e94273,
175777ff-e777-4b3c-a021-56e3e5d7ce98,
17beb4cd-c9cc-4306-b4bf-ae05fe137c17,13002574500014
18649b1f-711a-43e7-bf96-272d62ff505d,52347093800011
1982f737-e0fc-450e-b973-8fc6b2c7b588,
1a5a7025-a4ae-4230-9171-930eca4cb966,
1a5a77e5-d502-432a-bfd7-43c8a6eba2cf,
1aee8119-e375-487b-b751-e6520935953a,13001641300135
1af448c5-151b-4802-a300-375d143f5979,
1c0ceebd-ae72-44c4-8f1b-df19749ab7bb,
239e8f56-2bd7-4230-9530-fa4a96a6c221,17994390700016
2468138a-b3a4-4786-9793-8543a13de0c6,
1c616340-40b1-4e70-8d5d-b202287dfce0,39267050100049
1c6a9c10-b8a8-4bc3-b84a-e70baa817372,
1caf76ce-2a2f-4d41-b052-19b33cf5fce0,
1d52e8aa-6b70-4d7a-8be1-38f3b697fda7,
2575290c-2196-422f-ab04-364fc644e4c5,13001077000027
1d70c2ec-6804-428b-9787-6c3542bf85de,
1d70e445-0811-401a-a12f-a81f613c4cef,
1ddae724-5ac8-4e17-bdb3-b42176163d90,51965470100019
1f58feb4-aee6-486a-be1d-d0f5d71035ca,
1faaf259-6741-4541-997c-6079742c88d5,
7b226804-2801-48cd-8764-1c427df3e3d1,39267050100049
1fbb4d9f-f124-44ec-92f6-c0fdcdd7326c,13002591900015
20336d12-074d-4e97-ad5c-93042c71c973,
2063ec60-18b4-4667-b1ea-10cc3ffc3a1e,
20b7153f-50fe-470e-8b5b-625a79f7f6bb,
22eaa54a-a943-4456-a9d9-06d5d448300b,
23083ba5-cb5e-439b-81d5-316a06eefe21,
248840c1-0a03-41e2-8fc7-c85fbd6b5308,
25fd0d2e-77e3-4a24-bdc1-86dfebe282ea,
2611d7ab-d5fa-40da-86f1-18f42e598d32,
269a3151-48cf-4207-b2d3-78a931bc2a69,
26d6f486-1bfb-4c47-9844-f95ac684ccf1,
27d6e9fc-2390-4720-8d40-4fd6b6802895,
286575f5-be1a-453e-8421-2d9dce0d1834,12006805100032
293ce538-a92d-42c1-bc56-27cb97ac479e,
297b71c9-1714-4fbd-8440-7bfbbf597ef2,
2a0ee149-a7ef-48b9-88d0-c0d928a7b4ad,
2a91b497-5651-439b-88b0-30e4795a12fb,
2af851e4-bc15-4a8b-9b87-e42818d65687,
2b8ffcba-0c91-4bee-a8dd-6a902bd40ad8,
2c14601d-dbd0-418b-9b41-76512f31532e,18008904700013
2c9b2401-ef97-4050-b21d-965a1a027adc,
2d03e48f-0b50-4b25-b057-723aa49d1b99,
2dba7015-bfb6-41f4-bf5d-bc1a1ad44498,
2dc5771e-0e49-4a53-af84-480ea9acd60c,
2dc72e78-ef36-41c4-bd09-2f4594bdb503,
2e4de6d2-a2fb-4006-a9e1-94aa61034eca,
2e72e0dc-cd8b-41e0-8a46-e426d3574b18,50925937000039
2f6adab8-303d-4fff-8d0e-87b9e8c53d59,19331766600017
2feb246b-5e63-44fa-8e13-c1bbcf32d908,17250211400017
30d799e0-0925-4ace-b68a-d099ba5522e2,
30f2b6ca-baad-4467-ab05-c45489d0a1f0,
31d16dff-057b-4aaa-af1a-bfa29bb695f8,34738539500012
32cbb3f1-e006-4693-a38d-42cee8b8817e,91421167700010
3621b5e9-a6ea-45f7-b5a9-621116083409,
3303d64a-52b9-4127-b378-77a531867b5e,88501199900012
3307767b-d786-4844-8fad-289ca925e126,78485544700016
3352e757-6ff9-4a6e-b71d-a79a27f5e264,
33551d4a-21e6-49a4-b7b8-cff619e68aa3,
33796f5d-a3b9-4a24-a4e6-3ff9eb7888f4,
33b830cb-a169-4dfc-a460-746c68febe64,12000601000074
33e40c2a-c925-4570-94db-60d15ad9fa25,
35492f50-7550-4bf0-ab02-e669e33273e5,
359d0c4b-bcac-482b-a81a-79ff0126c0d3,
35a14f84-01f8-4fe7-92d5-96e1c9e399a2,
35aee09a-3781-460d-b238-4380daaafb41,94062628600014
35d1a851-ce42-45ba-89f6-f80bea8d7e31,
365abe0b-9e91-482d-a133-fbf98940cede,
36a7e993-5010-455d-90ca-0a22c0fd2e86,39267050100049
373d5632-80ab-46fb-91d6-bcab578c3085,
379b1405-6981-4850-8f98-0f882104ff50,
385b588b-54ae-440c-8db1-376489e57a69,
397e3c16-3f71-475b-ae1e-476e9a328fe4,
3a293c3f-9bbc-4040-9333-d82e699c1796,
3aebe5b5-ed98-4aeb-b348-6a8d4b4ff02b,
3b0f76d1-2765-4914-8429-21dc8c376b3f,44255658500010
3b4def57-901e-4136-baa5-82d0d5884fd9,
3bc2f815-aa13-49b5-a0e1-b296577fb026,
3bf120b3-5d92-427b-be6a-61bcb0eb6721,39985024700038
3f8b09eb-8415-4fc3-8d2e-40f83f547867,
3c3971b2-dddb-47d4-a12c-6963b921c4fc,
3c4b2b22-6038-48de-86b3-d99e14bc1686,
3efcc4c8-3acb-4a1d-8db7-293b097d3d8d,
3f1132b5-5e26-49b6-b19a-cfc02d636592,
40a97e8c-f267-4af1-b3be-ff5be3e307f1,
41478fd2-2190-4ac7-895b-5a05cc14d387,
42c0be56-b151-4db9-9320-fedb2aa88c66,12002001101155
436fa5da-6444-4560-a390-827df7ceb160,
4377bf8d-6ba9-4a46-907b-fb057e4049d5,
43ba7cdd-ed93-453b-b154-9c7c827a581c,13000552300019
44400989-519e-47e8-85f3-6f8b1d984ae7,
4517245e-641d-43de-83f5-22ee3cd7410b,16006403600017
45542520-9469-4105-94ff-81ebb1eb1105,
471fe98c-f57c-4882-8cad-dad7de864f9b,45214923000016
477ba622-ed7f-4ba2-a146-05533800c7c2,
47843cf7-1cb4-4a1c-9000-16c0abddb2b3,
47ec8cc1-5c27-4256-878a-cc6b82212911,
4811daed-de5c-42af-80b3-1c11d5fcccda,
482b11aa-ef15-45f4-94ba-a3764f1a6cad,39267050100049
488612c7-852c-42b1-adff-0d911196df71,
48b92e73-e21c-4aec-9c89-8529ddf1becc,
48ba6ac7-5817-427d-a994-51e9dbb0ed95,
48c1c704-fcd4-48a7-83f7-8003afbbb555,32588556400063
49c1bd1e-925a-404e-9657-59cfb8873425,
4a1e940d-adb9-4aa0-bee1-26f3fab02540,
4a1f608e-4e08-4c37-bd02-a1442c5a9636,47967777500013
4a2ec3d2-7703-44e0-a670-9faff3347aa4,
4a40b8f6-6f6d-4771-a9d7-bb5fa58c25ad,
4ad65d64-78de-40f7-9d99-9a95700f4b5a,
4b0fbc38-91dc-4e93-b54c-5919380f4c29,
4b3bd4f4-7d70-424e-bf10-b5610e554d4c,
4b55b7f5-d349-4ea2-8953-3620af83e26c,
4b8abd19-baad-41d7-96aa-48eb38417cd3,89247897500014
4c065391-d9b4-437d-8645-bb88737d9faf,
4d9f0879-fe83-4709-9f9a-ca0bd8f84e6b,
4e0e8cca-4f64-4de1-80a1-c5c9562214b2,
4e1711e9-60a5-4921-8d55-91a18d34429a,26590355900010
4e8555ef-aaf3-4de6-af14-caa0edce2616,13000496300026
4f6ffd88-e444-4aba-8b08-054ebbdae03d,
5131c00f-7cd1-438f-a873-1fe304e18f3b,
5180fe4c-c091-4561-b7a6-3a80d97c1a6e,
51bbf743-c75e-45e8-8ae3-29297170cbdd,
51d5ed5c-2f36-4b86-9c3e-e32c416bd07b,
5218b02e-170d-432f-8895-1c54ba55bf69,
52bf86f9-ce38-4395-937d-3b620dec93b4,
53fee946-e683-4223-9822-8364a011de79,10200000700017
5422db2e-a13d-433a-8ee6-9df6cdef0640,
54486904-9ce1-43a1-8f7e-cc047144cfd5,08698109900046
554a811c-7c95-4f00-963d-ea51a5625986,88501199900012
557b40bd-a528-4a18-8476-c4159c57ad8a,
55f76574-2581-4e8b-b57d-32d1b4192fd9,
5607e30e-31ec-45c6-803e-670b639f3162,
56907f88-7d3e-427f-81ec-88b15b999bae,
56c7268c-0361-42ce-a80d-8bce8c8390a9,
57b08e83-c1dc-4e45-9a57-0da6620cb88e,39267050100049
57dd6679-d41a-4da5-9208-c9b99afe710a,
5809a953-0725-485d-95a5-59bf77b67d25,38883310500017
586fe6d6-45f9-4729-96ed-78880ef5a057,
588c9bd8-4200-470c-94a8-3a86288680b7,
58d2c293-76c2-443d-83af-e41c38ec3cdd,
5937ac5f-d8c1-49b9-9ad0-57667f50e9e3,
5968b622-1920-4b92-930a-42289d54c499,
19046ef9-b9b8-428e-8cb4-702df73fbf92,
19e7f8bd-57ab-4b46-b533-010f477c4df0,
598b2c30-a957-47e9-9eb0-5d3e1dc21350,
59d2f5c7-cffc-4ecf-a825-4f07b22455eb,18060005800010
5a1e9982-08fb-4ac4-8ec1-a09afb813cc1,
5a3c880e-0d97-4579-ace4-1eda9ea550a1,
5a49d526-738b-411d-a0f3-858eb724b7b9,
5b2422b5-d714-4e20-b0d0-cf6aade17592,
c158b0f1-a812-4415-8608-bd7c5636cf4f,
5c37af26-d392-4da1-a86f-299f4cccac20,
5c548512-6232-4ac3-8839-1c470c2ef715,
5d0a9951-ee14-4c8a-8f72-ef3ddc989bb9,
5d7f0d6d-b751-4096-8c9f-6088b5665a44,
5df2623e-9023-49de-b319-9491cdc813d6,
1eecbf34-290b-4969-bfc9-ba0882decc01,94800893300012
5e0f6310-b00b-469f-a51d-b113c0667037,83484163700020
5e9ed49b-8ba2-4446-8b04-3963e2d578c8,42825704200054
5ead85d6-8f29-40ff-b3b3-356897984dbc,
5f26c4e3-5996-4261-83ba-14febba858d6,
60922f1d-7c85-43bd-a660-d584dd9a10da,
60e4559b-a1dd-4b7d-b391-6f02552bd838,
613c8e04-3969-476f-8f53-c1af9e9510b5,
61461663-a018-4e40-9ef8-562903b6529a,
61d49a8d-790f-4ed1-a534-b44e9f10b875,91405819300014
62b4a58f-e267-4b66-a69b-68e3b0605d7e,
62c7f6f4-fc05-4ddb-a320-349d8a95e7cf,52777370900011
6448c58d-11f2-43a1-b662-476fca17fc66,
6491a683-b561-40b5-93e8-82fba12835bd,10725488000019
649649c0-87ea-4782-92a5-ff8ea836581f,
6b3a3ea8-2808-4246-9be8-61ce80e569fd,13002039900023
6497d887-ffa7-4233-8b8d-8c7ac2803005,19751720400016
64a19c53-d11d-4b4b-9800-a96107e5bf66,13001641300135
651c689e-fb40-410a-baa3-9ea77d40bb7c,
652cf97c-cf49-4ffc-8fab-87b8ffd0049e,
658b1be0-43b8-4b32-aa76-44ff81ca72c3,
65906cd3-601d-469d-bbce-0579042013f0,
65aa95e9-4fb8-4150-a759-a816cbbd815e,
6662552e-b50b-4f4c-b6e3-93b33ae9ebec,
670616ae-2a07-4818-b528-d724e431e8c2,
670c8917-4bfc-4e10-8d4a-f4ff855756a8,41833459500018
68ef4b29-1930-4c18-b312-f3b2b442ebe7,
698b86c9-4da0-4264-b9cc-faf48d781dcb,31780496100017
699e3675-336e-4cd3-9d52-7ba89698bb3b,
69a937a8-1d1e-4e3b-9a4d-b28a170a2595,
6a0568e9-dc0d-4037-becc-54e6091ef081,
6b10ea4c-75c5-4cd4-a237-8c8747d95b2b,
6b15ae29-bfc9-4d20-bb1c-ee4e919fb112,
6b38de6a-c292-4eb4-a47a-48a30af44e2c,
6b51a5bc-9703-498a-95b0-b4040a7e9a80,
6b7e74e6-1682-48a1-bf54-adcb0eb8c5b1,
6b93b5bd-4438-4e93-9156-88e4c0ac8e19,
6ba439c2-47c8-4be2-88b7-5d57568519f7,
6bff39cc-258d-44d1-a3f2-cc61b58ad227,
6c196f1e-d488-449b-a296-71c9f68ebcd4,
6c4ca724-0b12-4960-b5ca-dce0960edc7a,13000552300019
6d0b586d-8fe4-4070-a22b-bcb1193db992,
6dbfee00-f9b5-4b98-8105-3441ddcfb950,
6dfc501c-acf5-4079-a44c-3677dc40d8a4,39267050100049
6ef50ba2-40ea-411b-aa51-91cd47b79639,92504713600021
6fc29e64-282b-469a-a244-bfbd9a3ff0c6,
6fd43b91-4450-4ad8-8213-46a6da0ff1bd,
7018112a-8d2d-4458-a321-55556dd6c9f6,
7074be8b-fdc3-4a96-ad71-7889d1b67a9f,
7083b5b3-0f59-43b7-933e-9934db143faf,
71638010-ec7e-4c6f-a0e7-453d7b97075a,
719d6d3e-ffac-4dc1-8fd6-0af0dcf9a4a6,
71d8060e-d372-4213-be18-6d1d1e8d34c0,
72206ab2-5208-4a8b-a5f5-5aedac192d9d,
7247b00f-d8f0-4cdb-b6c1-e95860053dbf,
724eef71-496d-420c-bfff-a5bce5177f8a,
72fff2b9-3ee9-49aa-81db-0b3cbc7adff4,
7361f525-5cf0-4681-9935-7b5a08685434,
7397df15-6d3b-4ab8-b94c-d0bc17f32496,
73d669dd-12dd-437b-ba69-70fde067d993,
73e1bf24-6a36-4812-8259-b8d072f6b923,
73e5b030-e578-4df6-be5d-9669dcae902b,
7409c6e7-5d44-4aab-9630-b03d6785defe,81476205000015
74aba9a2-a808-4b5d-8ec0-dba0df7a61f0,
74e54d2c-60fc-450b-9941-0644fbad6c01,
752cc936-6f0d-4308-8a83-97c7fd55e51d,
759a9258-17c2-405f-94c5-c068f4759b43,
77096538-7170-4480-9261-644b9274957d,
77ac752f-a156-4c7b-9fd5-34ba94a15583,39239852500064
77e4b1bf-c078-4000-8c83-3d188682fb73,
780173b0-3e77-4fb2-9789-1b5c540bda7e,
78c03c9b-d04f-41f0-810e-32863e5b5f28,37922792900021
799dfb93-c8a2-4ec0-bccc-7fbe5b194b36,
7a7be487-0beb-41d3-a7c8-cb0600e5082c,
7af8e706-367b-43c1-a82b-9329f5bb7127,
7b26e095-9bd1-41fc-9971-751f33cd3b08,
7b355dfe-0687-40ae-8cfb-056fc29f488f,
7b63283e-b3e9-462d-bc18-16cbf3a33167,
7bbe4e90-e640-4fbd-bed9-50e4a94b04cf,80056745500012
7c59cca0-edd9-4dda-bebc-cde957ddc3d3,82037769500029
7d6665a0-cc87-400a-a90a-9a3125d0112a,
7ded1432-e6f1-42ad-bf62-a6c2bf5f8f48,16002205900010
7f01b0ca-9944-4e08-8db0-3db6107c434b,
7f2cd956-8607-4c3d-8039-eeadc0fd51a3,
7f9605af-36f5-49ee-a7f1-f6ab62b7ff7c,
80ad90e0-683a-4a3c-83a5-5f0ec22b12e0,12000003900012
81a16d86-6de4-4fe3-807b-16e4d2fcce46,
821ae1f5-35c2-4552-b9b9-33a5739c0336,49060902100012
825be9fc-35fd-481e-ad33-c9bf127f2518,
840718bf-d730-4b7f-8ee9-07a461a55445,
8418a142-b143-49c9-9530-94f79ea6f6ae,88845899900016
847a9292-1931-427f-a023-2cb3a6b50021,
84fe3f0e-9bad-4241-80d4-25badd27bd8d,18000501900047
858b1dd7-48cd-4ac4-85f8-51430cdae784,
86021e2f-174b-41d9-992b-a98b684a7fdc,13000552300019
875b6cd4-28c2-4f9b-8275-c5dbe8cda711,
8795c7cb-30e7-466a-8cd0-c3411a657702,
88116bcf-6360-4d8e-9801-4405791d4e28,
a0e440d3-4090-4e87-9a1f-c7a0b701f582,
8818c716-191a-498a-bb86-2d9c8894ceab,
8841162c-b5c3-49cb-aecb-ad9898d142f2,17993500200016
889e3f0d-e37f-45b4-9e85-1903476f1908,
88b173f6-d86e-4cd6-9f19-973d2b438f13,
895f69fc-3eca-42e0-af71-0bab8c5e9837,
89b080ff-7c11-4fa0-96fe-58aa8871898f,
89bcac23-dc6d-4cfb-a183-cc9e3f08ea73,
89c7af1e-a8c0-4cfc-a8fb-3f82af28458d,
89d1d1b0-0ada-4ff0-81e0-3b9e2a383055,
8a00738d-46a4-4a7e-8cf9-85d6186ba710,48929123700027
8a5fcb80-a914-4465-beef-fdf1853efddd,
8b61a00e-33c2-4445-ae40-2b5d7e76a3cd,
8bacbc28-a18a-4090-b9ba-f2c48db1c289,52910774000019
8bd7db17-c120-4995-b50b-5eb252afbd43,
8ca2d0dd-3316-40d0-a191-0c4fbcd402c8,
8cef6e77-c5fc-481a-89f9-1167b1d94cbc,
8e543b8b-0cec-4a58-9268-0263f73ab85b,12002001101155
8ed2a706-3c8e-4aab-aca9-2ea40603cceb,
8fa58dc8-df52-40a7-8db2-fa6e4389e9f6,13002195900015
8fd72df8-d87a-44e7-a453-ed03bc5b91ea,
8fe6f475-e3a0-4443-9293-866231a57540,
90994312-2e70-45dd-9072-c70217ec4ebe,
90b4a970-ca3b-4658-a6af-edc7ffee1fe8,
90cdb3e1-81a3-499e-9733-22b89d8aa1f0,
911e2f11-875d-44eb-96a2-ee8871b4fea6,
9166f172-1eab-4090-8807-11fe1cee2778,99305020200015
91688bcf-c7d8-4ff6-9d54-6f56ab1edb38,16002205900010
91706afc-3b4c-4958-a962-1293d30f9707,
920db013-a68c-4979-b61b-a72dbff4b863,77565742200041
922b8102-9956-4efd-895b-41907059d8d4,
928618ec-aafb-4376-996d-6fb83f800e70,
92865798-19bd-4764-b868-c83881156f73,
92f5e90a-59d2-455b-93ba-ef9ce7aa93f2,
932f5d19-2553-4207-b2b7-9659c8a3200b,
936e2844-4ab7-4e3b-b3aa-d655d81cd950,
9390a400-caaf-4c09-8854-16b71f3858a8,
93a72926-4eea-4096-b2dc-b0d1b34d76d1,
945fdf2e-af40-46a6-9c26-4f8aeabdfa37,32387468500049
95193f6c-838c-4e5e-9608-e5851efa8b72,11000029600274
9579e7d5-578e-4a98-9dab-d496c1c460ff,
9604cd16-7a9a-4d49-ba6b-be6ffc43d9d8,
96f5fa81-e7e5-4794-a011-75aae703956b,
970bd52b-c7ed-417b-9523-e4fddcff7b1c,
971ae7eb-914a-4992-8ee9-56c0bbc69cdf,
974f30a2-327c-4b6e-9e12-a72faf146236,
975ef6b5-046d-40ec-bb82-2521f19b0a70,
98d62260-32af-41c9-a3de-d9fe02de4219,
9a7bb0e0-49d7-48b9-b95b-aa30d6a2599b,
9a88cbd9-0e81-4e74-a578-5edc5622823f,83827491800013
9b4d0f6e-ddc0-47bc-9ba8-0603e13cb91b,
9bea3202-0aaa-4df7-8cc6-75a4ebb1a1e9,
9c74420e-4d29-4bd9-8629-091a233dddbb,39267050100049
9d0d23ad-43bf-4cbd-85a1-b3f45df18057,17590001800011
9ef58164-6384-4e25-ab90-3adffd81376f,
9f0fe6b5-6a6e-4e3e-a8d7-4c778231f9fe,
9f4c6bcb-3a0b-4254-b3da-c45836f10ea9,
9f73b196-5c34-47ca-9005-b6339fca9a45,
a0b3fd2f-50fc-4351-ae41-42508f4c6647,
a16c3847-a859-4002-ad5c-f10b9642863d,
a3aaa817-1a56-4848-9b07-b749ed133167,
a1a3bf9a-2ab3-4853-95a9-2f6ae2cbaf76,
a1c60070-3ada-418e-a50b-78ebe3f89da3,
a26ccad2-4c57-46fc-b42e-851c348e09ee,
a273fb87-46e2-4655-a3dd-aa406cf28bd8,
a365c363-1f77-4f3c-9e06-9b9cd31a9eb9,
a39c12bf-57f3-4452-890f-0a9d099e38c6,
a3bcd327-d840-4113-b36f-ec02bfdaf431,
a3dccba4-58d5-4f5c-a686-9cd09c509499,
a454571f-8b72-444b-bb24-02ac30a3460f,
a45867f0-32e9-46ff-943d-80e53cb51f4c,
a614d58c-74bc-41e4-9884-4b07c2effeb8,
a62a8bf6-4f15-42fa-b725-5c9cd08bf5b3,
a706f021-2ce3-4043-a645-605f331376c1,25330606200022
a733b345-b1f0-4dec-badf-4885978db53a,
a77e894e-2387-4ecf-83ce-3c25fa0369a6,
a84b93ff-2910-4d3f-876b-b238350c0161,
a8a8f9c1-4da9-4d7a-911c-836806398d53,
a8b34bcf-3f02-48d9-a109-761cbe9a581e,
a9eb5ba5-e352-4ab0-9152-d11196863338,
aa348642-e58e-49ec-a145-5c1a57e87740,
ab7dbd98-d553-49d9-a83d-a495012fb205,
abc38501-b4c7-40bc-b22f-94b7e59de31a,
acb1af17-03bd-451c-979c-a8741d3a7fe5,
adac1594-2ec6-4b31-8cfb-0befcc780f33,
adae15a3-1cc8-46f8-ae54-ea51df2c8b2e,
adb32412-79cf-437b-add7-a98fd861cc30,
add91c78-5e24-4a0f-bf98-6592dddf92ff,
ae9a8f14-9b8e-4db9-9f2c-36d585151fe2,
ae9bc168-83d0-482c-829e-2978553859d9,
af0c9d28-f071-4268-84bb-e0905f6d8a4c,
af53d020-c03f-4d95-be85-dde72fd43bc7,
af9cd1fe-6a08-47b5-b3b6-c9b1d8022993,39267050100049
afed389e-974d-4f48-a965-3e7c827a24b9,
b0cd720d-2aa8-4269-bcf7-776212cb9d81,
b0fdf70a-53e4-46cb-973b-e3524d2e83b7,35074769700034
b1356f0d-20d2-46cb-864d-a6a66e1d8923,
b1711a26-76ad-4358-bc7b-0922775a5034,
b2af9606-e38d-4b9f-8bad-39da9e269b58,
b321c449-8e76-465a-ab6b-01543455444e,
b3a8b480-3f73-466b-8366-a1e8224795a5,
b6b506ca-ced5-4ba7-8460-43d50f95f462,
b43f57a6-47be-4a03-9645-0c1aac7ddfa4,
b4799a86-a985-40ec-94c7-1d55e7cb1795,16006103200019
b537d72f-db28-4994-91a3-18782213a1f2,
b5f6d35a-435d-460b-a01d-5f5227ca9a8f,
b680e384-1d29-47d5-b135-f17fdebe02e0,
b6b6f81b-e7a4-43a9-a618-a058f5aeb015,99490016500014
b73e82f3-9264-486f-9af0-6592fbb3cca6,
b87de55d-9770-4966-b54c-61bbcfcf3ae0,
b9930cdb-670a-493c-a711-b7337727494b,
ba10ba81-a517-4f50-bdde-a9561c33239b,
badcc946-4578-44fe-a92a-cb273628e6c6,
bb184029-2b74-4084-8057-b6f1a80e1386,
bbb5df08-2bb2-43ea-9604-6226268b6169,
bbbe2db4-eb93-431f-b9a4-c7b29ffc7552,
bbc06824-a16d-49b7-b92b-be42e416c19f,10086106100016
bc26ea46-55f6-49e6-8ab7-5790d13049c3,
890c4f06-fb5a-4e22-a7b0-bb03cc48b3d5,82430100600014
bc700fdf-873c-4cb7-93cc-4c4ab32056f1,15700031600016
bc746bbd-389e-4577-808e-2cc45cc1e99c,
bc934a24-a582-428e-9312-7ed103e82aeb,
bc95808e-14da-4821-9f6e-c1e98c924708,
bd1b78c3-dbfa-4fd9-b953-656a9242ec29,13000683600014
bda60f4c-5d98-4978-9219-5b14bb54e1ee,
bdb0a836-fc8e-4797-a304-a788c87c664d,
be26844d-2954-413a-937a-7aebf8667369,
bf106d45-e2bf-40bd-96ec-1a773a50a902,
bf6b8cd2-b3e6-4dbc-8b1a-cc6dd96ed930,
bfa78459-1201-4f93-9d0c-aae37447769e,
c0765bbc-0311-4cac-9642-3b916a7bee23,
c0e7a473-34ae-4322-964e-d5d6d6431f37,
c129ef87-d3b9-43c8-9530-7a180bda5d75,
c299ffc1-a2e1-487a-b182-439bbd4ba823,
c3293858-3bdf-42a6-9fa4-82c546a722a3,
c3b749ca-cd9e-42b3-88df-e2535ac0dada,
c450b51d-e1af-42e2-a16a-cc997f99c78b,
c48f9392-bbc3-42de-8952-bbe7d1710695,
c4cff977-f55f-4890-8256-611b8aa0c601,
c57a07f9-eea2-4172-bf7e-782fd5c8f18a,
c59975ea-4a32-4dba-b4e5-dbe5478c4420,13002195900015
c692b80a-3a34-46f0-bc60-138b6deff216,
c6bf3d9d-47d9-45f5-9828-e3de153a7689,
c753bf98-208a-4e60-88d5-7eab0384efdd,
c8f70878-8d91-4d14-a79c-5ac165b8073e,
c999c43b-0021-456c-9e93-7d06c473c632,
c9aeaac2-3147-489b-aa0f-2a9759ca09fa,
c9d07e4b-5a84-4db2-a3f9-92c1b9982123,
cb37abcc-0152-4701-9724-849a66090a35,
cb70b07f-41a1-4a63-958b-bd1d64124e27,
cbe94eba-6027-4284-b043-ed7927d2354a,
cbe9b886-704c-42d3-91c6-c2a86b0f35df,
cc184ce4-d581-4980-8a8d-21bb5379ae29,
cc591f7b-b927-498c-b80c-c3cf2f56cb49,
cd1e2176-1a29-4339-8ba1-ab8fe41966b0,
cd4bf41e-3e59-4196-aa02-554d4cd7afe6,
cdb29248-2829-4970-8445-0e2b3403707d,
ce4c2300-d7a3-4213-a674-0f92d10b91cd,
ce557ce3-ef7c-4106-84bc-435f84b7f1da,
ce953895-05b5-438d-b97e-3af93de45689,
ceb1b5d5-36ba-442c-a849-751c8bb84eb9,
ceec6c47-9988-48fe-9486-0493f4a63149,83872053000032
cf600422-6d36-4913-bf4c-a803bd66fca4,82240652600043
cf8430a5-fea7-4dbd-b1fb-8191923e718f,
cf8837c6-f780-4ba5-a4fa-550cdc40ff51,
d074dc2a-8ea8-4fcc-a969-9a4b9456ab9a,
d19bd949-4893-409e-8d89-2f1d10d9aa84,39267050100049
d2097fb3-3a7e-4a90-83b4-8f71e3b8763e,
d2e2a04d-768a-4efe-b07c-1e9eb4f261e5,
d3684716-a407-457d-8295-e635023e3fea,
d36e7fe8-ee1e-4445-8771-2d388dfcd450,
d38bf222-196a-4844-8a1f-364ff00f00bf,
d3b58543-f5c2-495c-8164-55627a6f7640,11000029600274
d4c0d384-77e9-4a55-868f-0e52741bcf4b,83759580000033
d4efdce8-2d21-440a-913f-277dcb10525c,
d58e44bb-2ed0-4888-bcc0-f7c52925ef20,44013152200029
d59dbf00-95e0-4f7a-9f30-94f08d820886,
d6da60c2-e613-41c9-94f2-7c37b6fa5a76,
d7311324-242d-40c2-9eb7-d3f26d325481,
d73b71a5-b10d-48d7-856b-308362d7f50d,
d7a35a25-aef2-4051-84d5-9d4368a58658,
d7d25eb6-c308-4d83-8113-202e701b2fa6,12002001101155
d7e726e8-6c39-4828-8718-e4b06c8a4c58,
d8a88c83-25c5-485d-8e18-39c994b94ca3,
d901b64d-0454-44a2-a3e4-b5cabedadbba,
d9ee4a3f-da74-4425-94dc-ff17759093a0,
dc8af32b-efbe-4453-9d9c-95a6260b2034,
e11c5128-939c-450c-9d31-1872c8487648,
dd599290-117e-40f4-911e-3f4268564368,
de4f6f55-d017-4c84-8507-e3c8781a7f74,52020629300018
de5fdd60-6768-4f05-924e-aaa146d959ea,78226085500013
dec0f2b1-0918-4080-ac88-fda9e113e6b1,18007003901803
df0cfecb-6c42-4ab0-bc49-284cd4305e8e,
df50f479-8aa5-43ab-943b-55d12d6455ef,
dfed586a-d50a-49bb-8264-32826e4fd9cb,
e0561000-2903-460b-bab7-0ecf84e89163,
e06ffcc7-4dee-442b-8ce1-fd50b50168de,
e07971f8-c3de-4490-92f3-1d6122359b70,
e0ad3c79-896f-4613-852a-c145cc282943,16002205900010
e0d53876-de6f-47c8-82a4-783a8569c1c9,11000029600274
e125d3fa-6153-47fb-91c3-0915b08b8944,
e12c7bcd-2e38-475e-8d45-7231a791c6d1,82752150100037
e14bc6eb-116d-40a9-87f2-330c62e0de66,42825704200054
e1c7fe09-6f63-462f-b336-5cecfba83259,
e2cf9ba3-5187-40c4-b986-952dab6aa8ff,
e1efb7c1-66e7-4a1b-a299-d86e93d2426d,
e1f3161b-04e2-4036-a671-b15276273d34,18003101500027
e2177b47-2199-4738-a935-78c166a51706,
e31c30be-7b72-48e1-9084-e4dd2a009a89,90961896900028
e33185b6-db1a-43d2-bffe-2793d62e65de,
e344e403-8171-4311-bb84-f1520ca04c9d,
e3576593-0ca1-474b-8d80-991044e072f2,
e40b3fae-fa16-44b8-a1e3-9d17dbbd7cd8,
e424547a-189d-40f3-a1f2-eb9a9f68a441,
e46035b3-fbff-4724-a8cf-d88c887f304a,
e4abd0b7-9e08-4a18-8ed7-058e60e52125,12004305400010
e5eb42ed-94c0-42d5-8fab-14104be30b94,
e7ec622f-0460-4fac-8078-6faadbd822b6,98075121800010
e819de25-c31d-4035-8e56-d3d46f242e48,12001505200018
e83b11ec-0341-4170-868b-33f076c353d4,
ead5c811-208c-432d-b6ee-ecfc493f789c,
eb38186a-c0db-42d6-8547-f380d9144835,
f1190a3c-55d8-406a-a105-96a2a318ca5a,
eb898774-f2a4-4aff-afe4-1121694682c4,18004619500012
ec0198bc-9dc5-4fba-aa6e-438ccd8bb274,
ec0b722c-38e4-4b45-84c4-c5a7a3600ad4,
ecbafd4e-2566-4c27-af14-7fa2cea520c9,
eccb5bc8-27db-43e8-ae73-b3c388239014,
ee42fac0-7691-4396-91a9-6d146a564f0d,
ef628082-bafb-406e-9506-8b9147cd09c3,
efbf39dd-8f12-4a96-8d4d-f645630cad8b,77562405900645
f15a35ed-3299-4deb-9293-07a451699201,75338481700031
f3b05e3c-91a1-43ab-b19d-404e9dc5d33b,
f3bf2cff-4f56-4c5a-9bc1-1e33adcdb097,
f3f993cb-6318-4d3e-aadb-e3fc11d9d582,
f4a394d1-296d-4584-8590-79b4a07e8500,
f4a49c4c-9a6a-43a4-b042-08bb4f5aad3c,79884643200010
f4b88d18-a975-44bb-a694-a194550db21a,
f4dda57f-ecd2-4b8a-b5a5-0bbc8d20ff8e,
f522d902-cd64-4d6a-851a-b875f50d45e1,
f52df70b-10bd-48f7-a83e-5cb1d97f52b1,38266800200035
f672ad53-cb44-42ce-a31b-0c4e2a764bd9,
f67f9fc5-b10b-4f65-a94b-f94d6c4d8715,13000683600014
f687eb25-dd0b-46ff-8914-de6c60351dbb,
f6d3e188-b671-42ae-a8dc-800230cc8b07,
f6f23779-054c-4220-834d-ab91b4fc2a2b,
f821b689-7de2-4ee4-9e9a-7d57aa258bcb,
f8f69b99-883b-478a-ab08-d229e77ceb5a,
f9294113-5128-4dba-a624-5362115e9b3c,
f9890b69-0ac8-4b92-895d-563812596b19,
f993a92e-d987-49cc-be44-23800fe531b8,48033249300026
fa34b3c3-86b6-4cac-9e16-47e0bc5c198f,
fa9d28c1-cc44-43d9-90ba-59cc3f4b5b4a,
fb3bb25b-a6ea-4e0e-b363-b3cf451a0591,
fbf7fe76-7fdc-44f0-a53f-97018d9e8bd8,18000501900047
fc0ed5c3-6b6d-4110-8878-49cd3ab971bb,
fd0f42b6-b5d0-484b-9c29-92154e821904,
fd4b26ff-947f-48ac-8b40-0b24f59c8269,
fd9d94af-bcbd-4fdd-90c9-868f2f025c73,
fdbd350f-92cd-4547-96d3-b84f37f5a7ee,13002348400012
fddb6572-fc02-4a73-a416-fa0e0aefdd40,
fea7be4c-2031-4755-9913-3f2298366658,39890998600034
fea7d518-e05f-4dee-b023-3492b5dfc112,
fee9e87c-8231-4f7e-8d4c-f0c93502f4f7,
ffdfa846-d99f-445f-96ab-71ecf0873395,
00564b69-75e9-4a8b-89ac-b5490f2f6fd5,
00d54e8d-74a4-4d0f-94c0-1a9692b0a88b,
12032324-056d-4be7-902a-0fde09c46d46,55210940700056
01482b08-4950-409f-88b6-a7ace07427ef,
01b63e7f-330f-4c5a-bc75-ceb2c3cb02d2,
022e08de-1d99-485b-8651-865f61b70e23,
041c3291-25bf-4bbc-8dd8-af14eab7f8a2,
04cb7a4c-5602-4aa0-9c76-4e44bceaf4bc,
053053fc-1e92-4059-b97e-d000ec892270,
0572bff4-2153-4b2e-9ca3-e15fdd27e3bc,
05d1df96-5b06-42bd-b3a3-f1f0cc9c3b30,
060bfddf-b506-426f-b55d-9b23cfef1d19,
06424e8e-82b2-42b4-bc2f-e601e3945586,
074b9bce-916f-4bd1-bf40-65487a0021e6,79523979700017
079e01ec-ccdd-4092-9068-d4b5c835856d,
08dc4b48-34f6-4a43-9096-90f9ce02f0b9,
0aea16db-9b83-49a0-ad88-a9d33e41870e,
0aff30f9-de68-414c-97ab-03a92890e4a7,
0b32c22f-d174-4fbb-ab62-7c410756ea43,
1ad3ec2b-3276-4b0d-b16b-9db2666b9d6a,44412557900011
0b920c1b-6128-4c98-a5b4-1fb9a3d9204e,13002533100013
0bf84378-1b52-4dda-947a-ef747056a8f6,39267050100049
0c14910b-4f0b-4a51-8f9b-4b9378b0d842,
0c227c51-ebaf-4fce-ad7a-e32e8e91e6f2,13001641300135
0ca6584a-c0cc-418d-9e88-b84579be87dc,
0de2067f-43fa-47bf-aded-050dd0eff20a,
0e0b2aa4-d18f-48a2-b9ce-3010865d51a7,
0e23fe55-4b85-4503-8daa-2a073218c075,
0e99d121-56f6-4a37-9170-826e513272c8,
0f3aea1e-9b86-4fa8-bedc-9da1c77a48ab,
0f59646e-eb9c-4419-8a4d-d3e90c76ec7e,39267050100049
dcbf31e7-a58b-4bc9-a533-5be785e55007,90892742900013
0fe1f893-16f2-4281-98d7-2de3a0fdb57f,17750156600018
1050c5d0-c12d-4b3a-a28d-9632d9c71074,92398007200014
1052e813-8077-490d-bfa6-3e04822f2437,
1077a0c5-941a-4a36-a0ba-09c425427bbe,
11183eba-e47a-4768-8a66-950f49da0550,
118aacd1-6d35-4b23-8df0-60a4676b47b5,
119ccfcd-1070-40d5-95bf-39e78a498032,
11af833e-11ea-4890-9ee3-fcbace4cf36b,
11f60628-2860-4a42-9349-e54d315385dc,
12ab3487-cb93-478e-88d5-bff7144b9f21,
12fc12f0-eceb-420b-ac86-9d4cfe1bd4e7,
13547cc9-0c5c-42e8-addd-2dce0d4078ab,
13aeff1d-1d52-4bc5-88db-ef56743cfdcb,
1492c983-9762-4adc-ab18-a72864bbd779,39267050100049
15889480-9f59-48bd-978f-b76b55c8fc92,
158a0052-9746-43e5-8cfb-0fd990ce7900,
e1fca08c-3d48-4c74-bf0a-88effaf234bc,13000552300019
16a488af-dd16-4b7c-82cc-396a96c560d3,
16feb10a-3790-4390-a3f3-495aede5cd5b,
17428608-0093-4782-8e28-f3f55b5dd77a,
1765b365-128b-40e6-8753-d6167be8d7bf,
17bacf48-cd3c-4569-9cdf-2a3badab1848,
17f75457-94be-423d-8504-15277475a4d3,
1880ece7-a28f-4cd6-b116-3011d5b12d31,
196d53ed-8b0f-48cb-ab11-d9642b0e1933,
19dac28f-1189-444c-9f70-ffedaef59b3f,
e6d2282f-06be-495a-9f44-61d98ecef4a9,
19e1361a-27de-4259-9f8d-27bf7c1b3ef0,
19fd4dfc-903d-41d0-85e7-899964dccc2a,13002112400016
19ffa7b3-d7a7-4a84-bb2f-a26ea660271c,
1ad40156-4d99-4048-8115-9cde69163784,
1b14d3d1-1f38-451a-8e71-a494971b58b2,88857423300043
1b270c74-e790-455b-9b47-9c2bd91ef63a,
1b966f62-e2ca-400a-9448-890c7ca2c6bc,
1c231a27-41b1-4895-b0d5-7c5432648c74,
1c7646ed-63a9-4d3a-b059-263abe4d1850,
1dbe9b21-30b7-4280-9845-e432f6d6a73c,
1e72cafb-8905-4903-981e-298c735e02d8,
1ecc2f31-d42c-4a52-9394-abb9428af8ee,
1f127b2b-235c-4422-bb3f-e03fae7843b4,
1f2b8919-f465-40f2-ad4b-ff2c41094f66,
1f9c3004-93e1-4e76-86fc-fe14cfd24683,92215712800013
2af58f76-ce22-4e95-b88f-3340fba142e4,
1f9fc8fa-4723-4484-b8b6-370318b9feac,82526889900010
205d87bb-9085-4f07-817b-a5f7d0378e7e,13002591900015
206a578c-2a40-44e1-a77e-a056ff682a0c,
206caae9-5a84-4088-9266-66e4d0fec429,
20a529fe-783d-45a7-aca4-b235af1903ae,
20afeb11-9e5b-48a8-a4a4-1d314cf60a6e,
20fb1d5c-6e63-450c-9bd4-7e563e82d4c6,43395769300503
2119ad49-b87e-4630-afed-d35ee4f489a4,
21e8b687-7584-41c2-85dd-24b6fd4ae99d,
2237223d-292a-4527-91e2-bd9c8d06c19a,98315580500010
23780e1b-9859-4115-85f0-99bbadef9962,33499373000012
23c88dd3-2a5d-4f26-9c37-40f663acbd24,
23d87831-bd09-4fee-8651-87cb2eb471ba,
24ed3c4d-1b01-4a19-894e-532548bab348,
2505b368-dc80-425c-9fed-5fd390a19dd8,
250f4b1d-0877-4930-bab4-c971c24ff4ac,39095191100028
256c7fbc-71c0-43f8-926f-22e8618bd80d,
25d54f56-003e-43e1-a96e-ab2c8c477e3f,
264327a1-a856-4655-97ed-7865b2d63dcc,
264698f7-fa26-4b11-86e6-18a55aab7f4b,13002537200017
26921ae9-c555-4502-a1cc-9eff6ba904e5,
26b1bc49-69e6-4380-9b26-94f43b1ab733,
26d40f9e-4e9f-4a98-b7b7-f07f5b0028ea,13001202400183
26efce63-483a-4145-b5ee-0b8cc3f22508,
2763b9a3-215f-4e2b-931c-cd115ed3a805,80833586300011
277e4537-95d8-49f1-bf5c-f455d6ee2022,
2787059b-4eaf-434e-be4b-c7fdda3b1db7,
27ae82f2-c6ff-4e6e-bf00-145ca77eb377,
280602e0-2887-4901-8eaf-6fab3c38b6a2,
286efe8e-ed83-4d8f-b81f-133ec8cbfb67,
28beb60b-30dd-48bc-a1a8-970e8d2ed190,
28fc8cbf-48e6-4131-af7b-e64d8c9debd0,
2911d555-5c3c-424a-9f53-25ef00f07765,
291faa80-af39-42df-9aca-a83e60a0a03b,
299a4371-58ac-4227-b3f0-233319096125,
29e44e3d-bf06-466e-8d27-35a81e6d58a5,
2a4d5eac-728a-46d1-b54d-c411b89200cd,
2af07f74-c2da-4ecc-b87e-065f3f4b408e,83827491800013
2b9b9212-1549-4562-870a-17a8e93e031b,
2c14e26b-1a84-4093-9e43-59a61b693dda,48877908300010
2c235fe3-394f-454b-b172-f0dd29e58f4f,
2c6feeac-126a-4ef9-a01c-c0ecf7d06659,
2d5af244-7e66-408e-9d68-63c1b92035b8,
2dca690f-ffd8-4d61-9b5d-13b9213852c6,99988169100011
2de476d6-f699-4bf6-a265-b5147bd6a948,
2e291278-9409-439a-844a-52e2d93c2580,
2e493e90-f7bb-4089-b9dc-9308cd235cd5,
2e87916f-eb68-4476-b591-320985f8ec82,
2eaa05e9-b5ac-4ab5-97b6-f8b5f8ccd90b,
2f06d7db-3c20-4188-981b-30f439342b86,
2f2584d7-b9c4-4990-9032-5180522af361,
2f4a0e0f-153b-40a5-831e-e868f034e4b8,
2f7ea5c2-7bdb-483f-b5a3-de96bb5da041,
2fc9fe7f-6415-4d6b-b35f-9a82a8375656,
301f50df-aef1-48af-b762-c9c87dbc9fa5,
30dda7c8-6419-4f4f-a439-b4cfb3cf3777,
31b6eabc-f01c-4af0-9fc2-44db53f0cb5d,92384357700019
31f03658-fb61-4edf-bbe2-19d9c625ab6d,11000029600274
32017bd9-b7fa-4802-bfe8-7db8efc54a77,
327a2b0c-cdb3-4d9a-a7ac-608f2ff049f3,10395201600014
3339d41d-3829-4b0b-b93b-f5488dde8d90,
33750309-85b2-4c54-bc90-f0ea6eedcb78,
34382a5d-a225-43ee-90ba-3114855a2b77,
3462ecdc-eae0-4981-bad0-27435e40bd5f,
3476a7da-3f51-4fd0-a6fe-ff16bd56706d,
348398ce-d5e1-4048-b42d-fb70178da289,
34a8fb6a-25f4-4022-8af4-54c86f98febf,
355f32fa-f484-48fb-9874-0e5e2e2f64ec,
35b26417-e1dc-40e3-9731-36102b2fbaed,12000101100010
36e513be-0a89-44c8-a519-98f3fd4ccae2,
3707ee1a-dc0b-476d-ae01-fb9b1f209b78,
3737e0b9-1011-46f7-ae53-464cee8e2332,
377f0a1f-19e8-431f-ab7c-3af730917c0c,
37c3bfac-4d0c-4f6b-b507-fb891bd3cee2,33241611402182
38df46e5-1b49-430d-b135-06547430e3fe,
39da6240-fbc5-4290-9752-aef6ade1967f,10046917000029
39f78f26-fe3e-4445-85c8-4685d678aa83,39267050100049
3a264a77-674a-494d-9231-41cc9eb29e7b,
3a82adb0-74a2-49bd-9743-bb13078ee846,
3ad5962d-7524-4764-91ce-2bac953946de,84123663100013
3b61bdb9-f348-4ab0-92df-3ded4f4b774b,84240328900015
3bbd28fc-d4cb-4442-a2ca-0ebe2a4064fe,
3be342e5-a9ef-4038-9bc5-d947258cce43,54201695103613
3e909c6d-f572-47e2-8831-056c86ab7cd6,
3cf6ed8c-bc9e-4fa9-be93-84d15edce37b,
3cf93bd5-81fe-482b-bc93-1532026837b6,22380001200013
39ca11e2-7423-42e7-8186-cbc5a91fea7c,
3e217eb8-0d46-4e80-8e44-eaf7382dcf94,
3e88ae15-d13f-44dc-831e-c00efdd62b3c,
3e9c28ae-0e8e-48c4-bdd7-9ff0dd3d5143,
3f0b157a-2651-404d-91a2-6fd241be469f,
3f88620a-fc8b-4d1c-946f-96204d5f386a,
3fe17646-15a8-45c8-91b9-f77c2e40b2c0,
40b1186c-ff9e-4188-ad5c-088da4e1baa6,
410619d1-5c5b-4dcf-a9ff-0615bfb3f89b,
411c441d-2ef2-488e-b2ab-f29c0b41fff5,
412e6de2-cc03-4fde-8e40-b1e80a76d284,
42d1303a-f2ca-4702-879c-0d9a82c2871b,
438bfceb-6e47-4c2e-ba14-78d6e7bc3071,
45051fbd-7e5a-4d38-bbac-104c14887c05,
454d70ef-4c27-481b-b831-eedd6e699d35,
456a8e38-4a27-4c70-88e4-8d8f4b80b962,
45f51e5e-0ef3-4ec4-97db-dc15c4c780f9,
4624c4aa-53e6-455f-85f3-d9cb24c8366c,
46547847-e5b8-4a8f-b9d3-95792d481405,
46db3934-2af9-473c-9963-51dc346c9661,
470a506a-75f8-40c3-b85a-b9ca83a660f4,
4742c1e8-5454-4f16-ad03-a9d8a1314aab,
475a8ed6-6d74-423a-8068-6e5a352424a8,39003889100029
477e4e21-1410-423b-9288-c1a13415635f,
47d858e4-72e7-4c2b-9aa0-9144066800f5,
47e9c2f1-f143-4e17-b362-dafeeef7866e,
48237059-6d25-41c0-9c84-c47d8f88cb80,
48239883-4d2f-480c-95a2-e3df61b91af8,
482b5f96-9193-4706-8b87-e96215260c9a,
4946e087-4685-4421-b642-360c288db13b,
4973b88d-9e1d-4cd1-b426-958ccc089563,
49c7919d-a349-4635-8b6b-2b808e09c327,13001641300135
4a23ceff-f2aa-4e71-ba3f-af7fac4dd62f,
4a47e7d5-dc13-49f4-81b3-34b9ff997104,
4a6a5f45-b850-4069-aaf0-2484923be405,
4a8606e7-b6b7-46c7-b4cc-e4b2e29d5b2f,
4ad966e3-addf-46b8-a4a4-2da4d64920e0,
4b083103-10d0-4096-98e2-51a860c34c2a,
4b0dfac5-6438-4ebd-883a-c71f72b5b7d0,
4b1f5231-532e-49e7-a3c9-900acc0789aa,
4b6eb030-6504-45d1-9b7e-d54ba1b0e38a,
4bbe8a0e-f837-4f77-9558-352fd3083472,
4c457655-9a7e-4724-9789-45039039be8f,
4d7badd9-943e-49aa-8c6e-cecc37b9f0cd,
4d7d7346-fff7-4052-b2cc-76581a002b09,
4dacbc56-5b08-4f13-9a59-e76e38dd10a6,
4ddf20a9-682e-449d-a606-c49a3138f314,
4de44064-6760-4d3a-8813-178c4a306d68,
4dfefe4b-dc10-433f-957f-442628c2572f,52525162500014
4e1733af-2332-48d8-9d6e-3ef9aa333411,
4e7636a4-9bbe-4aa8-bc7f-67d15886ce2f,
4e8be841-f2c6-4975-8990-80348c32885b,
4eb928ca-bd20-43a3-b1e6-30987ea0779a,
4f5fba72-00ea-424a-8427-a9ff9ed42ea3,
501d5ee2-f1dd-4637-a3cd-f2efa837015e,93810656400017
50957eee-d122-4801-9dcc-58a53bd2e931,
50b48546-64d7-4a5d-bfad-c75ecb9db7a6,
50f2ddb6-867f-4a34-9e9d-f6c12e81de6f,12000101100010
5103df7d-2b52-42ae-86be-305685d86f8f,93468216200011
51217bad-0b81-4ec4-9731-24ea4d2ac3bf,
51b7366b-5e73-4c97-9ea5-86ad7cc28482,
51da2a7c-aff5-4d92-9ad0-022b24cd1aa0,
52f892bc-c1f6-4dc5-9355-11a42063a11b,77568132300108
5347dd2e-ba9b-41c8-89a8-b16e99f8750d,
5484df48-ecf1-4131-ac70-ef8c15f85d30,
54d8e161-86ab-47be-a03b-488c814c5734,
54fa2fd2-f476-4a70-b262-ff95e72e6e35,39267050100049
54fc9d7f-3a99-45a6-a488-f9eeee4a8cbf,
55e961ec-4119-452b-9c57-a282e6ef6b99,
55f76862-2462-4f03-a8a3-72c53ed60ec0,
55fdc428-a783-4584-8524-c440b4e3c87e,
5649b404-4380-4f61-a859-bf239ddd0109,
56c7ef36-c790-4712-8f0f-a7137663a8a8,
56ce7a37-1d19-490a-815e-cab6af0a7a48,
56faff6f-fb7b-4714-9ace-c6bbd7a483f3,
5731c695-e751-4f35-a3ce-395e73263055,
591621b0-0136-4ba6-9d94-ed0e3e983bea,
5b17c98b-8a8f-4f9c-a2b4-ae133720912a,
5bcf23e2-1ef3-4f9a-9e05-70a0c887e208,
5bd9b7fe-139a-4b53-9ee7-fc13541e4621,41042693600036
5ccf7b98-5bbc-4195-a2b7-21a9f370e020,
5cd13a32-4564-419f-a1fd-4aefbbdbf80c,
5d9a9f59-5b67-4070-bcbd-33a0e6d19779,39267050100049
5f0e5722-e217-4ae7-8462-fc0ffc2f2e42,34978603800076
5f25828c-af57-40cc-9eb7-44a9787c846a,
5f2cd032-0657-4ee3-a890-f2f3a1c599db,
5f77be9f-e51c-4f6d-9863-913046620302,
600763bb-72aa-4d72-83b8-aa92b4073e3e,
609dcee7-9ff1-479f-b374-c53c2959fc90,
61120c28-6490-45d3-93cb-66f313574f49,
615284c2-499f-4539-9f6e-77e3be4ad5cd,
615b9d09-85be-4154-b4b3-f8d47f92a1a8,
616aba5c-35b3-46a8-a800-4e96c440699a,85322202400020
617ff105-74b9-410b-8c8a-9c4dcd62399d,
618fe2c3-73a6-46d4-b45f-78c5de09c649,
622a21da-ff27-4f5a-ae74-133aa03d905f,
630465c1-2b37-47f5-9322-ed6d388cf005,
630acc24-bdc6-4f34-b53c-32a4728207bd,
6327dfcd-2eb3-4dbe-b2bd-c99d96c6f0f7,49809777300010
6332af74-cc2d-4c6b-b6a2-a6692445e30f,
64ef4be3-2f6e-4b2c-ac46-02e36b72c04b,
65611d29-3af2-4a35-840f-509e4807d0df,
65b72e77-0dbe-4fc2-ae81-df818ea7d054,
67c25cc6-f64a-4931-ae02-a43b499a2bcb,
67f2fe20-8882-4116-8648-f773aa586de4,
68969f05-d190-4739-8492-2c6fa696a3d9,
68f86346-4715-4b75-adb5-d76329a97ed9,
6915acfa-f56a-435f-93a7-85ae9ba9fc6d,89360530300013
6b447ba9-21e6-43ce-8e45-c8d7fd8310dc,
6c09c6aa-c8c3-4914-9e4b-92ae42cbe107,
6c448721-e65c-4af0-8316-7f1167a66ee4,
6ceba762-ea3c-4c5c-9cfe-d89bc776fcd8,90991222200017
6df7e420-67f3-4e9d-8f01-16084c123600,
6e76eefb-c0e6-49d8-9283-8c183f21e8dd,
6f16c333-5bc9-4fd2-baf2-91769822a2f6,12001510200029
6f8c5c57-3f12-468c-95dc-06f43a32aaca,
7085589a-cca4-42e4-806c-11a24d974656,12004305400010
708a937f-05d8-4a4a-9721-5aa9d1329882,
717560c9-6cbd-4b93-865d-f1132b6ed37b,13000637200010
7194ce61-3633-4a81-9547-35db22bd7913,
71add4c9-1304-411e-aab0-0d6debb18c93,
7237c619-f5a1-4400-8e0f-bf0e6d3f31de,50821074700095
72ae3767-83c6-4d11-b518-620824375648,
7ad3c037-37a7-40a9-85df-a0c29d280e1a,
72d679d0-3cc8-48d3-b440-74f5dfc1cbe0,
72fdfcea-8d21-4700-a5ec-3add5d3d846e,
737877c3-0e11-4fa8-88ae-1d849b564863,47995295400010
7382e301-111d-46cc-835f-16c52272a305,33499373000012
73a510f6-d4cd-4f8d-8c4f-9b4f34b003af,
740aee5d-1cf3-4e5f-a6d8-bdc948c3f286,
7452f3f8-7524-4005-859b-10a0a2d783fd,
748f6cc8-962d-45ef-803d-f2971de8fe72,
74fde7a8-56a1-4cd6-aa05-c6098948e95c,
766c06f6-8a81-4efd-9435-a515fe9a2465,13001195000016
76783b45-938b-4275-b46a-aebf39e8303f,
771858d8-6b79-4c17-b825-4d434f2e5d53,
774cb6d3-fedc-4462-b0b0-64520c550807,12000101100010
77ae3d14-7eb0-4deb-bb34-f317608c099d,
77f43972-e3ff-4f05-b2b6-794ab99faeaf,
78781e7d-bbcb-4b76-9d55-a3ddb0090a1b,
7f24a324-435c-4a2c-8c8e-a3d65ec7663d,
78991122-9b7f-4fbf-a37b-d07ca6e5ad2d,
78c0e0a5-6ba3-490d-92d4-32b7d94c0f36,
78e48d3d-d505-4bbb-880b-65d26eff53f0,
79397bbc-2bec-4bd1-97a1-34363ec465fe,
7b01aa50-2df3-4b1f-ac87-c0923c1b326c,
7bbc5d8b-e6e4-4ff7-85cb-e07bd3c9e4ce,
7c026b0b-7388-4bd9-a82e-977da1d4e33f,
7c743590-d045-4a54-9567-cde6c63bd58f,
7c9553ba-2ff5-4c10-9e5d-dcc3b59b1ee8,
7d8679e4-c285-4622-ba3b-c8bbac157634,
7db03707-50ca-42b5-a542-681b13b3f2fb,93230373800011
7db0f25d-dd2b-4170-ab3d-837aeba41823,
7ddef9d8-185b-4b1c-b43e-f2b7754d9ab3,16000001400011
7ec29f71-6ac8-47b9-9500-615d068a5f9c,
7eebdcb2-de0d-4fdc-a188-38b49b93453c,
802b67b5-bf6c-4b30-8a44-cd673156513a,
80fcb8ed-4fa8-4c00-844c-4a0189ab5218,20004869200012
81138fa0-83f7-449e-944e-a8659da96a00,
813619f3-e232-4fbf-a54d-150f6385a95f,
8311e9de-a02e-47ac-937d-088e7da7ac09,38012986648625
8436aa46-0994-4bf7-9a05-40737c4e0b5e,
84404cb8-3c1d-47dc-8e17-62918b76e001,
8479aa53-401e-4e0f-93bb-c400ac0134bb,
849c01fd-2531-419b-9aa3-fad1fcb0ca8e,
854d7804-ffb8-44b3-97db-d3ada84dc3a6,
8619fb25-3219-46e0-800f-869b934eb486,
8665ee01-f6b2-42b0-bf4b-853d7214713c,
876c82fb-269a-4377-8ce1-a3770e7527df,84436737500038
87850af4-5ade-4f7b-be6a-7ba12e0e10f5,
8795b3f7-de30-4be1-8f4e-3fbda5ee6956,
87cc6eaa-8d30-4960-9d96-02a7c20b638e,
7c63a9a2-318f-4592-bd81-5d91bd700092,
88b2f4ce-ceb9-463a-bfd6-b5ff366b2385,77562405900645
88ccc63e-3fdf-446d-8776-1e907a80fe7d,
890ab75d-4d58-4c12-a8bb-31345356f447,90528944300012
89d665c6-1237-49bd-ae85-264477255f9e,
8aaccfc7-1c54-4a23-80b2-9af91ebe5021,
8bcbb9ad-ad11-4b1c-acd3-b928c9cf3b63,
8bd64ba1-1149-416d-b8f3-b758982c89d0,
8caa1a6e-2272-468e-9069-d5c750725279,
8ccb8e5c-ce11-4e44-a028-2a0505c44592,
8cefb8b6-5245-4a74-8c92-247694d01e21,
8e10f385-fbac-4e51-bb90-a208788cf170,
8ef12a1b-383e-408c-aeba-f2d84b8791e9,13000495500014
8f039e42-1478-452b-aa7b-c5b452fc0482,49828720000014
8f1064ee-ea2a-4c09-955f-6a947ac0e54a,
90942427-3117-42ba-831f-10412a3dfde6,
90e12c36-fc9d-4869-b1af-6f2be104de3a,90244559200014
913c4425-92c2-4417-af59-434a797be56f,
9191c25e-45e4-4c51-a762-6e31f7d38ec3,
91a0e0fb-d234-45d3-b97b-a993fb130109,
91f6aec4-1d64-4d73-a36a-a646b67a4415,
9228ae56-de14-47bb-abb1-d8f52b04dda8,
930c59e8-f632-42ba-9aaa-b14a41e3e97e,91421167700010
93d9cfcf-39ad-43e4-b549-66b1a08fe248,
9401dbad-a243-4802-ac53-ca23ff97f94b,
94d8619e-02d4-4b1d-b606-93f4b143a9e0,
953089e1-65f9-4899-987d-229386f85f0d,44094957600621
9644a2d8-7781-475c-a891-c21faaa9568d,
968a396b-d937-494b-beef-765295c8999d,83488286200024
9826bacd-7b42-403f-9663-caf90c56f04a,
98d7141b-7bed-49f8-b49c-050f73e7fb47,34132615500015
9956c3ed-3aba-4b66-ba15-1f4e5265c507,
99c5fc05-f5c6-4f3f-9492-6383bdfb27cf,
99c7531b-e523-423c-9432-0389af9b6fa8,
9a19b1bd-e076-4e49-80db-bc2acaf71fe1,
9ad95dcc-6518-4381-8df1-bbf9a603dddd,
9bae3015-e26d-48dc-a258-6f63d15a8d33,
9c4d31f1-b539-4793-a0d1-a6e125123b68,13003001800019
9c5423d8-da39-4c29-b33a-5290ce473632,
9cbe40a1-67c1-48fd-ba47-94f9cf50cfeb,
9cd00685-b396-4b80-85f5-a8adc57511ee,
9dc4d39f-a3df-4569-85f2-b76874aac9ef,
9dfddca1-116a-4fcd-91e6-2156216dc94d,
9e05ab73-e3b7-4f27-be19-613010697117,
9ef75b0a-9273-412d-bbf8-68633bb94196,71201365500022
9f5b7629-9c85-4377-b8e2-35caccb6cf95,
9f8d7725-3209-4715-b29e-756dbd86e659,16002206700278
a0297fac-a0b1-411a-9f87-8cc3dd71e1c6,35600011719156
a0ab9203-6f79-49ee-96b0-c6a2f2729f72,
a0b99590-b34b-49a3-bb54-af8fdb18703b,
a174c0e3-2a6d-422a-b186-319d65fdbf7f,44342662200025
a25764a4-7630-4008-b908-3d561a98502a,
a2f16a38-3deb-4cea-9d03-ed1a93330251,
a2f40fa5-c23e-415a-9e6e-538bd59f748f,
a36600d6-9258-4855-aa88-7d6500be5927,
a42c1dd7-c123-450f-881a-b9e31c9454f7,
a45e9082-f617-49ac-a698-23087032e7d0,
a4bc5ba6-4c89-41e7-934d-288663c5c819,
a6951a64-02b2-463e-bea0-a2995953de2a,
a69c8665-b135-4b67-976c-52cb5e5a7db2,39267050100049
a81e9fb4-31e8-49c2-bae3-d3d5b08418e5,
a8e498f5-6205-4bdc-9bd0-ecb8e7fae3d4,
a956f6d7-9190-4a7b-9596-e4ed7676ae58,
a9621f6b-3ce5-4021-9340-9ee9065607d0,
a9ff2067-9ac4-4bc9-9eda-2011d742291f,
aad36bba-96db-41ba-adc6-2255fea966c2,
c09919bf-601f-4728-9fd8-460e2fcc43d3,
aba248a7-826e-460a-a5c1-3f1cc9f486e4,
abd1a8ae-82af-40c4-92c3-a7c39b333871,
abd89d82-7b26-4cc8-8313-4d84a846b5ec,
ac45dec9-416c-45d3-b3fb-6d44cb8a35bf,
9dc64baa-a7ec-4d4a-9cac-857e151281ca,
aca20031-c66a-4690-bd71-2dcb190597c5,
ad4c2cb0-175e-4c1f-962f-f4a24cecb58c,
ad5f303f-e034-4793-8a4d-c18b3622f3b6,13000918600011
adfa74bb-efe5-4211-a104-e191426228ce,19690187000010
aed34377-a972-4538-a5e2-75583dc6f432,
af7aa9b4-e8a7-4dca-9307-6b282fdc8cdf,
b0373597-c4d5-4fc5-b814-ccf710244af3,
b042586d-c7ec-4057-8820-913253b5262c,
b09c5a02-6f8c-4427-b913-e3ef67005cee,49466809800028
b0f735ff-0969-4657-a1f9-a0712e4c6244,
b0fec940-268e-4e54-b109-9188cc1007aa,90533568300017
b1107207-c774-4563-a740-8f7002440738,
b1238e6c-5be7-4804-b913-a7cc2281938f,
b12ef448-5699-44aa-acca-843039105d81,
b157c3aa-93c0-44a1-97c0-660e0213545a,
b2c2a50e-2aad-4c29-b7d3-02a8d7fc4296,
b2e2985c-f9af-4106-80af-94af86e5b4b3,
b32a52e1-da7b-453e-8e0d-b3319f0b06ab,
b3691d0a-8bfe-4a4e-bec6-4dcf9bb39afc,48326516100016
b39d5c7a-b567-4a4a-bd41-a58ccd6f19a1,
b3a67608-8e2b-45c0-95e7-533d696d0a6e,75372788200031
b3a95f38-d3ff-4bf6-a84a-e7fb7b7237dd,16002203400849
b462cfcb-f6a1-4381-a7f7-76b2a92c29da,
b4a04f4a-b6ab-4e5a-ba9b-cd54730bb3aa,
b5d9b5c3-2ea9-4afb-9d53-ba3dd6aad2a6,
b613bfea-a23b-4c05-9224-2a7e4aaf3e0a,
b6441e59-9a83-4122-8c48-6e7e59ca6245,
b70cb86b-23dc-45ba-bbe1-79129d87c2f8,83344868100019
b7124e2d-7283-49c4-9373-de88a1b26d6c,39267050100049
b740d6b7-70a6-4fd5-95b1-5c3ffd9c8cb4,
b77ea7b3-675e-4f38-91fe-a7e2db0116c1,
b93b45bf-e9fc-4a7d-bc6e-dd425506a5e2,
ba3654e4-89dd-4106-b9db-209bf2c1e4d4,
ba46a333-0c78-46af-a6f1-a47a84572fa5,
ba65657b-0552-4ea7-9eeb-df3fa765cef5,
ba9415aa-7691-4719-9e62-92c5197750b8,
baa353aa-5716-4dfb-ad40-a3cc23bd8ffb,
bbafdc95-ca89-4393-9161-84b0adfb50b8,
bc53d1e3-1c25-4772-8828-a3f02544c15b,
bc6a26a7-ebf7-4d11-8765-caa021c8f10d,
bc7bb809-2ee8-4ac1-8cf4-ccb2389cfc14,
bca6fdac-3a76-469a-a50e-68f904861c92,
ca3e9a82-dbef-4569-8fe1-80c327327b3b,
caba3f00-4cea-4cfb-a6e1-5ac878a98915,
cb8337d3-b4ba-42f4-a1be-0b69cffb12a7,
be8e9b07-a9f5-4994-ae69-d70759b7e2a4,
bf40674e-deb0-4c32-a920-b30193c4498a,
c066573c-d243-4f78-adbb-0a926e128614,
c0e72659-3de3-416d-94b7-131e7b77e564,
c0f7c683-9ee9-44dd-b6b6-53a753f765ca,
c10551cb-8c3b-4cd6-bb87-b290e88e802d,
c2016cbb-972a-4158-88d6-7ee2287f5d14,77646402600355
c26ed40d-6d6a-4526-b5b3-7464c5eb333a,
c27d9344-2149-4cfa-9793-470c9a1d1e04,
c29c11e6-42b7-4dd7-a8df-78069421a8c3,
c38a4a91-f293-46fb-a47a-3a5985ba1ff8,
c3994ec5-7d3d-43df-895c-0bf8ee448a42,
c496aac1-bcc4-400e-95d8-a6f094deba9d,12001505200018
c4972f84-4e47-4ebc-9619-7c839619097c,
c4fbdcd9-fb8b-40f8-a6a2-f8cfb8826aba,
c59101b1-876b-4b09-88cf-b24e19922a31,
c69137fe-74f2-428c-b0b4-9c9f5bb339e1,
c6b030fa-7624-4c39-b682-b9bc8dff2036,
c7163f59-4fde-4c9c-b22d-48db77ebac41,
c790a81e-2946-4a54-9621-3318d6abaad1,
c7938065-8849-441d-8357-dad328e800bf,
c7b07508-bc13-4b3a-abda-801047567d0d,55204944776279
c80567b2-eecc-466b-8b69-e4377b6485fb,
c850c565-3110-4733-bd30-e0b1cdc35bd4,
c905326c-f4fd-4e6a-83fe-5f692182de87,
c98e4553-9cb4-4042-a0af-e392766e1430,
c9c30d61-f7d1-4ef7-aad7-53a43d0bb177,
c9dfee30-ca05-42f0-b63c-60811029c5a4,
ca211be6-d7f3-4db7-a1f4-79aab41703c5,
f0a7cf4f-4d96-4ac9-8e85-2cc159fce19e,42923813200030
cacdaa9b-215e-4463-9fa2-b4d8476b1e28,
cb972347-fe54-4deb-92ec-19bc15431794,
ccbb9782-a03a-43af-8187-11554bd0672a,
fb058685-f933-4d96-86a3-0e10a6bd1092,
cd7d2822-d6b9-421f-9a55-eb8a16135671,
cd950221-0db5-4a4c-8a1a-faf146dee4b6,
cd9d8594-2247-4aec-9891-02cb99e1d1df,
cdb86b9a-4af8-4f4e-91c0-04b558f3cd54,
ce026159-0a3f-42c2-b191-0877c536f58f,
ceb9a722-709e-4bbe-b953-5b4a7197ee00,48965231300011
cee7d58c-b415-4254-bf5a-a4929a8d019e,
cefbddf7-dea0-41ae-b7b6-c9182b34c9a5,
cf00f73b-e948-470a-b4f1-563e67589663,
cf2a468c-5767-4cb3-932f-63cc4cfb1451,
cff8b24c-c0e9-43ff-ba8b-f24404253107,
d111e4eb-3fa9-4fbd-9585-e947663d4f90,
d14e0577-61d7-45ef-94a8-7399182806dd,
d15cfb91-34c8-4b65-b2d0-c1904aff257a,
d208aab8-093c-47f2-88d0-c3d5cbe8b7df,
d226cebb-962f-4739-8eaf-84c81432dd73,
d241c99e-a186-47a5-937f-dbf0e52afafe,
d26f121c-381b-4f8c-aac3-a796fb673f84,80903470500032
d2743b6b-dd2d-476f-8b0f-f1c442a74c3e,
d2b17d48-8e0f-4a67-9b92-2434d8b94cb3,
d328e679-6d0c-460d-ae9b-c44f30b7ee3c,
d38de599-a711-4301-a4b2-c1799fd9e754,
d3ad8b2b-54d6-4d27-90e6-760f332c87cf,
d41238b3-e361-4b83-b642-b5aa081f7100,88501199900012
d43f3010-05d7-48c7-96fc-47b11d789837,
d4a8ec79-948f-4b98-ab2c-502ad66e1f86,
d4d2e058-33c0-4992-a35d-512a1e4d6dc8,
d56483bf-91e1-4af0-a466-0f7bbb7772a4,
d636b137-90a2-4e5a-9e8c-ea5ffcc01e19,
d8d3568a-ae5c-431e-895d-f446a43b99b5,
d8e087fd-adf9-46f6-8408-68599699e463,
d978d766-d0b7-47a4-9e21-228634f33a66,12006603000038
d9baa8ba-089b-436e-aa13-0832ae9a263d,
da55e265-935b-4f6c-b85e-b41b60257e17,85329362900020
da71cf53-36f9-4fd1-94f0-52975c5d2880,
daba69a1-3c5b-4d15-be64-052c994f4093,
dad59c8c-d91d-4ca4-88e3-78c61efc8557,
db5028b8-41fb-49d8-87f4-4b32bb5cebc6,
db725ba5-f6c7-4f49-b354-a1a91a1a7284,
dc6ce303-1829-4e83-af34-9655f9184796,
dca51e0d-2899-4146-b91d-7687bacc614e,17330701800015
dd8175ba-6496-4150-b3a4-c799033b2534,
dd87c671-9be6-45b8-a51c-e4a3fc5f8bfa,
dd944ee8-0de7-43b4-a349-5de949244b24,
de76eed2-cb93-4287-9c3a-2360b9ab0092,
df6f4883-3766-431f-a41e-4347db42e9c8,
df790bd4-e3e3-4b0c-8a4b-51ca0c83546d,
df7bb4ab-edca-4223-9855-50c55364b429,
df829c3f-b10c-404c-83b5-78b8d5533d40,84933759700017
e025b2f2-e5fe-4071-827f-79a851f490d0,
e040bde6-386e-49d9-a3f5-56e4021f2f6e,
e0653187-5f56-4325-a54e-42282fa13a2a,
e2311970-84b6-4471-9043-6d5fd2de539b,
e2e2765e-3aea-45a8-ac27-cbd0607857ca,
e35a6e2a-8944-4aab-832d-88719467c8c3,13000552300019
e3ed2f39-2e73-4f30-add6-931a80fe6295,
e3f1319d-fd31-4cf4-abd4-ebb1e514049d,
e4e96de3-572a-4852-9708-6312fb92b960,
e4ed25c9-28a4-40c1-a6ec-214dae54329b,
e59e8d20-0fce-47a9-bc20-1665d788339c,
e5b1d05e-1efd-42f7-94bb-e2228e98f9ee,
e64e9ae8-6a1a-447a-a0ad-8e432db9a337,
e6d19efe-0061-4921-8050-4dbd7edd3f22,
e6dad981-6b28-45e8-97d1-a3b2202348fc,
e74342c8-f155-495e-8be3-8cda8627739a,
e79af6a2-9fc3-46b5-b25e-4f2fdb269e62,
e8746264-8367-48e7-806a-c89a66061ae8,50002422900014
e8b208e8-f54b-42cd-8b45-f046fdc9c72c,
e8e3e08d-7aa1-459f-9210-67ad63e2fc88,
e9284943-e84c-4cb5-93e6-bb14000d9ff9,
ea4cccae-1152-408c-817c-c13a97766f6c,89450702900029
97fca645-c001-4928-bf4b-f2b7b39a5a70,
ead3c627-f420-4bc5-82c0-80f11bb61115,
ebb94ef4-151f-4bf0-8bb8-5c7e46d0bfad,13002591900015
ebf2da5d-9405-4bda-8767-e16305d8631a,
ec7e77de-d62b-4414-8932-3d823d2eaf34,88775436400016
eeb44a3e-9686-4c42-888a-21d461e79c68,
eef41971-4a64-46be-9e68-3da0bf5e3782,
ef827dbe-6b2a-4132-bcd2-4b733a65b4d3,
efc2baa2-5756-49a4-b18f-20ec5b173489,
f0d8c134-d040-43e4-a3dc-20b505051f5b,83323385100017
f0e2187e-4794-4a9d-924b-171a111a3410,
f10748fc-5e73-44d5-a591-978a9b1f5d20,
f16673c4-a044-4523-928e-90ec85d0ab63,
f17f4dcc-b0fd-48de-9635-6faa4883ad83,
f234a8af-7876-4308-95d3-4b96648098bd,
0c09584b-9165-4ae1-8ea8-09633767655d,39260214000031
f23aee20-287e-44ba-ac51-c2404630b148,48889969100023
f2759b85-4ee7-4243-ba29-958abf7dc297,
f2e867de-34cf-45d1-9aba-d78ecf6864e5,
f38c0971-f2e5-4586-9d2a-ff0d62b6cb89,
f411a99d-bdbe-4789-8277-f510cd61b978,
f4cfb306-1987-41d8-aa77-5cef0be19ecd,93249157400012
f536ccf1-22e5-480d-8780-e6a8348bacaa,
f5e6e137-6e30-4c4d-adda-125bf4ae3c36,
f60b9b8c-1939-42d0-8d9d-0639d3a8e45a,
f63195e1-46af-4121-ae42-3f178c0e0e92,
f66bb7ab-9ec7-4c95-ad2d-6164c3964224,
f70ab3af-1c08-44cb-af78-d823b276e3dd,30347765700132
f7b7c0e5-93b2-4a74-a918-e65b305c6215,
f7f3cdab-9bbc-40a0-bcf1-64909c2523e7,
f8076dab-0c92-4b4a-8b57-b6828bb2ada0,85283776400012
f84ea6ef-a034-4c79-8b46-a8286ed98bd1,39267050100049
f85c1108-22b4-441f-b571-7544a5922ae1,
f9b7829b-e3f0-4ced-be0b-6d28834234f5,75156575500012
f9b9dfc3-e484-4100-af68-2a5f88e76bf2,
fa347148-160a-4ec5-952c-d240bb3100ec,
faf0f3c1-7368-4dc3-93d2-d5edfc6bd902,
fb40e195-5a8a-44fc-bbc5-48b243768613,
fb58f538-49e9-4024-9b0e-d81219859150,
fb81652e-72fe-4017-bb04-38abf092959e,
fb98938b-52ed-4731-9572-3aa3ec0c0956,
fba28231-7c99-43a5-a9a5-2a653676efd9,
fbf9d260-892d-4094-b7f8-9c81ab97e68c,
fc107c43-22ab-4f15-a0d3-acf1f750e236,
fc4b68b3-7947-4962-b28b-206f9629bba3,
fc6dbdcf-c661-477f-95e6-9513b652d45a,
fd502477-72d4-45f9-8610-50544aced3ba,55208131766522
fd5a1bf9-ac13-4315-a6c3-b981001196d6,
fd651e9b-82b7-49d0-ad5e-0a8be8bd87e3,
fda83d62-e27b-467d-bffb-32b77338567f,
fdabfc86-8e69-4dda-ac71-1ed194199343,91129956800012
fde1ca1a-f6eb-4f99-b3d8-6f1ed928e3e5,
fed04103-dc16-4ca7-b908-97998226a5bc,93427438200019
ff7107af-51fb-4072-b104-d0d12be47e8b,
ff95dcc0-e86d-4cd2-9ca8-d8519e3d37f5,
008266d9-ebc5-48ad-8f9c-79de59f91c94,
01112798-2a27-4aae-978c-10dd2e58e2b0,
01a548d9-122a-473b-933e-cdbea594ae9d,41948141100017
01ec65c7-9e49-48c5-8466-32e43b50c32a,
02e3bfbc-a18a-4a5d-a2eb-cadd92841e0c,
040d5dcb-c2c6-4d76-8530-93ba297f3e95,
0455cd7a-93bb-44ea-877f-d3f850d83f4f,
04d042b6-473a-44fa-abc4-9a53764e90f1,
04e11591-f819-464a-b483-19403f08c422,
060a08ef-205b-4fb4-958d-ffe1fc68dfb5,
063da8eb-b54d-42ae-8a59-a0dbcfdc4e6c,
067ab0dd-9822-48b4-9b8f-57e3ee95e11f,
06dfdae2-378b-4448-b2ca-6b04216b96f4,13002992900010
06ea1b09-6b62-43d4-90f7-416e7b2d8d27,
083d1382-0d35-4a18-a5c5-cc5620a1475e,
0878dfe0-d5af-4b93-b2e5-cd50f9186f32,98414743900025
08c66976-6cd3-43c7-b2d4-2b08d7a8f0d7,
0a64e413-2552-4b99-a9a5-eb5c12e5c57b,
0a7184c0-a4f8-4c88-b292-6644cf70d626,
0a9dcef4-a55e-44ae-b9f0-c165c3033f46,80358797100018
fafd44e0-def9-4cfb-9779-459d0e73d853,17992340400018
0ad4c653-cfed-4e1d-8051-4dd23c7ece6c,
0b143dc4-0e8e-4eaa-8af6-fddb1b172448,
0b480dba-a47c-4e25-9ec8-448d40cdf1f7,
0b483e6c-28f4-488a-be8b-07622aa1332b,
2d56fbc6-a2d2-4e1f-b37b-5221ee2e16d9,
0ba94b28-4ea3-4ea0-8e2e-c491348c901e,
0ba9b37d-1c31-44db-87fb-309a5024774c,
0c336233-20e6-457f-b366-2f7c5f459383,
0c3897a5-5556-4259-bd3d-4ec11c32c96c,
0cc569ad-ac4c-410a-84de-1e3af2b2d82b,
0d7a9f1a-4b4e-4e1d-9b6e-acad62e9eba4,
0da0af79-fae8-4270-b4ae-efec58a230bb,38506008200018
2daf6b1d-8027-46d8-ae6d-0f5639412c9d,42357359100017
0eb45fa3-a4c5-4caa-8f4f-e70bb8bb6ca4,39267050100049
0f2e6ec7-bb0f-46a8-8e14-185964e14a76,
0f73736f-1051-4cd8-b0fe-ca4314d0dc7d,91998137300013
0fcf15b2-da0e-4603-80e7-06b9fce58fe3,
1053cba4-b95e-4999-81bf-82acd3a3a2f5,
10c38c7b-647c-4dcc-87a3-92a4e0f460bd,
10d89c17-79d2-4061-967b-7b63e9004ad6,
123c5b1d-b94a-4c3e-bc59-be58956163cc,
126fcbf8-3d65-4f10-90e7-b66523c72539,
130cde9e-e314-4d0f-8346-38ae1564e796,
13237667-c80f-412a-977c-fe8186ca32b3,
1332693e-a065-4a35-b540-a3bddabed859,
134bc310-edac-4a38-bc91-b67206929de2,
139e97cf-bff2-4d5d-b9a8-0480971c01bc,
13cb0653-47f0-49cb-8f8d-3e014e3d535b,
142d709b-a67b-42a7-8a94-ee401f39c7db,
1461a2b3-d68a-417d-bf75-b0078e1da491,
14653e36-c7e1-4390-8f28-20e2ed43afa1,39267050100049
14c198a6-1451-42b7-9cf9-a733eb844237,
14ebfb45-e610-4f03-87ac-6ea89d2873c4,
14fef507-06ca-4b1b-adb4-5655fd90fdc0,
15ab6c87-0763-4635-afba-790d289a4d04,
167c52a9-8b1e-4d1d-ad17-45f21326e565,41833459500018
17017138-6373-408e-8554-797d418ba0c8,83827491800013
170bd186-eb8d-478f-9268-59a8cc23fdbe,
1779ee6c-f292-476f-bc4d-e68edcb9a537,
1861e8f3-ba7d-43a2-acca-fe99b07e0919,
1a047c97-737d-4fec-b9b8-4128bfed631f,
1a2e6139-aea0-4419-b4fa-c617a174fdae,
1ab9aec7-a4d3-424f-a909-ee038388d145,
1c2f8bbc-f8c5-43a3-9019-37dfa87cce6a,
1cc25cb3-342f-489e-959c-4f2b663059ce,
1d4da708-0114-4e6d-91c3-c737a36a99ef,
1d55ef61-5418-4a40-8c6e-4a79185d054a,
1d8444ad-c623-4d0b-ae02-23324de7d22a,
1e388db1-d364-4304-af3a-110a780bbf19,
1e9bb976-a885-4cde-ad39-76d7447946f8,
1ef873bd-33b6-414a-902e-e05b8d5b82ff,80911334300010
1f1bb3c0-b5e3-4e21-ac71-81dcf01a7910,
1f5047ed-7da5-467b-a24e-b81065bdc710,
2134de75-b27b-4afc-a277-f05da441772a,
22678bc3-daaa-4734-ada5-c04b5605fb8b,
2291fc79-dd19-4405-8dd3-0f07c0053362,
2466fd0a-32ec-4a8b-b50a-b7e99f993676,
24882c63-de0f-4f3a-974e-0d8289ed4a57,
25177483-f805-454a-b650-24d3499bfa12,
25420fe9-9758-4a18-9ea4-691260790150,
2bfdf69c-04c6-42d2-a382-fc8d13e5cfc4,38506008200018
256eaeeb-8c7e-42d7-8c0f-96605dbed1dc,13002478900013
25a9d474-373b-47e2-9194-2528040e8467,
25c4dc74-5705-4534-b75e-13355deba1db,
2652cf04-8b6a-47ec-9123-3939987f7ba3,
26da9a19-81a0-457c-b0e3-d0584552923f,
2770a2b3-f059-425a-b55d-d426d239e40c,
28412a12-01d3-4c58-9c00-51f7d9b58b2b,
28aaeeb7-9ac6-44ae-adb8-311bc46d31ea,
28fbc132-d714-4b42-ba7d-b214ec7eac7c,
28fd02d5-f64a-4dec-a844-3de667967da3,38958656100018
292a8202-5375-4e26-9c9f-69aa4de4dab7,30875734300048
29cf0024-8c97-4173-b2be-9e792bf14e0a,
2a306dd7-3949-4292-86d2-d6211389f0ac,
2abc55a7-0d21-49fd-9ec4-1ef0a7f815f5,91998137300013
2af2f182-f543-45b1-91e6-a33b108aae25,
2b12412d-f460-4ae1-a955-8cefe262f3c6,
2b9fd66e-1480-48f7-aa83-f477db792e70,
2bcc0fdd-6f3c-49de-a746-569aa11564f1,
2bdced85-cc7f-485b-b518-6140b3d51cfe,42914262300017
2bf19f20-36a4-4776-9824-fbcd0a5fed4a,
2d7c861c-3b30-4269-919a-71202542b45d,
2e742ef6-d0f0-4182-a428-313ecd8eef6c,
2ea3b100-fdc4-4b94-81d2-60d213df2bdc,
30477fdf-b4df-4ae5-9d8a-1813a3aa1de9,
30f52faa-560b-4c76-ac1b-d2e3eb8be8ee,
3151a093-3699-4e20-ad67-e903d50d9fad,
31b881e0-2e34-4d9b-98cd-78205822fc85,
31ea1e49-06d2-4adc-9549-80b8ebf2b531,
320da3bf-204f-4128-8277-46f71fbe2d78,
325519ac-9ca4-44c6-895d-66e9a470e57d,39267050100049
32894976-1037-448e-a2c0-be46949ba9d7,20004488100015
331339fb-11c5-4bff-8c17-0997b1f99809,17120431600359
33561f8e-8d7d-4827-957f-5b9f3ea53603,
33623c4d-1b04-47c6-9b22-0dc5c45f50dd,
344215fe-af73-42d2-a3d3-fe3ba650d2a4,
346ec0ae-8d12-4e27-a0c3-b2b96afb32e0,
352f30d2-589b-47c7-b0f0-415f051f454e,
35b28e6b-20cd-45bc-8537-708f76068f42,81975254400018
35b45633-fa23-4469-80db-3c4e2fbbb770,
35e52aa3-8df4-481c-9fba-c2a97ddaecb5,
361d78a8-b1d5-4c19-bd44-5c244cc7380d,13000495500014
368c037c-9af9-4274-a5e0-4dde7ac5ef9b,
370080b8-8fb9-461d-ac29-d206d5e4f5e7,44342662200025
258694c1-e79f-4b4b-b456-eb392bc961ab,
372d23c6-73eb-44dd-9760-b470d877b037,
37ac60c1-24f3-4e86-98aa-44a418aeb09a,
37d674bb-c4aa-47a6-9b3f-d3668caac510,
37ef0d2a-6163-4180-a95b-2c047b42ce20,88096198200019
3955c065-7c1c-4e9b-aa1c-71f40d3e40c1,
39cfc3a1-cb7f-4955-bfd2-c8cdfe867d30,
3a13a8ff-8f8b-4c51-81fd-d139a471dd19,
3a4b508e-1eb8-4746-9db2-eb3ab710a78a,
3a87eb4c-e289-44f4-ab8a-c1c4e5b1ebce,
3b150dce-8da7-4784-8890-290ea42c6447,42882285202140
3b16c931-5d69-4f49-86ba-6ec9c0c390f2,
3cf2de41-9a7f-4bea-8a92-b81ed3914931,
3d0d2569-e6f4-4377-a4ac-8c44bf30022e,
3db8a224-fe9e-45f9-8347-fdc510e6f274,
3dc93961-769d-485e-ac6a-717bf35a21c0,19370800500478
3dfe737b-158c-4119-933d-f8aea61b6204,
0420e00e-4521-4803-92d2-63b623e263f4,
3ea3db6c-a7cf-4482-bff8-a694c6ae164a,
3f477e54-585f-49a7-9947-7a2695fee08c,
40002249-4d42-42ae-a5a7-a49d3896baef,90386907100014
404be041-314c-4381-bcb1-171bf4959248,
40f83224-af38-4b48-9be2-ccee78e775bb,
4157dc19-305c-4785-be9d-7cc222e0bc8a,
41d23978-f46a-4f67-a1b8-e73188d5ffb6,
427ec5f6-ae64-43e4-8738-b698ff289072,20005218100050
43bf571d-61fb-429c-be11-cd6017386ec0,89247897500014
42d4580a-99d3-4e79-9826-5a28c0b81ed1,
433b9b6f-7747-4682-a8e3-81aab1d936d1,
43b5cef8-38a2-4bb1-ab1c-dd7069656a22,
44285142-667f-4cde-a0fd-d657aedf1f9f,19511296600799
448938d3-5e8f-490c-bacd-6fa9dced150d,
462796bc-7ab3-4951-8337-9b7d19989ac4,
465233d8-02d0-45f1-9c85-ced023dbeca1,13000725500016
472eb138-eeff-4271-ad6f-d0ca326595a8,
47348b2e-6694-4bcc-8d9d-d5917bb889da,
473a7f67-675e-4642-92d1-2bf7280df77d,85024958200014
474038fb-b147-4d73-a16f-b2b8fb507546,91998137300013
47911405-057a-4f8e-aad8-a003c699e8ce,
47b6bfe3-5709-4ed9-8c15-4c50aa826e4e,
4804c8c0-c84b-493a-a4d0-daddf1ef7315,
486f346d-27f6-4acc-9c1e-f7d31dab107d,91129956800012
498483d3-e41e-475e-bb76-38b29630fb48,
4a0868cc-28b9-42bc-b37e-50b7e2ca8625,
4a3444ae-561f-4b1f-a4a4-4ac5e38663da,
4ab177c6-bf84-472c-81e1-cdb81ef1492f,
4acbbc12-0fee-4c24-a693-151dcd714de5,39267050100049
4b264a21-2103-4270-8c8e-b0ffdd4abd6b,
4b7acf98-f65d-403c-b13d-02be792ff543,
4c2ccc14-e6b4-4a9f-8742-3f433171c722,
4c46d5d9-8443-4241-898c-24aee5cf4a7b,
4c9e750f-9643-433d-a40b-254b829de91a,39267050100049
4d3193df-595d-4a28-bada-0133d3b62fb1,
4ea4b420-e863-44fa-adee-91addff1d349,
4ed84226-fa00-4b8d-a03f-d1b1fe802b29,
4ee3f658-f2a3-4af2-bb1e-be36404d60d0,
4efa73d1-f3d1-4638-b684-07b714653623,
4efac444-b5c0-4044-9de1-eb81d03b2741,31935501200067
4fb480b0-5da1-4368-918b-5ad43ed59c2b,
3c4a36e4-d325-4b9c-ab87-2509a54186d3,39267050100049
51523ab1-e078-4bbe-9345-61b72e2baf55,43352154900025
5164eb30-bcc6-46bf-8b7e-40add9dd9dea,75395547500011
5299ffcf-81b2-4fa6-9f4d-bea113fadb05,
5320b3d4-6354-420c-8363-1afd0437f651,
537d4b66-82b9-4ef1-bd4f-e5924ff8c842,
539738f0-01a1-40c8-bf82-fc420b58af8a,
542ba3db-2f66-40a3-baaa-68437e87d50a,
547577c0-4b8f-4733-b502-86ec0f784e01,
55c3bc4e-97bf-4882-8314-2506c33fe7e9,
564aad51-f761-4015-a370-b99bf2bb274f,
57965527-c5a8-49fb-8512-2f3eb794089b,
580f7823-753d-4677-8646-449119305d60,83488286200024
584f9cb9-7771-4135-b79b-02513f512814,
59adbf9a-bb96-47a3-a3a0-3d5247764a8d,42337024600021
5aa4e60b-5ccc-4320-b9ee-c509c418ff2f,
5ab8aba2-da22-4ece-89eb-0aee13a3498b,
5b323085-c9c1-4df7-a29b-5f4f0caeb001,
5b9f8d31-db1d-4fba-bb6b-66be04767cf1,
5c5a3f84-2821-48bb-b188-7f3fbaee796f,
5cf9909c-b206-4203-a88f-be7a9b3b7e13,
5e3b04ad-4d98-402d-bbf9-cccd2d821101,
5e5081c7-8cd0-4b36-99b6-9bb70bba716a,
5f28fc3d-16b1-4db4-b1a3-b264076aff7b,
5f453462-e41c-454a-9eae-2749cbb46b95,42882285202140
6073cb51-0661-4531-bdea-f3f135f1730f,
60e7bfe9-e13e-4e7f-bf54-8ed2165b4069,
61c2b6a7-9ddb-4c5f-9370-02517bfe19e6,15700026600013
629bf255-a6a5-4708-83bf-a23096b7d276,
63907641-2ec2-4a8d-b33d-770b67ad2c19,
6399e051-69af-452d-86c2-fe55ad310d48,
640af31b-655e-47c1-bf5f-d00627a8bd0b,32681689900016
6502f636-8fdc-420c-81bb-bddac8540432,
65362e8b-1677-44ad-bf1e-535a6ec28c21,
65956378-234f-4d8e-8f2f-d406964eabf8,
659627fc-7e43-468e-8603-186c204ef2ec,13002510900013
665c62d6-9465-4a9f-be75-fcad182c897b,
666592d5-74fd-4bfb-8d28-500cb5619e6f,
6780f2a1-c856-4b83-8023-7a436766ea27,
68a20d24-532b-4b2a-a756-671207d147b9,
690d999e-e0dd-4558-a056-d0e2e2fd54ae,45328207100019
6997869c-5abf-46b3-85a8-627a1b0e0ed4,
69a8c113-820a-4be5-8fb1-84aca857003d,
6a3429eb-f53a-424d-9318-b9c011d31ec3,49194819600028
6ad71b76-4909-4913-b682-ee1aaf4b6686,
6b08947b-ddd2-442d-8fb8-dcec290c5692,
6b2cc8a2-d768-4fa1-b801-981e6932cccd,
6b423451-a77b-4d66-8d82-d77d09cb2ca1,
6baa7f17-4d32-4491-8b33-909ea79b5fd7,
6bb81cc3-ce97-4e52-93a9-ddf0f4529ee2,
6be19b23-ca31-410b-941b-750793473ff8,
6c1ccae3-d3e4-4e42-b91e-3d2976e5fec5,
6c7c8329-0ca6-444e-8d57-db26c30988a3,
6ca4eceb-d890-4e7b-98c0-2ea2c34ac1e1,
6d850e90-1489-4d4e-853f-00a81e739370,
6dbbddef-1c49-4550-8b0d-a395404a4df6,
6e014582-0eff-46e2-8816-319dbfe48297,
6ea141fa-38dc-4e98-b88b-293a354eed7a,
6ecf6750-6c5f-4ef8-8005-2e1e7c481e74,93539477500016
6f5479f3-21e3-4268-b6c3-5a28587ed43e,
6fab74b7-723d-4c7b-b6e4-6afd254bb0e6,
6ffae0e2-aea6-456c-a9b7-70d76b739850,
ab743324-ea91-422a-bbc9-4c9f536d5244,
7044e037-892e-4fda-badd-d5c4a270ebf8,34132615500015
7049ecf5-ae9b-493c-ba5a-a63794f0a11f,13002481300011
7092cf58-e6dd-4006-8576-a379b0c5c6ae,
70aae08c-0623-469a-b6ad-368f3aa3d2b2,
70fb72a9-1002-46c9-8a7c-36c343bb12fb,
71a690c1-623e-415f-aaf8-46a4300cd44c,
732829b3-607c-4e99-a50f-950d108350d5,
74082eef-8b61-4490-996e-70a33ae264a7,
74468c92-fe23-4f3e-b4ee-4243bd690b32,13002916800171
74557e20-e3ee-4357-8032-0fe1b1cbff56,13000711500012
7455e85b-9058-44fd-b617-5a5ad730a333,
74cb97d8-158c-4eb0-90ed-6376863fd4a7,
7555f9c7-91ea-4c4c-b92c-7a92bfdaa7dd,
7564caae-a5ba-42c4-81cd-8dc32d12e34b,
75fe8e37-73ce-46dc-8870-5fb99b582627,
7dd29157-40b4-444f-bba5-82430f864488,38011030400017
7630d7ac-1bba-41b1-8174-9019c23c1e66,
763c4710-cd1d-44cd-96a7-e01fb4ebb13c,
76d99ddf-f7d2-447e-b081-5264bf72c016,18006701900430
78f1de50-ad3c-4521-9d2a-0dfd655cd7a5,
77390f11-5d9c-4603-9828-3845f9c9e8c3,13000572100076
789a9630-8712-4d1f-9e98-da5f4d0ea9fb,82876933100012
795322e4-cdf5-49b5-b436-b3e02bf17e0d,16002303200024
79e39936-3ea8-410c-a730-cc6d011bdc67,
7b140c22-f6a7-4ac1-81df-686b887f2ba2,
7b3b9c24-51dc-4f73-87c2-7f7541241985,81946858800010
7b4b2985-04db-4a5b-ae91-f526b90f7545,
7b9740da-fc11-4873-968e-b40f4ecdcd34,56288046800805
7cf3d546-30d3-4640-966f-14ba7ae3113a,17590222000011
7d9b460b-4970-4cc8-b6e9-080a00cefc7b,
7deb65ba-d085-4910-b646-d521b5f4d22d,
7df7c4c2-dea3-43e5-872a-e68278f7653b,
7ef683e9-3836-4efb-914a-07bd1fdfe9fc,
801b595b-f010-4eb4-9e14-4ed8fc8e274a,
818abee8-7c43-4101-bfa3-c825f2db0ce4,
81b2f9d4-9e02-46ab-830d-1eb0de76aefc,
81fa6542-d0fd-4ab7-8af5-f915233c9957,
825d7660-fdb0-4c48-b65b-611abb726d3b,
832ca8c5-9842-4c15-bc2d-25e9dba2b9a9,12000101100010
836f90ee-6412-4b65-ba60-5ed55655a806,18009202500154
84155574-44c7-49f6-aeea-89827499abce,
8505dc34-e182-4fc2-9083-293a1567877f,
850ac37c-0ae1-49a6-a902-8181288e26e1,
85bf484f-e3eb-479a-a013-32614e0105a4,
85c68a7c-10c3-496b-b64b-8f4e73551ffd,
862e0bbe-ea65-4822-9e5b-0463f947b081,99163860200011
878e320e-2b70-49a0-8b82-15b1dfa45fbe,
879c1c09-d53e-45bd-8dd3-881ff556a6b7,
87de2fa1-7c0e-4ea2-8ca7-9105ebeb60f4,
880680b9-03ae-43f3-881f-7216c026b03d,19753428200078
883f7fc3-45de-459c-9ca5-1090c2917643,
8906742c-75f1-4df0-b881-e8f3e490adc9,
8a6ac518-ebf5-4e11-886a-42cfb1d8c49f,
8b00fb46-e5a0-4a14-91af-f3aebd94e872,12003005100029
8bd7001b-9887-4700-a6f9-046987be1d71,
8d0cd5cf-f575-413f-970e-df544fb7fbb6,52876120800016
8e2948cf-6734-4689-95e6-c5c780bf77b7,13002742800015
8e6ca470-9996-431f-aabb-306e795a0e9a,
8f1579d5-9ddb-4f39-bea6-f37a6db70d10,
8f8f3075-605f-4532-a4c6-bb439de22bf8,71203436200061
8fd7dc86-02b5-4c03-afa8-8a9e79a019d2,
8ff14b3a-6f49-4ebd-a7ac-45d3419a8e7d,
901f4854-7e56-43f7-a87e-78bf78ec738e,
9042aef9-979c-4282-b2be-8a9e76698c5a,
90babc8d-1add-4949-b181-a5ac1ae41f86,
90bfeca3-b7e0-42ac-baed-4d9ccefff5bc,
90f3e3c8-b52e-4965-90c2-88c4b50dfd6b,
91a09f64-1a5d-4616-b6d4-5779352e98c2,
91b9a609-6e1e-41f5-b694-7592a0426b04,
91c12dba-7228-48b9-8e17-3f4d272e0dc6,
93958f73-2004-461e-89f6-1eae3e3f649d,
942926d1-cc2a-439f-9026-c3708ddadcff,
94e6043f-dcf0-4122-b8e0-8cba3b8bd2c2,
9545d0f6-b60e-4063-b7dc-31e835e8e101,
96377ee3-0344-48d5-b614-b059a17bce20,20001650900016
96673606-5dfe-4512-a83c-d95df2209779,
96a915d7-2740-4674-b893-54d14f877c5b,
97670aeb-574a-451c-9e98-2ce4a30b3583,13002602400054
9924b507-694f-4b5c-8f27-4d99a7e1257b,
99357cd3-5c7d-4262-a667-b25af9fa2dd6,
9a6ac7b1-f773-44df-9fdb-9a84079b7aa7,
9b21fdcb-5d1b-4935-8f31-f675717bfbf4,12002001101155
9b980455-1ab1-4b43-a551-a2a70e7e1a62,81975254400018
9cdcec5e-6c4d-44e0-a74f-9a91b911c269,
9d4174f0-736f-44a9-8981-9bf88a0f53ef,
9e2526b0-16b8-47e8-9bf0-2fe477f18118,
9e5070cd-8e9e-4ee2-a2d1-8e625a24033f,
9f40f989-169a-454d-9a9f-8ebc1f70e3e0,
9f88ce41-76b9-4e39-a191-7fb84b454bc8,
a007e887-5f1d-446b-88c2-41ce40383b9c,
a05da832-72fe-47e3-8402-8ea732fe15b1,
a167572a-83b6-4320-99f7-e96d298d2a7f,56288046800805
a1b6a329-ef14-46b1-9c1f-87b09275a12c,
a3274735-7874-44c8-a1f3-cd4cc01a16b1,
a3965d42-ce0d-4650-adee-cad074d0f53f,31486701100038
a398fd20-a93d-437b-8b61-a826b33705d1,
a4d22fab-5ba7-44d7-8916-f1e495c5ab70,30647408100057
a52b8039-814a-4742-9cb6-c15546c2e022,
a59f1195-f1d2-4e9f-a7e1-b4f01451007e,
a5db9fea-37fe-43b4-8b4d-a19bbb0202f5,
a6ba5320-3644-4274-a767-ae17dc22b695,88501199900012
a6c4c321-3f36-4c68-add8-0e25eb6b28d0,
a6d385e1-db5b-487a-ace7-caa76d297553,
a7ff5577-2f1e-4135-bbd0-5b2c9012c2ec,
a8bdd865-caec-44f0-8ab1-9a0957243666,
0f840039-6d6d-4fdc-8758-1bee1d3d9e32,39267050100049
aa28c962-9ce9-492a-9d44-0e429701052b,
aa3abcff-1e12-46fc-969b-0f3372df0202,
aa9776f9-91aa-406d-b813-bd37912caad2,
c189e792-a609-458a-abb8-f693c4f2368f,
ab8eb2fa-413e-4596-8489-ab0c063db1ac,
ac216d63-0a7d-4efc-b81d-08b84f0a8671,
ac865af5-e9f8-4443-a79c-ea30810fb366,
ad0d7457-4cce-4190-b7fe-8ee125845a6d,
aebcb2da-5279-4cf3-bf9c-03e44c61c00a,12006501600079
aed1690a-1dd3-499c-a59c-421239b370a8,
af28c917-3beb-429b-a8ae-6dccc1c092dc,85329362900020
af6f63e1-3fde-41e2-8319-b13a4c4f3f1c,26590707100012
afee2620-8494-4087-b48a-e284d5a51136,
b0367d12-6399-4469-a64b-b9b864cda6df,
b096a3d8-2364-4dc9-afbf-8a88a2d09ad0,
b119c726-7d0c-4205-907d-5fca425eabf6,
b1d0b7c0-d235-47e9-a8d5-a9d82e1ef61c,
b2ae995a-b6dd-45c5-bd68-b544e46e6f0e,12000101100010
b2bc9ce7-71ff-4297-94ac-6f3d5ce130eb,
b30a68f0-eac3-461e-98d3-d4d41132cde0,
b53d5afd-7974-461c-8944-045c3c0a335c,82054596000016
b5b7fb4a-134e-4f37-ae33-b84ba40db4fa,39267050100049
b5e6fbd8-3623-46ba-9ae4-b02a128537f8,
b62b6438-166f-4771-af83-1e73dd07ca50,
b66425b1-25af-4f1d-b49e-01d502f94626,
b67723e1-c530-4fa1-bb58-85eba7db4852,
b6fbadfc-3d04-4c21-ac95-f5dd8b78db7a,
b7015146-59d4-4186-8ab7-3059379dbda0,
b7341f5f-3bad-45eb-8196-75d800893484,
b736dda7-252f-4f5c-8562-85d6de0c83e7,
b7f192ea-c7f4-4ed3-a4a5-4a50dba7c328,
b835936e-9504-4ce5-a252-05d4a34e2a67,
b8a15150-8d21-4601-ad68-62b36024dde8,
b8bea04c-2d97-4ff7-bf8e-6ad2545cb21f,
b8cde436-dda1-4b44-a234-ee36212c1ed6,88829731400021
b8ed6d32-2369-42e3-9305-5411bd1f4a1b,
b92cad6b-888a-451c-908a-2eb298de8688,
ba9e3020-16c3-402d-bcb8-d79dc1d7189d,
baf845f7-59e4-4245-9446-415da2f3d2d8,
bbb05073-a0c0-485b-9901-02f5185ac5ac,13000207400149
bc93faee-aff5-4daa-9020-3d9addc6dee8,
bd0be1df-7153-44b0-ab29-43d125837532,
bd7ba7d8-5a48-478f-a5f2-5e89d5a549bb,
becef470-b8ee-4856-82d1-977b61500431,
bf7d325d-b944-4cb8-9a94-4901f98969aa,90398578600016
c0150b0b-abeb-4ac6-8e9a-71b3e3c3b568,
c07630cb-08ea-4916-a2e9-6ca8bf8b1aa9,
c11d9faa-2931-481f-8704-d643a6bffb15,
c11deba4-48b6-4acd-a8a7-a3509a2e8faf,
c124c0ce-231f-4ea8-a5eb-12730f5eee43,84929008500018
c1b1fbe0-9f08-4952-90aa-f93169d80b8e,
c1bd550d-bdb2-4c70-8f04-6ead6915391c,
c1d59931-4f15-41a0-b4b1-021259b5e9ef,
c25e984d-5528-4ad8-a996-a10af5c4f5a1,19840685200204
c31816e1-420b-4784-9339-977c61ce5f58,
c360d9d3-c53a-4ab5-b408-1288e16cc24c,
c365e3da-e99c-4dfe-ab0d-ae580dafb086,
c39f9626-1b21-460f-b690-c9362613746b,49528763300012
c3d59dba-ccd0-4d32-8c69-d478453fdffa,
c519da68-17e0-4641-aebb-716e25385b29,94262899100013
c5471d25-354a-48af-a448-30f94787d3ad,
c5c6ac03-558a-44aa-bc24-ae54f34a6daf,
c6c4a432-9ef2-4211-b3b8-07bf08aa2b3b,
c7049989-6aa0-4688-bdee-6576c41f48f4,19921204400010
c771ec99-6d1d-4a15-8bf9-8005d842569d,
c852f7ce-ca31-49ab-9724-0004050cf1a1,
c9ed3249-54e9-4543-aba5-dc20298a3e57,
ca06d777-3ccc-43bd-b643-2a4ade3cca94,
cbbeff5a-f7b4-4ddf-8034-1b2fde5b2038,
cf0f86ad-0883-4c42-ada1-d83533344382,
d0185aa9-1382-4236-b2ea-d8e8126330e9,13000398100011
d1b34e19-7da2-47c5-be38-42ad6cac89d5,
d1d7f55e-a1ad-446b-bd71-ec0541ce8d3e,13000207400149
d28aa56b-736f-4282-b48e-888ef199620e,
d28e767d-2903-4a5e-974a-7e5239b35601,
d342c5f4-de43-4c96-8f3d-a2b77f944eba,
d34bd28e-cf70-440f-8891-c38594698dd8,
d589d4e2-1052-473f-b28e-59343e5aac62,
d4012dab-a759-4544-8640-ef6d4b37790e,
d447eaa5-1a5b-4ca4-a923-c0762a6de2bf,
d4b74406-3cce-4f00-b8aa-5638b5148752,18009002900018
d4ede894-ed32-4f00-9744-27652f2db1aa,12003005100029
d6e3755c-17b1-49e4-8411-9f48d0665caa,
d71f8653-4a0e-415e-b6a0-fcd00c68239b,19910685700014
d78496b6-d0ac-4865-9349-33f17f266c56,39752990000011
d81ebd3d-7224-44a8-ae7e-be9898db7e11,
d844c444-18af-43e6-9ab0-f295af5f4d69,
d8511827-91a4-4f3e-8e62-eefa86e0db3f,
d9041931-5d35-4404-9552-e172c356f293,
d93c8786-9a3b-4cf3-92a4-d7dbb237073d,
d9965184-69fb-4aa7-a020-ae9b39823935,
d9e52c9f-7c54-4877-829d-094594777f5f,
da89e994-9631-48c1-bc8f-7305fc430e95,
daba03ac-795e-446a-bd3a-ead547fa28c0,90244559200014
dabc3873-2569-42e0-a69c-acb9043c397c,
daef2390-8a53-46fb-821a-603fb3f37037,
daf26a30-a6df-4a0a-a840-677da30083af,
db369f5e-02ed-485a-956b-1d60249118da,
dc1593c1-b162-47fa-a381-1afe0d4cd597,
dd4acad4-e50a-451e-958b-6f259c81aebc,
ddd98826-044e-46fc-a796-732766b61857,
de1b57fa-e709-4d80-8cf6-e7700834d6f2,88030769900020
deb996d4-3af9-4590-8172-99e8cd46bfcb,
df2ffa40-929b-42d7-9221-62a233921da2,
df6ad631-7969-4b63-a80b-3b845e932ead,
dfbe8861-28b1-4245-84de-131e1184ee26,
e08ab2a9-bb3c-42ee-af3f-5e9f297973a8,
e0dd46bf-8229-415c-8632-e68ec301cf1d,
e184fec1-b83e-4653-89b1-8c1ea64d1c47,
e187389e-1b3a-4f77-b345-7ba78e3e4ea4,
e1973597-26e1-44f3-98c1-8292c4317103,
e19dac6a-f5b1-48cd-9b07-ff5f4e41e954,
e1c7dc6a-06a0-4a37-b54a-9475699114e1,15700036500013
e26a5cb7-af0e-4e59-ad54-6e0dcc6ff010,
e2aff6d8-51fe-4aee-bdfe-bd3bebb94d19,
e34c94cf-524c-48b4-8982-88b56ae1bf07,
e43f4371-790a-4c0c-9d8c-a96a1736f0b5,
e46f995b-d8bb-42fb-8066-3f3c2e66812a,12002001101155
e5a76639-9968-4845-b6ab-cdef0fb4098c,
e5d23860-fc5d-41d5-907a-a9d34655417f,
e5d66c40-416f-4d85-8c70-b63ac55ff4de,
e5f1e099-0b5b-49cb-b61d-b47f544b116b,80899346300013
e5fb3047-3bc6-4452-b6f0-d0821c9556fd,
e610e7db-eaf0-4466-9803-22829b4e3f84,
e65225d6-4b36-43fb-b5b6-1f03c85591b4,19141408500016
e6e0dc35-1af1-4a15-9ed7-21373620c8d5,
e76cbaff-5849-426f-8ed9-279b147cbf07,
e785bf01-15d7-4a11-aba7-687779d7a5d1,
e7a230e6-00a3-4ddb-8abe-26feb518fb88,
e80db513-11ed-4ec7-9de1-6e6f1147deec,
e8c77304-e01c-4266-a1cb-b4b887d9e8a0,
ea8a65af-4187-4933-809b-46c744ba9da1,39267050100049
ea8e1f64-ba4b-4e72-b796-82a226ac6499,
eac399c9-5742-4c2a-abee-dfaf85497340,18185759000010
eb60cdcf-e445-49c3-b50a-4e535fd91b82,
ec97eda2-ee46-4472-b1c2-5ab19c34e632,
ede456a8-ff66-42e3-a8ae-5bc6ff995819,
ee410f34-257e-4bb0-b5ef-031abaf2c55a,
ef0dc843-b0b2-4188-93ec-53f2f6e0a761,
eff5064a-3b4f-4eff-b466-932e9727adad,
f0cc51b3-7cae-48ca-a842-fde951356d21,90868658700019
f12041e4-cde0-4ecb-b27f-05653ccd0632,
f2b4908c-6eab-4179-88ec-af24e001b1b0,
f340dcf7-4af7-45e5-ae96-c78868373676,
f3f595b6-08d4-4140-bc13-1b3b3af30239,
f4ac74d6-9e79-454c-bd4a-d3ff8e304964,
f4ae7a85-0430-4dc5-83c3-2a055b97aeb2,
f4c1f33f-9b68-4b04-a408-e7e1a9edff64,88416095300011
f4e83ede-2d82-4baf-81ae-e6641e336972,
f5116629-5bf6-4d2a-a1de-e5cc1d49ee4b,12000004700023
f5a59f8c-6d83-4287-a85a-ad2e56566cfb,
f5a9f2fe-a330-4a55-9d13-b63721556176,11000029600274
f66a64df-264e-4e0f-827b-29ce770e9fd3,
f752f973-4bf2-4d92-a4f5-09169a3a012d,
f7e588f4-bc32-4ca5-a8f3-f68614c4219e,
f80959e4-6446-4229-babc-385c510f3603,
f85e2750-6a5e-4278-9e38-66b0b289a8ea,
f936ac6a-8e6d-4006-9fa9-1eb44d5a7b8d,
f971f9ef-7c65-4308-b0d7-684a66adf6c3,
f9a150d5-147f-4c74-bcd0-abf3219d2946,
fafb286b-313d-4b8e-bf82-d7f413b79464,
fb141a8a-7113-4600-8ebf-ff295690de01,
fb54ab48-7d8f-4072-a5bd-83b992684230,
fbc299df-aa53-4e20-9e0b-3d6264fb879a,38885810200048
fbc2e53d-351e-4527-bd6e-e5a9be2ef25a,
fbcfa5e9-7725-4051-989b-9ae14da23b21,
fbef0418-6f0e-465d-b701-bf5095f1a338,
fc388470-03c6-43c9-a054-c002e1031e80,
fc937a77-4c69-412e-b855-232da119663d,
fc9d28fe-c1cc-4eb1-a4e8-50288450fa96,
fcee4429-da7d-4b3c-a532-a2f8fd1a0c33,
fe371133-a27a-497d-bd70-3e96ef535408,
fe470e3e-a79b-4809-89ba-9fc5ddb2d056,
fe676694-ef7e-4466-8e88-3494043890b0,
ff79884b-4aed-41b4-b82f-861710c9a2e6,
ff964fda-474c-4ff8-abba-3e8d2d7c16c2,39267050100049
00097eba-9000-454c-82d5-20e50310b5cf,
0088267d-14cf-49ee-97ad-8dc2aa74c32e,
011f60c9-f74a-4639-8021-fcace0d20a08,
013f4fb8-ef17-4778-a0b0-dd6af14a6ee1,
0219a651-6391-4af9-93ae-4e8cf91e7cb3,
021a738e-7c41-4297-87c9-6b01856d3252,56288046800805
0312f2f6-45d7-4054-a839-24781d809b2d,
035e6c0a-db09-4996-a613-655d576017fc,35399358700016
036181e7-2d0c-4f79-b12b-5c2992b3bfa1,
3b31b2cd-0c75-4bad-8210-9af7dde03fc4,
03a6960b-a1df-4de5-b1d2-01346de16b3a,
03b1edbe-8c61-4f18-aff9-b9f1d5bd9efb,
03b4e3cf-dc0b-4556-85af-bc9acde285bc,42888187400021
04259289-945d-45e6-9da3-b932ffc34395,
042d8961-e322-48c0-985a-7689a8ec384c,48330569400042
04f90253-9af2-43d9-b1bb-a613395d04c7,42192878900096
05255578-88b7-47e6-aff3-907d69c1a7a6,
0571dab2-973f-4911-9ff0-57adc585a256,75372788200031
0591ff91-8d06-41cc-a139-69b872fdd404,
0624a94c-5a16-4129-9381-6ff22eb984c2,34067135300035
06396055-1cac-42d8-8c9a-e1220ab786e6,19811201300018
0695261e-42a0-49e5-893e-7bdb024d2f9a,
06983093-7866-47a4-9e21-2e972200f070,32453686100028
06b04289-2a85-4460-8296-44c6f5bb81f7,
06c0594e-c029-4136-8604-c6075ff13eb9,
06c72415-aa21-4ab8-870a-6dbd944933c0,
073e0148-c1c3-425c-89f4-00a103a6ff57,
0788b247-fd37-42bf-a872-6e8e01681402,94062628600014
07f0e3e5-34b2-4882-95b2-b8571f020ee8,
08b0b6ac-1d3f-4a5f-b41c-19c7cc0d2171,
08b47553-2052-4710-9468-f0aa23a4cd2a,90386907100014
092449f1-b4b8-4466-ab8f-05ee9edb65c7,
0936fcba-3944-4f60-85c6-4049c9a870fd,
09a88bfa-b05b-417e-b2e6-45e12f860f3b,
09d87937-e074-49c0-9e90-f996f41d9d05,
0a4e1674-425d-4175-b2ac-4f414278b38f,
0a63019d-a00a-4dc3-96be-cdf04b40722c,
0adac736-1b61-43ce-acb7-ba04fa6e0306,
0aec8d0e-2cd4-4d13-ac7d-a249309a6c80,34978603800076
0b71c36e-c539-47a3-9b46-38a480cbad74,
0c43208c-63ef-46f9-9b3e-8c7bc1f7a55a,
0c8f44f6-f621-408c-bb0c-39c8b4525db6,
0cc729e9-c9f0-496a-8e96-b3128ae4cf35,81155156300018
0da9122d-1a38-4947-9e8e-795a869b849e,35008976900011
0db8bb93-5303-4de6-87c6-9dcb9639449a,
0dc1b666-3f83-4c62-be29-5ab4de7d2f9e,
1065fa88-0ec7-44df-99e1-3f687dd10dc5,
10b70f14-1cee-46ae-9482-cc5a1e049401,
10b90a04-1974-40b5-9cbb-2d9ba6f065d4,
122f4030-a8cd-4251-9d01-292a2d6ab072,
1244265c-e6aa-4f2a-a354-fb7efe86a22f,
125e74be-fd03-4eb1-b0f9-cc5107ff87e1,
12d0b55c-d799-4d4c-bcd2-2b559437bcea,
12e14a97-a495-4987-a5b3-547406b23612,35102689300013
157b8339-36bb-4208-9cd7-18413ec19043,
1593c72a-f846-43fa-b674-7cbef4581c4c,
162fb084-32f0-41d4-b931-16359a5c1716,92131640200012
16866d35-d220-4008-a2e8-e676c422bb1c,51022687100018
173be8ec-f5c5-436b-8864-fba0bcaa6863,
175d6cd2-3b1a-42cf-b39e-52f3a988d27b,
18d1e2e3-c29d-4f30-9ac0-0ea37881ab1b,
199d7178-f355-49a8-9004-53bd861d26e5,
1b40647e-ebd3-4513-adf4-9836e1beaf9a,18004416600015
1b82f0bf-b505-40ff-a5b9-47bce182aba7,
1bf4ac66-17f8-4328-a6ac-9b1fb25569ba,
1c6f5aea-33ce-410a-aaef-644d3ebb09e8,
1ca7850c-0371-4885-87c5-c95ae000bd68,
1d064485-e766-43da-8db0-100843d2c86a,
1d7dbd20-72a6-4136-8d76-2a9f6afc7fa4,
1d9007d1-804d-48b5-8c5f-a6b82affeaa3,
1eead2a6-2a31-4e18-b8ea-f44c2d6539ff,
1f3fd791-783b-44f3-ade7-3e9cad61ec6a,
1f54855b-7660-4f76-b77e-1e1f2a52fe16,
2023da49-24d1-440f-adb3-3a258350939a,
20726dde-3dd4-4670-9c8d-b51f704dd466,77566700900036
208be1fc-3543-457a-8d00-e9e73ebc7791,
214fa6d3-cf7d-4fe5-a61c-5254dd130be2,
22f3594b-8c35-4041-9136-a9924ed1157f,
2336c71a-6716-4a77-a90a-28582678ed81,
23f052a6-8b92-43d5-a84e-63738619bc3f,55208131766522
2442724d-e87e-43fc-a68f-b76306abbcb7,
24834f07-045d-4a91-aba2-1c503147bfd4,
24b5965e-63f3-4e52-9865-40aeaedbbaad,13000946700015
259b9d29-f82d-476b-b64f-6ccfe493255d,
2602b2f8-8497-4872-aa59-0e81ea0db82c,
2690ea16-edc9-45e3-8861-48f0dbd34641,
269713d3-9702-4a43-852e-a1883771635d,
26bebcb9-fc87-4cf6-abbd-5feb9e3193b3,
279f0415-d2a8-4877-9f9c-24f35df212cd,19761904200017
27c34f4a-5833-4277-b69f-9f50b1d1944a,
286b77b8-d751-498a-9d41-991c76b02ed6,
29cd488b-4c03-40cf-9a32-06c5cc686a9a,
2b2add18-4eb9-4ee3-9064-7ab531c67f64,
2bb124e0-1f1f-4afb-8aa3-4002768e24b9,53987346300019
2bd7cb75-1d0d-4696-9a3f-0dfb91feac5c,
2bf55285-9cb9-4983-a439-ef698b36c510,
b6a2b671-cbb7-4f19-b050-3185ddba763a,
2e63798f-f6c0-48a8-aab5-f6f2b7207f1f,
2e92735a-b3cd-4850-9c84-662ea84eedc3,39267050100049
2ea9d4c7-2628-4aee-a479-3fdc43eb9725,
2f31859e-4682-4f37-a488-cff0f7e90f53,79489364400011
2f36320f-0c29-476d-baf2-07314c88e941,12000625900010
2f7d0651-d75a-4df3-8711-579cb3363148,12000101100010
3063dd43-a52c-4369-895b-401b5678ac70,
309b4bdb-ee09-4e0f-95b4-52116c44ab91,99152390300011
31223c37-4493-44b8-9d46-75a0b8212049,
31289e01-3c42-44d6-b7a9-ebf434985695,79786897300018
3165cc51-3231-4ba0-8b6e-f3fafc8bb448,
319bf343-3b75-435c-9aa4-55b6febaf2d0,
32cc616c-5f72-4b2d-ac0b-a6d0537f99b3,
33340f6f-5697-4373-b4df-45be28d9655e,
350b40d0-7f01-4495-b5aa-413980cfc7fe,
358caea0-8c78-42de-b455-22d2e97718a1,
35946260-e2a8-44fd-81ed-6a1377c4fdaa,
361651ec-d4af-4c9f-b76f-e5f9ca19df4b,
3662c6ec-b90e-4662-8542-89b5a82262d5,
36668d23-0fc5-413f-a588-90d2352efcc2,
3670ae41-db02-4dc0-a757-b121c2e57a95,
36b27c93-6601-48f6-9634-17a2b0cce9a9,
374855a4-2789-4d76-9c0a-834e9c7ff5b2,
37afbfbf-5cce-4192-a359-1406db7eda30,
37b89471-d277-4d9b-8472-48cdbd90e74a,
37d50861-267d-42f4-9ed7-9d40ad954845,
37e7576e-cc7d-4708-8ab4-efd745f1b3cb,
3868f325-4d3d-4036-8d55-bcf6fdbcf422,
395aba12-9c74-404f-991a-e1ed6e48c69e,
395c0b21-40c3-4c55-962a-db2fabdc5290,13001997900017
39a584d2-0fa3-4e50-b476-49aaaeb53353,52960343300010
39b34fc5-4a5f-4db2-b5e2-39588801505c,
39c7a042-d7d1-4d1f-a556-e8b0d294f66b,
3a816d12-287d-42c3-9702-06dadf139669,13001202400183
3a8abfa1-8275-4174-b351-5ebf37a9de0f,
3ade40db-7039-43d6-bd46-d375b7c67082,
3b4e9c94-129d-498d-998d-6e6811e00922,
3b60005a-1c4a-4c63-8598-a190c67699dd,
3cca2a00-a4cc-4164-949c-07e4d290b4fd,
3d433799-44ec-4ff6-94e8-3ecd6fd30e54,
3dcd7cdc-4c34-49df-ba96-155752dbe8b1,
3e416cc7-12d1-4773-86b4-6ddbc25d13d6,
3e7e14c6-80f8-4467-b1c8-dea74465c58d,13003118000016
3f8f1da3-6180-4d4e-b4e0-51a2a8046948,
3fdb4a2e-5bc5-4c83-9eb4-1315d2abd05e,51153207900015
4038d538-e8c2-478e-8303-6a98dcb00a20,
407523b0-818c-4108-8b1c-6cdf4bf28ab7,
40f50474-f967-49bd-bf16-7c62e5bf7717,
423a589e-a678-49d9-8d35-c8e9851f6657,85323800400016
c3116cc1-bd10-45d9-8a42-a6dd4c5a641e,
423b99c8-1bd7-4881-a738-c8e451d8e615,
42d6de19-0dbb-4ad2-8cbb-3c8079fe3397,
42eac5a3-df09-4271-bd61-9df2aeae8b7e,
43d09053-b364-47f3-9465-c7e83045a3ec,
443452e0-4542-4731-931d-50e099a16425,
46ac6539-f771-4803-a164-a2bbd874b25a,
46f73964-4ee4-403d-8230-9d177042b770,
477994cd-adc6-4155-a2fc-a73529c7b0dc,
481a13e0-35da-4270-8355-5bd055d06d0f,12000621800016
483afb95-a3e5-46d5-afe9-bb8c58f14d76,85322202400020
483d54f7-cd04-48a8-9bef-2d49d78f0d1a,
4900f568-e0d9-48de-ae42-5607990868db,
4937bb42-7244-4305-a130-75d3bdb67c7f,
49dd661e-1886-4700-97e9-272ff58ceec5,
4a4b3458-0029-40f4-8235-9df6f21f4b8e,89818605100014
4a4fe36b-0dc4-4fa7-953a-a007afaa91c8,84472098700016
4a7fff87-f521-4ac4-8ff6-800de31789e4,
4ac85ba5-e394-49cb-869b-24e457cd7341,
4aef10b0-cee9-4b5c-8d9b-e7bfeca235ec,90991222200017
4b074123-3e77-46d7-a0af-1272cde3d0ae,
4b07aa84-d8eb-4fd4-af37-38562ac621ca,
4b1ad385-9837-462c-a15d-6a02180f0c0e,
4ba105b3-9cb8-42dc-a789-3a9f6108482d,
4c054351-3ef1-46dc-ad05-0aebebe4c7f5,
4c7a5dc1-2649-4b0e-b543-b2e65ad0b9ed,
4dcda593-c46f-4057-adec-f85d64a7c691,
4de7d90d-2e05-40fe-9702-6f341be1e163,
4e02256e-d4cc-4e5f-850c-651a485031dd,
5104a854-3f86-4e7a-9980-4ff5c22ce29a,
51eb9b90-1abc-4a49-90c4-4d958a0a2a9c,
51fb3f51-2233-477b-af31-da23c23b2211,13001828600018
5252f78f-3dfa-46ea-9924-0fa67dc5bec7,
52f97492-8664-4e0d-99ef-f2638f40a11c,80089117800017
53854293-18ab-4431-9a6d-f782b751e07e,
538cac5b-2583-49b7-8f09-c1834681310f,
53bc5ad6-a72f-4f2f-9b2b-66512efe82c1,
53f21a3a-9e5d-4ca3-9a11-8181aceafe86,
53f25ba0-6540-4b0b-b1bb-bce6da09f19e,
54299029-e42d-4a4b-b250-95aa76115bf7,
54f349ea-e9da-4d3e-9e6b-12a7c7f7988a,13001996100015
561eee61-408b-4c43-8650-9d43da374fcf,
56f14ab4-b89b-4dd4-bc45-e2f33e044755,
570000d1-336b-4101-a659-f12b3a2d1ad5,
57109e2f-a24b-45e0-94e6-fa43a64718dc,
58555fe8-e755-408b-ac53-910dccf2b4df,
58797433-e2de-45e3-bbf5-f80346ee4d6c,
593c470c-1282-4959-b6c1-254cff03aaa1,83811478300015
594cb08f-27b5-491f-b447-816849126350,
59b9fd32-edf7-46a1-9b8e-3376a729fa80,
59d72183-26b8-465e-8cd0-46bf124b9336,
5a3bcce7-1ec5-4590-94f1-29f7ac9084e7,35250115900011
5a620eeb-46c8-44b4-868e-10f01d7c73e2,
5a9b0129-2ebf-46b2-a328-ea0c9f3fb2df,
5b40de48-2815-4a83-a958-55b1ae811c6c,
5bb05e08-b173-4187-90b8-8fdd548b1a7e,
5bd30b34-44a3-492d-b188-196b6895eca2,48051105400037
5c251a30-2937-4416-93e3-7a4c31c56b39,
5c293c5d-af8c-48c8-a3ce-4e15ca39723e,38807804000010
5ca5ac8b-3f94-4cdf-b857-fbc685049776,
5cc1bb16-344d-4d30-a5fb-e6b80e02bed0,
5e1966c6-cf43-417a-ae91-2970226331ab,
5f88e76d-5d87-477e-9b63-650fd40c2c10,
5f96b73f-a101-4249-8dce-f019372f0dc8,
6013359b-540f-4a23-b55b-f275d61f2b97,42882285202140
601738e2-c86e-47b2-bffa-1fbd720fed91,
602f01f6-4619-4988-ad00-764b7daac182,
60a08fae-9fd8-4fdc-8caf-5e86b09277d6,
61082f54-62c8-422f-8621-e00b5259a6e6,18006003002117
6134bb59-bf53-451c-889a-aa22e28f1383,
6136c95c-cc09-481c-a5e0-51601ba93786,
6164bc4b-566f-4429-96f2-672c5a3164bf,
61fcac86-2576-4445-af3d-4e1f3da0658c,
6217dbc7-1870-448d-ad89-eef7c35a07e0,13002473000017
6222be59-8214-41bf-85c0-9e7b3edc824a,
624ff6f4-c8a5-4c25-9bc4-228a5d0ffa02,
629d5e6f-ae93-4cc0-966f-2ed494edcbeb,
62af9453-5900-497b-9de5-eb3965004799,91133165000026
62c042d0-c08c-445c-ac54-570a08e5b6c5,
6400d80d-8326-46ae-8b72-3170a4bed63b,
64160efc-d976-4b76-aee2-0a08d503601a,13001533200013
64250b25-1bee-44bc-9fec-ded798cf6ce5,
6465c220-af70-42d2-a949-e7480429146f,79500188200039
654650c1-8b20-424f-ba56-1f602c15a8b0,
655a1f6c-b469-4ea4-91bd-32c8095167b5,38037227600010
66472062-3021-4251-b027-187ec6f64b59,
678a7405-2d6b-48a3-91a8-16d50a0d09eb,24600074900076
68c93fca-b4cb-4091-9fd6-4fc87cae620e,
69261ae7-ba22-4d42-9bcd-af25b663f667,
69282548-065d-4c0e-bada-a4082077ef45,
6985076d-ae93-4503-ae7c-92fddc3f2744,
69d75334-551d-4725-b152-f570375189ca,
6a14362b-573e-40a2-9000-9af0d9a76092,13002006800016
6a4f8f68-4ded-4be1-8045-0043ec49e995,
6ad256a4-c6a4-4f34-9bd6-a6b58ac1d8f8,
6b145cac-0faa-44d8-8b0d-6c261eb4eeb5,79428669000076
6bb5ef1f-1ff6-4161-85a5-ccebe3ba41ea,97835149200019
6c84b7af-6799-4486-b8cb-0f095a2a3e71,
6c95d992-154b-431b-8991-b8b6580997bf,
6ccd339a-4897-4071-a5a3-00c1b0203185,
6d5296c4-fcd6-4e1b-848d-016b96c237a7,13001641300135
6e28600f-fb61-4fcf-8946-62e52c3e12cf,
6f68ca9a-f7a2-4015-8da2-d3b84b7c25eb,
6fa2024c-7901-42d9-8741-5d8f67c09f71,13000552300019
7046045a-d788-4228-9506-90ef16f00f24,
70bd26db-9e7d-42d4-87f3-34f3a5d82287,
70e5f998-c9fc-40d7-915d-0f3b6dcb49c5,
7146d85c-5e8c-4a18-99c0-94ba956d0271,
735c498b-ea1c-4d3c-b82c-5d9354931acd,
742221b3-4d6f-45d4-b007-e480b1077f2f,
74c09a6a-966a-4a59-aa96-9320c5cf6acd,
74cb2ffc-7c77-4ed5-8846-80fdffe8caa7,
757593c8-328e-47d9-b64c-44328a9d42fe,
75d7f027-7638-4560-b2b5-6a945637988f,
775a178d-5b77-4878-9195-181e5b425bcd,16002302400021
775c2770-8ecd-4032-9b7a-486aa499d99f,
78479706-6ebb-4730-9ede-6c0d57619f4f,38765576400075
7911037d-38dc-4b52-8fba-aaeeb4dadf76,
791e6618-77dc-4d43-9676-51fbcca2b909,49816506700014
793cbcf1-db44-42f7-8109-86bf2c9b034c,
7a089f5f-0a67-4677-863f-8381e152026e,
7b183bf0-f495-4d37-a628-58f466a26f7d,
7b9af770-9abe-4709-b9f6-fd35de04cb71,
7bbc9fc6-3c45-4c79-b12f-8699ebb6a669,42172970800022
7bfe8c36-a379-498d-86bc-333048175625,
097475f2-fa8b-4600-8f96-fd2aebc2ffec,90892742900013
7c12c716-919a-447f-9843-2d4536b8482e,89247897500014
7c592a2e-1bc4-453d-9b56-3a69875c0c25,
7ce1ab7d-1692-47c3-9d83-7f3b8ed83652,
7d38fe93-ed55-4b46-ad4b-90065d7c8179,15700034000032
7d3b4976-31f3-41fc-b60c-17c842637a2d,12000101100010
7d401311-86a1-4dcd-a66f-3f9251755c4f,
7d499a62-ef21-4507-bc9d-0578b575c314,77886008000010
7e1d06ba-0e2f-4d26-b1d0-58d5f7602a8e,
7f0afd8d-61a5-44c4-a176-ac1125cbda74,
7f1adfb1-288f-41dd-9b4b-df6bf65b6226,
7f590e55-c5e6-47af-8cd6-0fe3d43336a2,
801a5193-d898-4b67-925c-1e93ea0fcc3e,
80d54717-755a-4fe5-9c03-e2a14653b25a,
819718cd-535a-4cf5-8d08-6c1eddb38c02,
819dce7b-f2a6-43cf-be75-74dfd2cb2508,
81befbf8-d04e-41d4-a409-35919c24d1fa,
81f23ae7-a59e-415e-b6b9-bfb6aa3fb1b7,
82e2f338-e4cc-49b6-84bc-5dbcef7e57dd,13002475500014
83107d19-319f-4efb-b23f-1231f4cd05b4,
8402c05a-26ca-4152-879d-17018f7a956c,12000101100010
84d648b2-e4b0-4e80-a240-ca4570a54662,
84e9721b-a759-49cf-8ac1-fe2f336cb8b8,90512899700012
851c18ad-83ca-48d8-8e8d-26f64ec81ab8,22050001100089
8576a827-b427-4bf3-9e54-80495a15c17a,
86c5f9b9-c8ce-4823-8728-5498bae40940,
87b63890-06a6-45a6-86c3-5924b88f8ad0,
87d0e8fd-2b0b-4520-a929-dcbec52a42a0,
88545846-349c-400a-8be2-b6d3ca8eab2d,
890ebc3a-1776-471b-ba58-291eb0fc3c3a,
8a88ac4c-e21c-4c6c-acef-e4e9f2ac3096,13002591900015
8a8ee5a3-4ba8-47ff-a538-b47fe544fc8f,
8ab9dfa9-d031-4a71-bdfa-2c1ec3a57ad7,
8be5a83e-e3ed-4e9f-9aab-af41aa552002,81012257200011
8c03eb6d-b0f7-47a5-b216-f1842eb2ef98,
8c76b20a-b6f3-4ac1-97b3-7d3579821e08,44150373700047
8cb4fc11-3b81-4f70-a404-b12be03c88f4,
8cc62515-a2fe-48bc-b41f-014fe3cfb0cc,
8d1b5224-01b9-4a61-980f-9ff02e1c88da,
8d3546a9-4777-4071-a686-1a406eb3a0ce,
8dc30dcb-32ff-45c5-b162-25775766081f,
8dd4beb0-1d8e-4e46-aef0-b4a79697afde,
8e26c0b5-4277-46e4-afc7-7be2f57b2871,
8ee01004-2fc5-447f-aab2-90c0cddbf21d,
8eef9d96-997d-42fb-b537-dd3c6fd77649,
8f3a75d1-3f3f-47ee-bb2b-cdc2e97092dd,12006402700077
8fc85606-faa0-4dbb-9a1c-42c9cfbff3a0,42882285202140
90f79416-c280-4a53-912a-aade1556a1ad,
92032eae-ca2b-4a6f-b210-6ab4dc2a9a3c,
a1fd7f64-b26e-43b9-8c02-e9cffee5cb4e,
935eddcb-fd71-4785-b88e-dd0686ac4bd1,82911793600015
9466a739-37f4-4455-8b26-1a46fc969c43,
94c6cfbe-c139-44a8-83d5-ade6d7101a62,83323385100017
94ca0708-426b-49e6-9a8d-9aeb73279eaa,41051500100031
94d5dd31-8287-46c1-97ef-918ad2a80658,
9543158f-67b5-4252-a11e-7259bed51ab5,
95b8d7cb-7c86-41b9-89dc-8288d8247dad,
9630f982-2a6e-4937-9766-e7c038e1782d,
96e748c8-c381-4efb-91d1-a6d60b77d53b,83246657700018
973dbcf5-16d4-4a20-af6c-19f7fbc5cf72,85125764200013
97ff9b35-ce2a-4771-acd7-de977b6d686a,
981ec568-60a9-4a30-bfa7-3ff0f113526f,
9840942e-5285-4f47-b98b-0ce51ca9fa51,
987b9fbc-6619-4d97-82e1-f96507fbbffd,
98f5f621-f830-4269-8957-e4012b5403de,47943454000031
9919e314-62c9-4385-9f8f-e4c7ffc947d4,
99310b52-cf48-42d4-a088-c199b7973d49,88532605800017
9986497e-e88f-4b06-b11f-9243508a8d4d,30343304900366
99b08101-828d-4f0f-a831-3a9e27e6e9e7,
99e98a2f-920e-40a8-8be4-58468f321a33,
9abfb92c-606e-40da-9643-33b00955cc12,
9b66eff0-1b47-475e-9c14-6d274da8b657,
9b79aa45-ea55-43e4-8c5a-68571f031f53,
9d856412-087e-4f35-9871-43bba36fabc5,
9ea66631-26c0-4128-8c9c-7af3784df8e9,
9f7903cb-ac55-4139-a4fd-228f4f9105b2,
a04b7389-59c9-44df-9e99-73577095944b,
a164d600-8c5e-46d5-887f-0cdbd14b146d,12008701000068
a24ccf7c-a293-4d0d-bdec-d3203f964d1c,43130658800044
a335e715-1129-42d4-bb5c-a21191ea059d,
a3871b92-8060-4b0d-8be0-4c9851c796a6,
a39518ac-b515-4ffe-a137-3ba95dff7915,
a3f6b39a-9acc-4752-810f-2fe26adf7b12,
a425180d-2675-4b7b-aac2-a42fa41c5fc3,
a43b010a-0467-4f1f-8ead-7fc13132b3ee,
a5f96bd5-5974-4710-88d9-2a5b42c45a04,
a7468c82-9599-411b-af67-9897264b8ec0,
a754187c-c054-4e31-9961-c73a3282a549,
a7b3ba8f-98d6-4f22-88a3-b90aeb532203,81498313600015
a85a65d1-30bd-451b-b945-ab7932a195fe,
a87c9083-e775-4d7f-93ce-421313ba1214,
a94fe690-dd65-4e9c-9429-b13bb5236166,50920473100012
a95055a7-ff7a-41f2-9d1b-047c416d0d89,
a9afd79f-c314-4831-ae82-e7db9047df77,
aa15be1f-6221-437a-af33-f37b5f19d963,90244559200014
aa6dada9-2f63-4d99-9347-90b5a64c5e1d,
aa7349e3-991f-45e5-827b-151e7609acd1,
ab6dc9e0-1920-47b2-ae33-703215af25c7,
ab9a9d20-12ff-418a-b25b-7bd31bc73064,
ace1b85d-6a39-4c21-a28c-30cd20ab6f37,
ad3df7e6-af4e-4446-8a20-8f6df11e90ba,48214835000028
aded379b-fb39-4c66-bcbd-a40d85fee9ed,41833459500018
aeb82616-23f9-4a6f-86a9-2a06cef90632,13002497900010
b00178cb-7124-4859-a553-ac5d23850df2,
b0183c66-5f77-43e5-9ab9-0fe464d08b58,39267050100049
b1b612fd-1012-4e5b-b108-0c5511da3882,
b2924335-3dfe-4f9a-bf70-478f7624ab8b,
b2a9be3c-c355-47e6-961f-4ec0cd3b3379,30343304900366
b323532d-4b39-465b-a11f-2a034f1feeb2,
b41b9dd8-2672-4344-ae6f-f7e013957e4c,
b46fc78d-4b9a-4441-b94f-2724268ea13d,
b472aea9-36c2-4777-ae8d-51fb47285cab,12000101100010
b49d47f6-5126-4164-b87c-8a943bdc2350,
b49dcea9-802c-4a89-8f7a-6d364005ffba,
b53bd486-ab4c-4554-a1c2-5ccefa9dcd83,48932884900018
b60f59c6-e1ac-42c0-86aa-91712374fa1a,
b637f8c4-15d2-4f26-a8f8-b8a38fd72405,22940028800010
b6dd349a-1405-4898-b15b-998ced80ba06,
b757828b-a6ef-4945-9a8d-ff4c858b0255,54210765114459
b774090b-85f2-46a2-b26d-62fd277a48f2,
b7939afa-5081-4e8c-b0df-e097ad027da5,83827491800013
b7d0493e-5e26-4f74-8e64-9893eda79b97,
b8344c0f-b397-4c94-babb-0575a3e921de,49094589600028
b866c3aa-8816-41a9-aa8d-3a99861b6752,
bacbb4b0-fd82-47ab-a9a4-1f7c63e03bc9,13001422800089
baf6c0bd-2db5-4b2a-b627-f352f0dd00b3,99188297800018
bb01a630-00fc-4ccd-8238-2f3a84773eb5,
bb72f790-91e7-400d-9bfd-6fcc568bdba3,
bbecfc2a-393e-41db-b94e-22c0a046e495,
bd12d5de-d386-44f1-8e53-553b66717c2d,
bd4ea720-8235-4a4a-97ba-2d7783a755d7,92538941300012
bdbaa32a-9eed-46d8-b373-0ebf85f5edd2,
be5ae403-50f2-4b0f-a9be-fd1aa61fe8bc,
bec12f5b-ff4f-4d23-9e24-6c593c0816b0,
bf319e11-c76b-4e0c-acb9-5d7f198b7786,
bf323e25-1994-49b7-9902-38aef6fd6517,
bf5e730f-d5a4-4e81-be27-0cdd632b5e8a,
bf801823-475e-42cd-8d79-a66e466f1893,
c06f18c8-6c5d-4a28-af21-bd3ce5624d49,
c14545c1-6db5-4e0f-aaed-887e7facbb25,41833459500018
c1538b4f-cae3-4601-ba5b-17d6cc67a37f,13002593500011
c263271e-ea9b-4b81-bd5d-6f400b3ab0f4,
c3c7cb6a-1a96-4416-8ef6-2f99d3f964e4,
c41c911d-1fd3-4c7d-b334-f7c902367285,
c5105a49-9c68-42df-93f2-78d1ff16c5f8,
c5391a2b-c209-454b-8ce6-f8c8ce669048,12004606500013
c53c1e31-7c41-4d21-ba30-ead0e44200c3,
c5611760-d3db-47a1-9d17-b5713bf9acef,13001679300023
c7707aa2-27eb-4ab2-ba51-7134b67dcc1c,99061735900015
c7c6fb2e-9898-46fc-9c74-e6eacf9d14eb,91998137300013
c85ee93a-5977-4174-8328-629823985fc9,
c8fa5893-43ac-4dfb-b79a-eb9acd188408,
c97aef1e-7af8-4892-a152-669c07f2b5ec,
ca31236a-a363-4d76-b07c-ae2fb28a614c,30647408100057
ca3c485e-af2b-49b9-baa0-79c4742cd4c6,
caa27a87-b4fe-41a7-8a04-5ec99be9b5fb,
caa533ad-3caa-4d14-b774-ed451edb2802,
caae659d-6fa3-4886-8fde-96e263061a0a,
cbcf90dd-6b21-4308-8332-5aee01b54f81,
cc1ac1e9-d765-4fc1-ac63-b2918ebd04e5,32681689900016
ccb1345f-b3b5-4a55-ad40-e5a9ea462552,15700025800010
cd2e0afd-08e1-429f-b00c-930fd1b630d9,20008169300018
cd4b9216-f373-40d9-963f-b8ae68f0db81,
cfe1f631-117a-48db-bbd4-11761f088d78,12000101100010
d01e0d17-6895-4f19-b9c6-44b369069df0,
d1ee7373-8f95-4629-b5ee-886f4e8b0d0b,
d263164e-bcb0-4fb4-9700-bd6dc2c59f22,39267050100049
d294e1dd-5da4-4ba1-8cce-aa6f19c844d1,
d2f4f228-ba79-43a4-8487-faf33803d6fd,
d4370725-b67c-4730-b2e8-847274dae966,
d4fe06aa-a937-4736-b1c2-c1af9cc23b5c,39267050100049
d534569b-a3a3-4a27-a403-ca36bd3fd279,
d5753d42-5fca-4a60-94de-6cf0ac78fde1,
d6098210-75a9-42a1-99fc-d2d97d3d4e1c,
d61cda1b-0b7d-4dbf-8e73-ee17229309a7,13002591900015
d7ab9934-b4b5-47ac-92a6-136bce08af23,
d7c46511-9462-43db-be4c-c517cd3e5d5d,
d8db0b4f-e47b-4c0a-95ee-282ee1cdacd7,
d94864ac-aaab-4d3d-9e3a-6d476e0a8b97,90244559200014
d9db901c-e80e-4ccf-9dfd-01ad39de8a8b,12002001101155
da0650a5-5d30-4dea-93b8-9c4113dd70bd,
dba6f078-1f73-4634-9611-94d0c81142cb,40415135900019
dc21d89d-ca6f-4bbc-b666-9f1f839ddba2,
dc309f22-0469-446b-8e89-6d4e285f9379,
dc313e0e-aa1d-4093-8818-ed0bed4f46ee,
de92d939-dfb8-4d1f-a76b-7d73b94f743d,
deae603b-0859-41d2-9de4-c4a800083072,85322202400020
dfd66204-595b-4cae-ae5e-d72dc260ba95,
e0dd45ee-2d31-4d0d-9689-d27e84a8ea32,
e223b80f-bc4b-4f7e-b823-b7b5df2da4d2,
e22d68df-6300-4cac-9c44-5d40b252001c,
e2c9e1a7-39c6-4549-bdcb-a8e1a138611f,84056819000010
e348508a-c620-4470-8766-fa605f5cc355,
e34a2a45-fcaa-4ecd-b748-3d4c41d90bda,13002959800013
e35fd255-c424-4d8a-a656-a129f7652e82,
e40a8d52-afed-428b-8b01-03a5a2d7302f,
e4694b94-539f-4bfd-a5f6-60334b0df311,
e49bebf7-7b37-45d2-89ba-40ddba171178,80892318900019
e4d65fc5-c712-4b65-975c-6b577c2216de,
e4f2cd1b-8f35-4abc-8f4f-d3000c79b3a3,
e524fea1-e449-4742-abc9-59906c93fe6d,32615161000010
e61f2698-2ecb-41bb-977a-cbcd2a24c321,
e6b87711-36de-461a-bdb2-9c931d2bbada,
e84b3675-86dc-4323-94ae-a30884bec312,
e866b315-cce8-486f-9537-b240b23388ba,43393206800011
e8eddf7b-9ac7-4fe1-9267-e060ebe473ae,
ea23d6bc-da8e-42b5-9dc3-cb03018d082a,
ea3f192f-0720-403b-952e-cf7ca3d13c8c,18750009500166
ebdbd8d1-5fa0-44ee-99b8-fe48dc0ea607,
ec111ea5-28c1-4a81-8774-15a57e55e3d0,
ec37274d-31a8-488e-87a8-bb75475c8b76,
ed9244a2-462e-4b29-9ca3-07650f93726b,92215712800013
ee2e6e37-a984-455a-8946-2032ced5cc14,
ee71ac75-55c6-46b0-a184-944d6a603a4c,
f0546089-339a-45ee-9c65-da5965af80f0,
f13b7b37-9432-475c-b429-88d683a3ed20,
f141785a-851f-42c3-921a-a059de6c249d,
f14d461d-44b0-4f68-88e1-7a4d5e52209e,
f20125f1-eea8-49c1-852a-0ef9105ef78e,
f2911dad-9614-42e7-bde5-2e4a899a9fee,
f2a9fa02-bf46-4f4d-97c5-9c4b605ce684,
f3711b7b-9194-4689-9e0a-0c0fc6e26a1b,
f3765fc2-6235-419d-9a44-77a4298028c3,
f3b6da43-c70d-4af2-96b9-a54dda3f8282,
f4ad39ce-5c0c-45d8-8511-0eee1c6f6f65,
f4bc05a9-cb37-49f1-ae8c-739d95095a92,92384357700019
f4c335ef-50d2-4494-9ee2-cf26ccc15580,
f4e23d9f-7291-45de-b61c-e192c9860f72,
f51d9d47-1c87-493e-a0c3-17b74c57ba3a,12002001101155
f54b1f07-13db-472e-850e-7dd94adbb1ba,51251373000014
f7075d93-a5c4-4e8b-835b-7ba52ba6fefa,
f7119139-337a-47db-97b1-a6e2178a5450,
f81ad3b3-f42d-421b-89dc-3dd58788c114,
f83d8e99-4d1c-400f-8959-28b99fe4eeca,
f84fbfa0-b0f4-462a-8056-57e580922230,
f92aefc4-63db-438a-b23a-b7665f001bd5,89430537400015
fa3e8faf-5351-46d3-9105-2b1ae07ef538,
fa6cc596-68fc-44b8-87b7-97c96b02a3ee,
fba0bdef-a96b-471c-b1cd-9e3bdf25352a,
fc078e58-458f-4476-b298-04b37b291ac5,
fce3632e-51df-4b41-a85f-d0a4e9ebe0c6,42048519500705
fdc6c8bc-d334-482b-a706-2d83e4ba19e0,
fdc8cb3d-b36a-4079-ac16-23eaefe31ce0,88084545800012
82cca0c8-ff71-4a02-80e1-97365db4d7a7,
feeec019-9192-46bd-9a63-6f750aab34db,
001d5334-6172-4435-9dd1-8204d8dcceba,
006bb941-40ce-4ff3-b27b-3c55989ee8f5,
008723e1-e853-4c0b-9117-a52a5831f223,39267050100049
00894074-9d88-4b80-a4de-112aba91cfb2,
00f31f4e-ebe2-40e7-8f81-6438fe486956,
016910bd-104d-4af8-8a48-ae5d7244dc87,51965470100019
01ba10ad-dc6b-437b-a9f8-5306ac3fe98d,
01c23cce-fd49-4746-bd9a-9213c2c4b8f8,
01d1bdfa-7087-4567-a2c7-fe8d2ba0f5b7,
035b74eb-84c2-4066-bbbc-c3fd747ec358,19133340000015
8b4df285-e848-478f-a885-66e1a26cdc02,63201158100188
03c89b76-1ffd-4755-94e4-16e1b2ae8199,
0426b01a-4703-4baa-b17f-f6f32aff3d7e,
046e4458-4081-470f-ba71-9f9432ef9812,
05024a7d-6a5b-4378-926b-f71b96778ac7,
051be6c4-2693-45e0-9644-b84049e57f02,13002665100013
8f05ffc1-ae73-42fe-98a9-deaca2d10d5b,
060570e0-0ca4-4c57-9968-6100c1063599,15700022500019
060c2afb-5017-4886-99e3-56763c9a5ee2,
0618d0d6-3b34-41fe-95df-1cfbaa9a1f2e,
062c4bef-a5ed-4db0-a195-74a9bd89be19,
06befd54-79e9-411d-a364-9b75f2a4fd0b,13002198300015
06e79c4b-d0fe-454f-a44b-5c6ffaf6a8aa,
0723328a-e056-49c6-9848-7c9bf7d5d92e,
07469518-c4a2-4c6a-8d07-4174bb290972,
077866b5-a4b1-499c-98fc-ea6965bdcf2e,
079fba29-0709-4b62-86e7-252e927e0a6a,
081ccc72-a1e5-4ffc-b3a3-df801c9330bf,
08b1fdf4-32c9-486e-83df-e2d6fac3b7ef,
08c9ed0b-c2e0-4b24-b659-98fb7231ee1f,
0901d04a-a553-4a3c-a471-d7acd05e9236,39095191100028
0927656e-03ee-47d2-9dd7-9e26f6e8af51,
0ab2f45e-e2ba-4537-ac73-2a4dafdaba28,
0ad6798a-2df8-4850-8207-eabeab76a09f,15700029000013
138ed031-fa5d-449f-ad37-62bc4ab106ab,37960683300042
0bf5831f-8184-4a03-9a3c-50c3b7cb6fc6,
0c102596-7bd5-4309-9af3-b846148a1a27,
0caa859a-bdef-46bf-83bc-13ef8107d72f,65980194800202
0d16dcd1-285e-4fc2-96ec-ae6a29b08593,
0d4459f4-e5f2-4379-b800-ec47098fa44d,
0db9e8cc-055d-4e85-bfe7-e94e04bec9c0,
0e0f7329-10c4-48f3-88af-d1262db7cebd,
0e102110-b907-44ba-9ba8-20b9950019cd,
0e7d1e8c-404c-46b9-9bf5-58665043276a,
0f33e946-18db-49d2-9272-49437dadae4b,
0f3a5560-b152-4249-bf56-31db34868cae,
10129c96-3df5-4c03-806d-68bf273b1900,
10d9c3e6-13a3-4912-a9fa-6bdeaeb53e25,
12ba645c-d941-4812-ad4f-ae0f9d0f1cbf,83323385100017
12cde073-a9f0-4aea-b22d-37ab04140d1a,
139e0302-336c-437e-a79d-66c441d7aebe,
142c6348-3943-4ed1-bf30-f3884e198796,
147cc97b-7edc-4bf4-a75e-2dcb2a9c54db,
159a3669-5cb8-4496-8725-ed56c848392b,
289b3135-b308-40c0-b6ad-7a96e0231696,39267050100049
15adc11b-b4c3-437a-b316-f6b536ca7987,
160428a7-88c1-42b3-9095-9a9535e31550,
167e2f5d-eb09-4ebc-adf3-17af9e0b6fc1,
168addf3-0c62-44c7-a957-ab9344c5e26a,
a2363918-a4dd-4b85-9a82-79378e68fa2a,84870774100015
16bbcaac-7533-4c2e-91e0-902a022b9e7c,
16be0b14-9373-451b-8e70-d72b4de0bcaa,
173bcfc5-75ab-435a-a090-06316c3d0abc,
184f408e-f9bd-42f6-b631-224b1452e942,
196d3253-b67c-4f02-831f-3f58e9f4e56a,
19dc1d63-cd3d-4711-b724-7741f251357b,
19e6b8a6-2f62-46a9-8328-ea3b340bd436,17590431702217
1a77e638-c5d4-4712-b114-8255b95bfff7,
1a7bbfc6-67e1-4349-b05e-e159b1fa64b4,
1a8b51a9-6e83-4207-9304-a8c7d9cb5460,
1b1583f0-0955-4284-bf24-2699255c8466,
1b17b205-6ba5-4a3b-bb26-70ecb38a874a,
1bc41dc3-057a-42c9-ac5d-1fefd8f97986,91421167700010
1c9b59ad-d5c6-4e7d-b4da-3e05a6ec5153,39951629300012
1dc5f850-95d0-4aac-946b-863f788c23c7,
1dedd1f8-1bbc-4f16-a3b2-af77993dbe99,12000601000074
1e9160fa-73c7-49d3-877d-e6ced2486c7f,
1eb44fb7-d08a-470a-a378-0fabbc600428,
1f1202e0-ac89-4c44-975b-5996a2be849d,66201989200014
1f36b06d-b591-41db-aa12-fd0343a0d117,
1fb0529e-ac75-4e3b-9ee7-ad14b35fa895,
1fce001f-d41f-4a25-9f38-86738bba880a,
21434ec1-c445-4aa1-a6c4-27e7ae140440,
21d53b55-d72c-41c7-a92b-b34a8c8ca89b,
233c16cb-0aad-4935-9717-453855689018,43331231100023
235113a3-afe2-4d85-bbc2-513619af2245,
23de49ea-9f2a-43ca-956c-f88ef418e09d,
23f028b7-117e-4dea-80f1-fdd5e6d26f04,
23f359ee-a0e6-4fad-a594-fc5cef0d138e,
2483dba1-3de6-4544-8565-99252fcb0a73,
253702f6-837c-4601-91fb-1a50dbe2c7d9,
26937b5c-fc5f-4fe5-b282-0f93c31d34dd,
26a271d3-ac4e-48f9-b8f4-76ffcacb0cdf,
7fa7f1ad-21b6-494c-a45d-812cf2ad9543,18005302700017
82108933-ca09-4b05-b8b6-be04cc434de6,
d1f3b0ba-f5ca-48ef-ad86-97f571327d81,
2719016d-559b-44ee-bfa3-b47230acf827,13001641300135
274baf4b-a17b-4c63-8652-80e408016140,
27564dce-70ed-4d9e-946e-482359fcc2c8,
58acf8a5-bdbd-4b83-acbe-2d2ffb1ffb05,17991092200014
7079c540-d157-4fa7-b44c-d2fbf541f352,
27c2f740-f74e-435e-9853-435f616b0fac,34978603800076
27e7c73a-1a02-4f0a-ab24-2111029827f6,
283d2e8b-602c-43f0-a6be-e9c521c98dcd,
28b3481c-a646-4e37-ae43-d3828db6c3fd,13000169600017
2f93786b-9e55-4c23-bc17-251b91e12d72,
8e8788ac-6f0b-486e-b306-d877f1a704bb,
8ec4f7d8-280c-40bd-a7eb-71bb862cdadf,
2908f2f1-3f61-4f25-9dd0-15c7bd673b4f,
29216c43-2275-49a8-ae1d-b5d61a8ed030,45316596100013
2927f4fd-eb32-4714-81b6-447decf3c3e3,
29464373-3ea5-413e-8f25-540fbe7cebc9,
adbfdf56-18c2-450a-ab35-e21fecd95a2b,
b2a3d198-2b24-4757-b680-1f3f06680351,
29a23e98-070e-44d9-8421-07a98945be61,11000029600274
29e51b69-baa3-4262-850e-75656920003f,
29edaed6-1af3-4dda-b729-4008930b6086,17590805200392
2a075c7a-2fe1-460d-b8a7-c40ffa545012,
2a28650b-2356-41a2-bb0a-dc58f43ef9c4,
2a48adf2-fe59-4f22-b0ce-0e458055e008,
2a870eae-5b30-46e3-8ca6-b8bbbc95481f,
2b6ab5a1-eaee-44d0-8f03-0582c2e9c151,
2b97d5e1-7647-4fbd-9d1a-80cda4187820,
2c8ee246-8a6b-4cda-967b-39c056a98482,48103684600022
2d10ef1d-5d54-436d-863e-52ead7ae8288,
2da6871d-e07d-442e-966d-8a40315a4d73,
2dce06b4-026d-4772-935c-54f17b64a0f1,
2e0afb01-d0a5-4c26-a7da-8dc2999f73d5,39267050100049
2e140211-6b46-453d-afa3-0ad8e1ec72cf,88501199900012
2e4a107a-8734-47a5-9072-52f42433e114,
2e534af8-c001-44fc-9a05-804b9f958e0c,90244559200014
2ee444ca-d471-4c69-ad18-a7a3a1a259e8,21780029100015
2fa80536-a781-4d5a-996b-1eb40483f1b6,92302548000016
2fd99bfd-1117-44b1-a7b7-7c7f3b6ec226,
30a5fe81-45ba-4e85-bf2c-4a837bb9e1d5,20010042800016
30af7a94-a486-45b9-9f0f-0de5131e26f8,
30b7c5b9-1a60-4d1d-a0e9-032ae068ec03,
30d60670-9a15-4386-8f23-247d5010a8b8,
c092840f-5e2b-42c1-88cc-952ac598d61f,
3121ab8f-3898-4391-a768-fbd2b228c6a3,22590001801244
3230873f-8efe-4b2e-b90e-96d20bf8e565,
3282674c-5873-4df5-9458-d1e3c173c878,
32b93cf5-834b-4ba8-89df-3427c0ac9a77,
339633b9-7895-48ce-bf4d-7257c756bf95,
346c3dd0-d11a-4215-ab6c-31a36dc5d25a,
347479f2-fedb-439c-861f-dd027cd1140b,
34cfad08-3708-4318-a713-fabe5135bd4b,
34ec3fbb-d7d6-44c3-8236-e70da41c63f9,
350a244b-674c-42ce-92b0-0020fdf3ffbf,
352f65c4-d833-41cf-9550-78bc03684fac,
360fabb4-78e1-42d7-b3ee-2f05cc5636b0,
36269bd4-a71a-4888-a86a-e276724eaaa0,
36da7d28-fce3-4282-bcc2-d09d7bf9bfce,
37403f9f-ff84-48a3-b4b4-b877092fe85d,
37798e66-2dcb-42e1-b031-e999bb92703c,
387b2eab-c643-4f3f-8d9b-867bcc6887cb,
38ba83fd-a11f-43ce-9736-b9dcc1e9c7a4,
391e70aa-e97f-46d8-91e1-221adaa2e9a8,92262246900018
39620a06-9f1a-40e5-9319-fa2103abfdc0,
3981421b-42e6-4cdd-9b04-ff258d078086,
3983272a-37cf-4b21-bf89-a913bf8eb712,
3b16347d-c257-4708-9277-7fa12ebbd36b,
3b1e1b5e-b642-4f26-8594-926a8788d5ca,
3b50f282-9743-48a3-b66f-2c7ffd4c1c8f,
3b74496b-ddd0-4cd0-940f-2c992e4f52cd,
3c02be14-3f0d-45a8-85e1-26c65b089798,
3d9862ba-899e-4960-895a-fc8176b48b3a,
3dc17c45-bb4d-473e-9f05-74ffc59566e7,
3dfc90eb-ad7c-41d5-a93c-8d83b1264198,17990005500015
3e783821-5a97-4fd4-b062-d9f1fbb318a8,
3ef92f56-2984-4c52-8671-eb3701427ba6,90862215200027
3f1b662d-31c8-483c-bcf1-4bdfcaa2fb88,
401577bd-c2e5-4c99-891d-bf2fa04b6306,
4045c093-7ad9-457f-b602-0a03c62c449e,
40500d00-5d06-41ac-a592-5cb922c64dce,
40ad9e38-776e-41f6-8960-87e9ca2dda04,
41000cc9-aa5f-4874-b2cc-9472ab5f6610,
411a6c6f-05f7-4a31-8afd-a17795dfe47b,
419a907a-af7a-4bc1-b4d3-97614be9fc7c,
42d4a1b7-3fb8-4f62-9426-d92f392a93a7,
431911bf-ca08-4370-8ae6-1f0035996b08,
437498ba-501b-46c1-b9da-a73b2c510bbd,
43f8af7b-b19f-42cd-af4b-e03671e3bbd5,53353624900014
44e27d6e-bdfa-4fd3-93d7-a3930bcf2031,89247897500014
450abefd-9a43-4e71-ac32-fbba83f73ccb,
454678c5-9598-4f88-b11d-2fd0a1d3438d,78226085500013
455d7f05-bc26-4f01-9f79-5b02a7e45b7c,
456aa6cc-ac28-4a95-a6a3-a401ffc1a189,
462f3061-25c7-4644-97cb-15b37b90f6f2,
47e00fd5-a495-4072-a0ca-d621270d5f4b,
47fadeaa-21cd-46e0-afb7-8c5a07908f86,
4858be8b-ac05-4be2-b348-6b54a86364a9,
48e0b4ff-8ef5-488c-88d4-aeaaede69539,
48f8f4eb-32d5-4631-87e3-22c845722481,
4a6dba11-d5f9-4500-886a-8501034a1de4,
4a95a398-ec75-49cb-a126-c6d0ef47a184,
4abf3e40-86af-4d4d-9530-ca62e6a8b60c,
4ba28057-64c7-48fe-b210-e434bbfef142,
58281397-7a6c-4a0b-9a0c-fc6b657b1dac,
4baffe90-e690-440b-b950-8aaeac28c85c,13002059700014
4c24cd1b-7586-4235-80f3-f7826e33166f,
4c37103f-1929-43d0-93b0-c63923f6ea94,
4c66b939-bd2e-477c-9fee-704ea9a3b1d0,
4cdd93e3-2d36-480b-9bf1-355743805fac,
4dfe9a34-5bfa-4629-8121-5518189e15fd,
4f71108f-5a9b-4f2b-bca8-964a0ae6cf88,
4fe2d22c-d123-49a0-9455-a4dcd132e971,
4ffa0ada-caf4-4b1c-bf67-b6702c15a286,
500e19bf-7925-41cf-8fc8-6ac9da5f8855,
50c2c5d2-8e29-4501-87b0-86cad13b0eab,89783555900013
51b351b2-b2a8-4d45-9705-2936185cd9c8,
524c2910-a922-447c-b835-5519bf8673db,
525bbfd1-994e-4d12-84e7-e5924ad12893,
52aa6ff1-848c-4ef5-b7bc-c9d56c1b9411,
530a1dda-0c98-48bc-b3cd-17453d0a8ede,
536afa82-2a5f-4513-b4be-747e5f71981f,
539751d6-cdb2-443e-ab9c-466ef9e37789,
54b70baf-042e-481a-b162-8986759c8194,
55049556-944e-4179-8e52-979d1304d577,
5511b061-be44-4071-a910-9aad43e6405a,
558c3552-d00a-4332-8a8d-d1e035bd3b51,39267050100049
567723ae-ced4-4287-92d0-584197289e0f,
5690fc01-dcf8-48fc-8b6b-6acb89e0fa2d,
5722c4be-b4b7-4621-9069-f90faa4b54b3,
573b97bf-ed07-40ed-98ed-1d41d8a80d8c,93426406000013
574bfb26-c333-4418-adfa-eae62c7663e8,
5815cf76-c8b3-443a-8b01-be9407378e5b,
58b60146-89ed-4d2d-8029-b7feecb21888,
5901b46e-7940-485c-a43d-c069a2a2f24c,10443404800013
eac7ae2f-453c-405b-8030-a37dda7cf433,
594750fa-4a86-41ea-80b6-c30d5e5f502f,
59586944-2988-4782-bda2-06c5443c9b62,55208131766522
598ea28b-5f05-422d-8870-7621bd9b589d,
5a6b3e8a-fad9-484a-9790-f669c4446ea8,
5ab37954-7213-44fe-8040-2663a7599fa8,
5b9b920c-59de-49c3-befb-c25c9b2a1239,
5ca38ae0-7b10-458f-945f-e67b4849194c,
5d12aa62-d604-437b-908c-f9a3c32ca1ee,
5d2dfb5e-860d-49e4-921a-0c092a2430c7,
5eb8ab8b-fbac-436d-b0ef-2fde61e9fb8a,
5f23a1ed-e56a-49f6-9c85-c1fe44f33359,
5f39fecf-fab0-40b9-b9c9-33bcf99ee38d,
5f888c6d-72b5-44c7-b6be-a00f5f1296ee,
5f9d81ff-08f9-4535-b526-f70f8e749fb0,
6032de4d-bc9a-468f-9f05-a70851005311,
603e96c5-15dc-49a3-a549-fd7b6f0c8128,
60a071ac-0ec9-4f9d-8485-aabb867a1589,13002333600014
60a32de0-f688-46b6-a1fa-f8c73d6202c8,
60b74e8d-2828-4993-a7f2-cb47bda409ce,
612976a1-0eda-4319-853c-c71cec9d6c54,
612d2e9f-57f1-4bf2-802d-a7a09f1219ab,12000623400013
620eb7a2-b01a-42a7-813b-9b4e750c0b07,
625ddc76-2308-4a1f-bc7c-cffb67aa6f6d,
62ae6bf4-0f79-409c-9b23-3f0a39413588,12000601000074
62ec2da6-585a-4b94-a4c5-b70b04ec80b4,
634c6b6e-8162-445c-a533-3cbc583c53fc,92463351400014
639c651f-9408-4833-a3d3-d01307497131,13000552300019
63fbb43f-4008-499a-ba59-42596f535c56,
645618af-e7f8-4544-a8fc-d7c53f0cc766,
648be179-7ff8-4c84-b6d6-c2bc3a1939e3,
65835136-83d3-486e-8d4d-048a59f3bc81,98033788500019
65b1c460-8a00-47a5-95bb-e171884050a2,
660c1768-5339-4b29-b04d-20abf6a4ae06,
67826d7b-5142-4c42-a9f2-a018a2ea850a,
e9bbf925-7a0e-4b50-a94c-830aa83e498b,
67b94e65-fc12-42cb-8b3b-59c1fa1c2c0e,
67c3bc91-4fc0-45e8-b754-b79949a3ef52,
6853da14-c5d5-45aa-830a-bc6514edba7e,13002348400012
692b256d-9275-4912-ac87-8a28d83c5edf,44879211900035
69b26e4e-dfae-4439-8259-a921f4efbe76,
69d373e8-fa94-4aaf-a287-e7086629a43e,
6a0cb3d7-e092-406f-bffa-e38f2281534d,
3964c850-1fba-4d51-b10d-afae0a49f556,
6b1a57b6-1d4f-436e-8bd4-75effc432030,12000003900012
6c41f9e5-7450-43af-8d1c-44197b18a581,13000495500014
8c21e6cd-6676-4f58-88a6-658b82b48da7,
6ca7a33b-18f0-47a5-9ee4-7d865abba0e2,83488286200024
6dc349fd-4ca8-428c-b50f-d38bde96c772,
63cc094e-7903-4425-a7de-cdbd5a35932c,
7eb9f948-7f1b-4b16-a54b-306ad115ae12,
7f2af182-033e-41e9-ae45-13484c2333f2,13002620600024
6e75d596-af4f-4bd0-9708-9e31f9af94eb,
703aa94c-30b0-400d-8fe1-14ee80f1a604,
70c4305f-1904-46d7-b672-ae3e237458a1,
7144b2c3-0b1a-47a4-9643-46ce0b1be9bc,
721412cb-66f4-4c99-935f-f321bccae015,13002995200012
738c0226-bec6-4d66-abed-5b0525fe3bc4,
73a92a4f-7d4e-44d3-9e43-02dd60c9dda6,
73bbb5af-b16b-4e89-abea-91b438e186f6,
744ff890-8443-48ba-9859-5f46f88b613a,
74643f48-454e-4da6-af7c-c2d3c2aba864,
74959cfa-5329-4730-9ec3-31f8a6b51294,
74fc6eb8-70e7-4332-9795-f1846b5eeb4e,98036926800019
7520b11c-c998-4381-91b5-c85612b9f164,
76dffc8e-f215-4d8b-b089-ccf228bad4f7,
774e9e90-ac94-49be-bc8b-5495f8714fb8,
779696db-9806-4a63-8d93-9aa83ebd100c,
781867ec-2436-4356-8d08-4077c133f2f7,
78b05ddb-adfe-4c38-887c-3171e3098168,41840109700013
79087658-1b53-436e-83f8-4f9ce34a32d4,13001336000057
795e2c24-26b6-44bf-9720-a6a7426bd16b,51850320600014
7a045885-1717-42a0-bddf-360ed23fc92e,13002559600011
7b178e91-121d-4ec3-8821-4bf6f01d5614,
7b1bfe35-49cd-4749-893e-fc84c20cc739,
7b5955e3-b584-4de9-a706-f67487956e85,
7bfcd545-7c36-4c33-b8e7-f204af95a1df,
7bfe84fd-81dc-4e63-83bb-04c319800e7d,90965949200013
7d1f9e1f-70f0-4279-81ac-11c099bd389b,34978603800076
7d5245e1-6725-4b4e-b0e3-021b1c1d9539,
7d5c9d28-20cd-445f-bd0e-f5913f4f36ee,
7d8c7641-098e-4701-862e-cbcdb4e3e9c8,
7e5f11e8-fd80-4fa6-9e85-4a04cbd1a81a,19920835600162
091af90d-a965-440f-8879-e5f94cd2b3e7,
22d48a6c-0dc4-40af-85fa-d9a4dbaf5a12,
23db7e9e-78b8-408f-bde9-1de91c1bdd64,17991310800017
7d40db20-f4f6-4eaf-bc11-4d10965f8a22,
7e64de10-cff7-43b6-bfce-71a0cc0c06f5,
7e762530-20c8-4603-ba30-c723503fdda9,
802b3059-9425-4901-a96a-23fe25b9bec5,
07b3eae0-e41d-4822-9cba-539178d7bdda,13000498900013
804d75e5-934a-4a67-830b-03eb94575d99,
81398a49-29fe-4d56-8b37-f5705b777e01,52310983300054
8175735b-393a-4bea-b633-1087f9af8fb4,19801344300017
818e6b23-e410-4f8f-8bb9-04578d6b275c,19830766200017
822e223b-7d0b-400c-8ae7-7d16ad83c994,13002006800016
8278e455-648a-48da-9478-9237adbf84e4,
83917d04-3c84-4028-b6ab-e9d0a070fab3,
c98e0632-74a5-4a33-9b6f-45ebfbec2684,
84d4c965-3278-4613-ae24-3ec691208dab,
855839b9-346e-4fd7-b208-bbc88a237a14,90850715500012
85c5a9d6-dcc2-447b-9340-4472407b7820,
880ebbb8-8689-4b07-ac63-234341290f52,
88d024ea-bde7-41ec-a05f-e1ecefed8d3b,
88eebd02-29db-4c93-94d2-f1599f1903a9,
898d3681-9f63-48d8-874f-283081d24375,
899f9286-38af-4e1c-8896-2650928b3e21,
89cf708e-0d13-4be2-83a8-af95f3eaa4aa,
8ab36bc6-4539-4114-85a0-46b2bf988e38,
8ad1f9d9-6745-482b-8102-42bd374702e6,
8b8581fd-c176-4c37-8fc2-302277c43388,
8bb2ec9d-a171-4c0c-a818-8f644c6bba04,
8cceb73c-674b-495c-9e9a-8074394b2cdf,
3358624a-4e37-4fcd-9b11-908b843aab94,13002591900015
7857ef79-1043-4ee2-9ee2-0e75998dc107,
8d2fe64f-33d6-4551-9217-7cbbcbb7ce98,
8d66a5d2-24a6-4bb1-aecb-28f04148b365,
8e50d256-0169-4a1b-9bcc-55af17a731c7,
8f333125-79ce-4048-a7d4-8cca454ad0a4,
907639a0-15ad-434c-a312-0368185ec4e1,
91487841-0ac7-4e14-9a93-4fbba93b386a,
916cfdd3-39ad-4e09-b6ed-955f23d7703c,
9170218c-3037-473b-9fcc-35cfe2998f14,
91897821-73ea-4e5f-93c5-ca2630e07cb7,
918fc495-2d12-4df8-9ed3-89cfa35f25cf,12000101100010
9216289b-4331-4951-bb6a-93998c4aef48,
92723720-b953-45a4-bf82-1949d64cebc0,90205713200018
9297e243-83a6-43b6-b24b-e8cd286090c4,
931e232d-29d0-4d8d-ae7b-151ef22d2230,
93a2a188-4a66-4e1c-ad16-f879c4e2f7d8,
93b99250-22b0-43d2-b3ec-54a0a6e8a657,
9525a7a1-b8de-4ffe-acaa-de99ad6e8439,16002203400849
95f37264-5627-4005-b404-484f802983fc,43413249400031
9650d8df-2690-4d61-a0a8-05812f6eaee2,16002302400021
96a4adcf-86b7-42e1-a1e3-bc3eb24fab62,
96b2dfb1-e7bf-4caf-8981-0d30536c0130,
96c94a66-35fb-4f12-adc6-5f4e52ff60af,
96d97a9d-fe53-4c40-8f6e-a3dd6cb56290,
9711f771-eb96-4582-ac36-b614df4a803e,
97dbb13b-a2bf-461b-95d7-37773c31cbce,
98574676-261a-435c-9389-5b7d10eb1331,
98a52fd2-70f3-4ebd-bf9d-a05374658d47,
99f3bf37-8b13-4af4-ae2b-ae34d4edaf76,25330606200022
99f99e3c-bb35-4a67-99f6-4e7ecd0cd02f,
9a08f5bb-6e61-4fb0-90ec-1d6337ab29f4,
9a67592e-84e5-43fe-a323-10b79c3359bf,
9a7b46dd-ce58-4d74-86f7-d8ed0c8d9c69,
9a923f86-c60a-473a-a047-dadb6843aeb0,
9af604a9-7ea2-491d-b71b-e2141eff781e,
9b288ed2-f55f-44a3-adf6-ba5835a720c4,
9bafa4d8-d6b0-4804-b82d-a281b906b727,
9be4f0dd-6882-4c58-902f-2a25c2d84da8,
9cb36ac3-bf3d-4085-b752-2f0ecbae4b7b,
9d1101f4-9e6a-4b7d-8e1d-b80fc6b5b92f,
9d6c0c5f-d5e7-4622-99c2-b99798d34579,
9dd2e3c9-aa8b-4484-a201-50084bec72bf,83101247100015
9ddecc95-a388-4c16-88bc-82fc01b5770b,
9de49253-2a34-4961-902a-fbf56cadd162,
9ed8786f-a909-4aad-95c5-95bcf126872e,
a01b82b5-b03a-4909-9089-8457f023e6ab,
a03d7704-1cab-4058-a5e8-24d3fd83c1ae,13002348400012
a12a88b5-81e7-4bac-adb8-825f410a157f,
a23a5846-16a8-4993-9898-c6aaf87dbb2f,
a2400a7c-ab5c-40cb-a02b-88f8f8323462,12002001101155
a268ab28-2334-4baa-8445-d3f6d8839f06,
a2cadf6e-4d93-403c-80ab-93013aa98a6a,
a2e0c5a9-a454-4237-9e8b-8c10e7875137,
a311fab3-5f77-4bab-a758-c41be57b2a9b,
a3666783-1e63-42ac-a017-7d768d487661,
a39278a2-8e74-4b2f-a196-e7b4e8e3171b,
a3c4311a-a0c3-4dd6-b906-8c0616ef2f0e,
a42ed571-deb7-405e-a0d2-a6654d9116dd,
a4807a68-4bc4-4986-90b7-e5229eba6f97,
a4859082-9447-40a5-8e89-57ce6e104102,
a4b4c3d1-952e-4426-b1e5-9a121e38ab9b,
a4b80be5-e6a2-495a-967f-b37f87291c04,
a4cccba4-9408-4b07-8d75-c72831fdb398,
a51e9c3e-1d2b-4a48-8f2d-9fbe1c2c7d54,13002591900015
a53652b2-f724-42cc-ab1f-a81db35dc625,
a57127ec-b334-4886-9783-91e3aacfe501,
a5b28515-7940-46b5-9ffd-5fd54ed5c334,
a79e3bd0-5898-4877-8b19-f6a7cf4db733,
a84d51b7-975f-4bb6-98c1-8dfdfda13e98,13002473000017
a95a1f50-47da-4e13-96ef-e40196b085bc,
a96c24c0-275c-4163-a09c-97f27bd4e552,
a9e747c8-b921-46e7-a6e0-a6b9ef0a16bd,
aa1ff772-eeaa-4975-bd22-7a9f8c830142,
aa2f4d79-5995-43d6-8a15-743ef328fe05,90430873100028
aac46dd1-8826-4bc5-ad72-bef1082730c4,
ac10e693-d1a5-492b-a591-17fedbc068a5,41424030900032
ad0675a3-b766-4023-bbf0-643a63c7a5c8,
ad4461b3-9247-4a78-88b4-9478deedbb80,
adf937bd-dbf9-44e5-995a-89c5ac20d0cb,
ae1a5b68-1694-493e-9c04-0ead7a55bca8,42388419600019
af099d4e-d10a-4a43-9d78-fc6d914ef7ff,
af60996d-6683-4a79-a82a-a925f9f58343,38111802500034
e90f916d-9a66-4b63-a0c6-438e67adba2a,
b0519d2f-b7b9-4bba-89c1-76f7c7e8c5f4,
b080cef6-4a22-4045-8de9-489e474251ac,
b0a2eafa-f5e2-4d50-a22e-40ca047ab3d4,
b0fc5f50-5a08-4819-a386-f7051ee38472,
b109bbae-153d-4849-8662-6c6b41f26f71,
b110a526-ff3b-44f3-b2d6-963433a2733e,
b13df1a0-a71d-406c-962e-30a10ef03214,
b1847c88-2a81-4fcb-b86b-b536f10947c5,
842bb7e8-c928-4c1d-a366-a0c727a9a48f,17993450000010
b1f3b441-8500-4d6c-99a9-fb221d88fd9a,26620965900017
b2b06f0d-9ebf-4fb6-9124-237e46d7dba3,
b37ce59b-4326-4fbe-80e5-79aea551bf3f,45309354400121
b3c96997-3a94-44fc-8f06-a44325e0e6ce,94129831700012
b3fc682e-570a-425f-99ae-cc8e7c75b73e,
b449b546-f7e0-4a2d-9f5c-b962990c508c,
b4aa1836-f18a-404a-acff-6f128a5f6549,
b4b25176-fe67-4c9b-94d8-62e0cee9fde2,
b4c62098-5805-446b-832c-ebd209f2eee3,
b51e6fd8-ec21-4408-8af6-15ad16a64b84,
b52b5911-8f52-42f5-80e5-fb89e3066b8e,
b57eeefa-254d-4c50-a5ad-72af350c663d,
b72fff03-8ba7-433b-b291-21b90f254081,34106769200366
b813a71c-b588-44a4-bd44-a6f0c16d5155,
b8b7392c-b81f-455b-8834-0fa511d40634,
b928948d-7901-48e1-a763-9dde1f518f5e,
ba1d4a5e-5240-444d-b913-7f8d6bb0454d,
ba666c02-12b0-4d56-beea-aaf3d39c91a4,
bb4f4f1f-a3e5-4a8a-9721-c2597b9ab6e8,
bb8b2531-5a94-476c-96f7-87fd4daad53f,
bc586e4e-dec3-43df-a2e1-1ee844b839f9,
bcfa18de-b2c8-4bc1-9a34-0c7d8bb3a1b3,
bd2991c8-dadc-4747-90a6-34dae2025e9a,
be95b1f9-17f8-4166-a40e-23920d87518d,91129956800012
be975199-d4bf-4996-adab-051963499edb,55208131766522
bf9f7e77-d607-4461-a862-9b256c6e0d7b,43410452700032
bfe54269-6599-406f-a2ae-f81e4a481c68,
c061ea1e-016d-4c8f-be4b-6c89a6fd3d3b,
c4973ea3-96b0-42e9-85a0-1602ca816de9,
c0993958-9463-49f9-aa3d-26e0d5e3fa98,
c0cce016-a616-4614-964d-4aeb15de5552,
c135239a-2847-410e-8c19-982fee3fcfa6,
c178dc64-eae1-478b-9d44-d09fb2836c2b,98764452300019
c192456a-2696-4feb-bee6-42106d1fd97b,
c314ff4c-d1db-486e-a66d-8abe83f85c25,
c3ba7ac2-913c-449f-84cd-09692ab40e43,
c4241477-c92a-4d7c-9f8a-dfeb915b41dc,
c4f0a9e6-dfb2-4112-b451-6a621389e162,
c59d2a8e-91ea-4c46-adde-48b14e39592a,
c5a0ab19-0fc4-4b3a-9e67-b593c6b054f7,
c6570333-2252-4133-a483-491ec6730d12,
cdf14728-904e-49b9-9233-fbba73b33f66,
c713ab50-2385-4cfb-8199-f781ea031a54,89247897500014
c73a4828-f590-4d12-80d2-925398b62a05,
c78db66e-e259-486e-a100-4a48b4640a2a,
c87e0338-5e7e-408f-92ea-a777cadc0ee9,
c8e1ff53-51f4-492c-b566-49c85fec1055,
c9950d9a-78a2-4aa8-80c1-f7541805d7fa,
c9a29819-6052-425e-9358-6b4981ce0fc9,
ca571661-0ac5-40b0-948f-77accbcdd500,32562035900068
cfffae8a-4c2e-4102-8448-d3ca9bc13a18,
ca9cb61a-54df-41f3-be06-be710058cbe2,
cb43ca65-c726-4bb0-b952-8d4753816e1e,
cb458a8b-919e-4136-9269-d41bfc1ce08b,
cc1885e9-a03e-4635-b0f6-e806095d22c1,
cd2176d9-1c4c-48b7-9c4f-60650ccd1f3d,
cd8f67cd-4767-4a53-930e-58f90d5326d5,
ce15fe51-3dfb-4992-80a7-0c20b9de1ccb,
ce72f671-467e-4b6e-bde8-bdaedf30bed3,
ceda5490-8093-467f-8a76-6065dafa7713,
d046e93d-52e0-4302-9754-c21c0e52f38c,
d1023a78-f055-443f-8250-dfe1861ade55,52535946900018
d127c1fa-6dfe-4128-817c-aa42677ebe27,
d1794ae7-691f-46aa-8f91-9a54b18924ea,
d288b9cc-000d-471c-a756-1825f6102ac6,
d3f613a9-3216-4ac0-937d-6d11e8db1e62,
d4cdf7f1-78a6-4bc5-8799-9f9d4a18dde5,
d4ee99de-63b6-42d5-937d-925e57e20217,
d58c1fe1-d626-4810-97e1-1eb805231f37,
24e13870-5fe3-4870-b533-68b41acbcb7b,12000101100010
d5e80783-080a-487d-af42-cf3c6aa461d4,
d5ec5a8a-50c0-4444-a54a-de15cb67cec9,12000601000074
d636a76f-5a6c-4e7c-8e99-c609f671427c,92288664300019
d63f08c4-969b-4cab-8a0d-da1cd53ff99d,
d7525b40-7477-4e3c-802e-3b479884c8b3,
d7f68535-e3af-478b-affc-396b4c438956,
d923d71a-9a03-4397-a636-22bea47c81ef,38506008200018
d99d9684-400d-4cce-86a3-e413c4917106,
d9f64338-8416-4c6b-9271-f2b23e88e990,
db48ee69-251b-4032-9a0c-5d9ec372f1fd,
db5f671f-4d76-454d-9bf6-0886279f9867,
dbc46f75-e2bd-4686-ac7f-e1d8a8065971,
dc05d68b-f7b5-465c-ad29-8a8f01dae5e3,
dc45f71e-5215-452e-8b2a-aac1f17174aa,
dc8b7865-1f86-41bb-afa6-3b9b27f0595e,
dcd95462-e1b7-4b85-8ae7-99571838be0f,
dcdec645-957e-46ef-9a6c-73fcc44d0886,
dce7e45f-1d35-4ccc-8b77-2ffc0a231d33,
dd067d7c-e10b-4fdb-8a15-70865412a0fb,
dd56bf9c-fde9-4eaa-be52-bb978f57596b,
ddb4ac7b-e6c8-4b70-b4cd-434213018400,
deec1fd3-7a2f-4b6f-9da0-13d9da32b8b0,
e006ab2c-4444-4f3c-97d9-221c72d87cff,39029979000357
e094708e-3732-428d-972f-f9c3b96e39bb,55208131766522
e11cf97f-0f9a-4aaa-8748-20f6e2b3114e,
e11d6cb5-79f4-44e0-bb41-2c11ec290a24,
e1d08f17-b9e7-44ba-aaed-d1c68238e750,
e1d7ce0a-bdd3-4d63-831f-604566fb4277,
e1e6fe0e-57cf-4180-9b63-f536174f7f2e,
e23c7d54-cc97-40ff-b565-999d9ad619e8,88910590400029
e24605a5-baee-4b89-bc37-9220bbfa4de6,55208131766522
e8e4c3b2-31a2-4d56-879b-b00ee7161549,
e391d274-3449-4d57-8afa-482fe89b9d8e,
e4e693b6-aeaa-4c3e-89bb-f3484b280832,
e529445c-e3e2-4389-afb6-25d2385d8805,
e5ed0298-da04-4475-bdb9-6338bea18c51,
e601d9e6-3702-47d9-a2ee-94c96430d746,
e66fb68a-4d0b-447a-8a4a-681c03ce4b8b,89247897500014
e67a7e03-d55c-42e3-8145-cdc514853fbf,
e6f2f399-2269-48fb-9fd2-38da33d92357,
e7e41459-36bc-48d8-9c44-5c154e89e306,
e82748b3-8f94-4ec2-895f-a645fc170267,
e84c7df2-fb2c-4ef2-addd-8e4fcfb0ba4c,18000501900047
e862316c-22cb-4b62-848a-0dbe64e992f9,
e929ab0c-acfa-4a03-b317-1ba45aa5ef65,
e92da560-0444-45d0-80de-10ec0b97b797,13003018200021
e9e84e3d-d19c-4d5e-9d13-e8fbf5cdde86,
ea066f5d-88f0-4257-af54-07999ed5d36f,
ea11ac07-ee50-4121-81a3-c197f8599eca,38088930300018
ea25d276-fbb6-44d5-aa54-8ff6c6fa72c3,11000027000014
ea3b94a9-dbf1-472b-a028-edba873bfead,
ea97f163-5b56-441e-9a07-139450993403,13002348400012
ead4a4f7-a2bc-49aa-9a9c-10aa49f1c0ad,
ec2c2b76-eaa5-4639-adfb-53363ccdc5f4,18008936900029
3f8950f4-a4f9-42d6-83ea-3dbd73017a02,10188592900014
ec4e2ef1-2c9d-499c-bf1a-7dadae58cb8d,18004411700018
40bee7a8-168d-4e1a-a6cd-0595daaba509,
ec502a7f-b97d-40dc-9241-ae2a4089f91b,54210765114459
ecad061b-e200-4201-a4cd-10af9aceb934,
eedb9598-2f2f-4faf-8919-94627fc0fd60,13000683600014
eedff4d4-dc1f-4ea8-ad1e-cc896191dcd9,
ef252db6-fd42-4ef0-93d6-0004031abf70,
ef48eeab-ee3a-4939-a71c-e5ceb341bf9a,
ef6623ae-d823-4dea-86b3-5e5d69cd2b73,
efd8bae4-b0cd-4e35-a2fb-26c31c3392ef,13000552300019
f0a0f929-3aeb-4f48-a84c-c1bd87b4dd1a,
f0d4a45f-39f1-4956-9e7f-169164753df7,
f0f9f8d4-0919-41c4-9dc6-e27d81130f05,
f13fd01c-f245-433e-a67e-68477b0b25cb,
f1877f5c-27a9-48eb-b7fa-91e30f402496,
f383abe0-7ede-4170-8a31-0735fba23759,
f542cb4e-ed31-4e20-8314-ee9fe08922db,
f67ddab7-68eb-4613-b8ad-33a6f0f64535,
f7423319-6673-43e2-8a63-b39f0cbcdcc3,
f7e6cb8f-2514-4b4f-83c9-a7602c20d97a,
f814c19c-1534-4226-9f15-b5f2392f9ac3,
f822a234-86e4-4337-9a5e-602847eb64ba,
f889a139-b635-4c83-bd77-494409c964ee,
f8e78303-a8bf-45d7-ac68-4433dc2e2d4e,
f90142e0-56a7-4428-b5e3-0c5b41670af6,
f90410b5-ce8a-4b06-b3d3-f3942fce27af,
f917f777-898a-44b9-a4cc-dc04f2c9e09e,
f9c19048-d48a-4eae-bc73-5e78dc71e693,
fba870c1-0820-4255-ada1-496f3a4eb407,
fd48c0e0-141d-406c-9b8b-36077031f231,42336061900013
fda2834d-6264-48c2-98ed-9b396f63c148,35177112600023
fe6048c6-d10c-47e0-85fe-7159df7379c8,
fe897507-f693-47ac-a47f-99272c13642e,
fea4c1e2-f23f-46ff-91c6-be3a7cb5140a,42888187400021
ff0a3dfe-ebdf-4a2d-92d0-4dcf8c9bbbc8,
3395c0b6-6e64-4bbb-9fc0-04d63e7fb381,
4b002ce8-6b50-4aa6-a710-16a7c57af4c8,
8a87bf81-67d0-4083-acda-989028730d06,
9e2e261f-8dbb-4209-9b1a-45ce9fec733a,
b5e16dd8-5675-4deb-868f-708574c43ab7,
c9ab6bb8-ec22-49fc-891a-f5eb9f1a35bb,
ca5592b9-2c16-401b-9f37-0d5858223c70,
d773fc07-86ae-4fe9-ae50-0d7a2b7e6689,
ea02178b-64d9-4adc-b5ba-9f8508a55be8,17993350200017
ed724e8f-cd14-4159-adf0-080e2de22d01,
0170bdee-8f87-44ea-b612-0d10b7fc3721,17995010000018
01bbc847-0909-4373-9783-3740d30d3621,
69a8b4da-3315-4189-9c6d-e77728ce55fe,
2121c73f-b31b-4f43-abaa-3e3d3d05328b,
0bd49a4f-6c84-4d66-b653-02bfc3bfa5d7,42848446300024
d588a93c-9902-4a0c-8af3-a472af0c9e45,
66fcb38f-cb20-4616-a754-c56c09ca2793,
80cb734b-fa73-4827-9c34-0a118d3180bd,88215970000013
87c5c18e-8e66-4d58-aaef-e8ea6b680e50,
8a4c13c5-c5f4-4530-8131-068b88817e62,
8d137a7f-04c9-4e57-9ff3-92b5b5d22b8f,
bd027cd9-4c4c-4995-9bb8-fe80bb1b6fb3,
141d814a-7f25-41ac-8598-d6058ed076fb,
23cf024f-1c13-48be-a1d9-ad96791f445c,
d9e5ccf1-57c2-4777-a8d4-e7fd543f9059,
4e00a786-2fe5-4acf-b6b5-64e21438794e,
8bf6679b-1212-4f32-a82b-66faf1407964,
8c90962b-a5e2-462e-bb9d-2dd417eba046,
a0467c61-5271-42cb-a877-d48f4ff60453,75170015400014
41d8066f-aa55-4570-8c6b-ffbd16ea120c,92402819400018
a559930f-9b25-4062-801f-6919d3abd5e8,
21a74e02-cdcc-4267-b8b6-3a4695537b62,
468de856-0d9a-4897-a785-faa70d32e28e,
520a8cec-bb75-4501-b279-4e974c50f9cf,
5856348b-69dd-42c6-91ac-eb5ad67d3830,
6ae7541f-9c73-4e39-915b-d815fc3fb0b8,
7206c05a-8b0d-4e51-9100-67ae1dea9575,18009002900018
7cdcb905-c758-4613-aaa5-2e64e3bf6de6,
852e3e60-c6e1-4895-a482-0cdeb37f758a,
943dd7dc-a2f4-42d3-9a0f-0fa89b684602,
9cdec984-ccdb-4e43-9d13-6c2aee348495,
f0ddc7f6-dda5-4731-ac3a-06d61576d8bc,
e93dbf2e-dd5e-4dcc-999c-c30f4629c5db,
eb7bcb73-193b-4c55-bcdb-e922cc748431,12000018700027
ef2b3a52-1f17-4d16-8766-210440b0eb35,
2a94c92b-27b0-4b4d-a135-44edc955957a,
4f9f17d6-2cf7-49b6-9da8-8874ec18ffe5,
5706deba-cc80-408d-ad4e-aede9ec935b5,
7e772d06-e3b1-4639-b3f3-1d68ed7518f0,
eae0cd34-ff16-4fe2-851a-67fb2d79a3cd,
3eba3302-8873-4ac5-8841-3a04130065c7,38506008200018
6370a143-2446-45a1-9eaf-20da530d0ca2,34738539500012
b439a344-c7cf-4a70-b8ab-936ac07512be,
24db3302-9ed6-43b7-9d36-1c6f4ee5870d,
a72b80d6-26fb-4b2c-8135-48800534d063,
0f85ee9a-e0ea-4a33-9b95-a23a6d305ba0,
96302a75-ee5a-4fed-b11d-daea7021a11f,
c7e13dc0-27e2-4701-b31b-4f05970aa6ea,
dc29bcf7-2d06-4994-9703-72f098755446,
5115ee37-d61a-4b81-91f7-a7f10228173d,
d577fb6e-660f-4caf-acb1-088532030cac,48336096200029
e2991900-e117-455d-b391-75f90864392c,
ddc9eb4c-5972-4c33-aabc-e5a88ea16197,
8ca74cc6-d26a-48e3-836f-6fae39917e66,
2aa5528a-a647-48d5-bc32-a29b624fba25,92467829500016
72e3ce64-7f35-440a-9324-68e838b93af2,
18b04b37-c5c5-4a67-838b-6f1f78e10c27,
32ef1801-894c-401d-917a-5983ec739858,
37a9ef3f-ab0d-43d8-b4ef-6d903faa151e,
48645974-4916-49b3-8b9e-2b047c33d9b9,
4d0f3340-7828-4e4f-add4-11ccd4263bbd,
51862cf1-6971-4a02-93a6-2714d3c547dc,53454695700018
52d1543c-9e94-4736-b25d-676be2abfb08,
5349fbc8-3764-4595-a4bd-8699baf17a65,17991340500017
aa4c463c-9e3e-4e44-a2d7-885a6ac372a0,
aaff69a6-26d1-4a70-a356-beee4db83af6,
ad2a4448-7c7b-45ea-8afe-0a82cb0542de,
ce4ae692-bfae-4c9a-becf-4c01e78680e8,77605646700587
f86d6278-12c8-4d7f-b54a-7b775a1c450e,13002333600014
c2406326-9064-48fd-91aa-e124e542bddf,
e4dedbf8-fda1-4a40-ae66-2e9aaff23f29,17993470800019
f5ed3614-9ffd-444d-a423-9b3d9da93fcd,
f845d14d-1dc4-45cd-9790-87efbb333b18,17993380900016
0dab15a7-d68e-41ae-a508-ce76645532e3,
27664c6f-3ec5-43f3-9916-88e952a12910,
278c99fd-8c7d-4da7-979e-1ff92e5b75b0,
2844dacf-9549-4fe5-bb55-f840d3bdd576,17993240500014
38ddcd43-fc21-4bd8-a522-6aaa5762a16c,80261047700019
394875b9-fc92-4509-850f-2f9410ac1d4c,19670189000028
3af8bf2d-41fc-4708-b165-a556da8f8c14,
3f39f0ea-8e3a-4425-a1d3-b7e56f6bca9c,
440e569e-371f-49d5-a0cd-08c9813a2116,12000101100010
e789f321-05a2-4dc2-9367-c7d7228334a7,
f765ae40-ebdc-41a8-a08a-ac6cf582bac0,
ffe7723c-2b17-4029-a4f4-8aa362d30e18,42882285202140
0322a9f9-8c7e-4868-b6b7-ba44ada9b043,
7d578ac5-5641-4a7f-880f-e9bfa0540cad,
7e062ea7-ca8a-4d1c-b088-680ba28370e7,17992070700017
7ef30183-6356-4263-8069-997f3a253b84,
8f38f98e-4005-4f6e-8cf0-57dfea8c3b1c,
9324d58a-91e9-4661-ba42-a4448610fc00,12006402700077
d2671bbf-33d4-40ff-a8a6-b732e2c78c46,
a5b21881-f34a-4c74-9b9f-47e4da4984f0,12002001101155
b1d07d1b-ee12-4d7d-8eb3-dc16734db43c,
b38d3856-6755-4b41-9446-65a7205086c7,
bd9e3020-7cc5-4000-8426-062f399c80c7,
c1ecf884-c401-4159-bfe9-5a05b4215bdf,
d070d854-536a-4474-8cac-262d5d7d0c72,17991320700017
d0b07b57-1843-4432-92e9-67e42528c625,
d1cd238d-8e67-4b37-976b-212d7cd7e2e9,17993520000016
d9dc4d7c-e255-4f9d-bce0-0b1cc9bea40e,
6cc558df-e866-4759-b33c-ca70c25314b8,
a3608e43-8fb4-41a6-92e6-77074f46c3c0,
a439dddc-35cd-4e58-b635-64ae40de8eca,
a94d597e-ff67-4e29-b805-7886f2709195,
ecf8f0ed-9faf-4ba8-89d8-76067d172d03,
f15a80e8-f453-4745-a03e-6aeabc998e2c,53084801900010
d5a1b83a-a8bd-4449-84fd-e21e37b3493b,
53a089b8-d217-466f-93c9-989b186346da,
5413bec0-c41e-4151-a4ed-cea308a7b873,17993990500016
5458f9b1-7cc3-4324-b874-d9b7518d215e,
57df0d97-9888-47eb-86e0-e66081d27f6f,19753480300014
d64a5a23-db62-4741-9f08-48ee5500ab20,50022217900037
d8cbe97e-7021-4b25-b866-ee15a24a2d45,
3383d499-abf5-4105-bcd8-3af3c523af30,
db44a586-7213-4856-950e-657a64cefed5,22330001300016
18d7d1bd-e45f-4c50-bcae-dc095905bbcb,17993240500014
1ac29d87-ad26-4398-9651-29c5133919a8,
39569498-e98a-4920-81f2-245cbe170300,
6a147601-68ee-4e09-9a67-6aa367e0ca68,13000509300013
90b30f80-4a9e-4396-ab7a-d1c461010b87,13000509300013
90d949de-c219-4d3f-a8a7-e1eaa7050156,
1eea05fe-6fd8-4a56-b4f0-4bf5b2586836,
2f4b3768-2790-4109-8bf9-dd0c2fc1ef0c,12002001101155
4ef22fe1-02a8-4dfc-9808-aa289ae3178b,
5dd4c960-4541-4d6a-8265-2529bbb86bae,
d6185a4c-ef03-4405-b5be-0065d4158546,
43c5e43f-790a-407a-9ff3-514af2144045,
6476b8ea-b55c-42c4-be2e-9d462ee53ec9,
6479aa43-fd21-4993-9953-c43e3606dcc6,49967260800027
1734fac3-5a0b-42f6-93d9-f7a30ee1d346,41875984100012
249f657f-8e1e-4b63-82f9-990c57f7cd95,
2602fb2b-135f-4b9b-b975-123db1c8d90d,
38546c7d-64fd-496f-95cf-a9a7cacf44a3,
4a6d3797-3d4a-407d-8a5c-811a6ce5dc8f,
6cc98f04-35a7-4679-9909-2ec7dfd9a127,
77733540-0b55-4ace-bd22-420f51479f0a,
aa8cb021-74e5-48bb-8173-622892b89bb0,
ab2fbf80-cbe2-4c5d-a7d9-9d17528ebe93,93249089900014
b3d1dbf6-2883-4431-85fc-456c7b684808,
b6976e4f-a835-4dca-ab20-1f9448223438,85165530800019
b8737008-0982-47e7-92c2-1c93d2da4bcc,
0b8ecbd4-ae97-4f59-9279-fbb84e25e4d1,
11c8beb8-a648-4068-80aa-0fb1ab69d2c3,
2fd6ea65-255c-4173-acac-73b0bdbdafa0,
322c9014-1129-4e41-b5ce-8e6a1dfa3015,
4182887a-b4a8-4c5b-9e5a-cea5ec8c3f48,16002205900010
7c3f4e0a-2499-4580-a070-3135a3598dd1,
8632dbc9-59a4-4d53-bd71-d63bd9321b5f,
bc3817f5-9035-4c77-98c0-baf1d09c9089,
caa59ca4-4630-4ab7-87fd-52bff85857ab,
fa73bd7c-4096-4c39-94f8-c806995e9c90,
06279679-fdfb-4506-a371-2a60834bd8d8,
063fcb10-47e8-4abb-8d2a-3c6d763e9540,
0ca8ab74-0f35-4ada-8c4b-f1a80811a8eb,
5a68345a-fda3-44a3-8dd4-fde517b772c8,
6957dd0f-7bdf-43e7-9ea2-57dce710ad13,
8fc43870-dee5-4383-a8d0-b8273bc7ba07,
97c295c4-797e-4542-b5ef-72739803c63a,13000530900013
a93eb89e-bb46-4029-99e7-4e25eb577151,
ffe88910-d143-440f-b85e-0a15a29068f9,
074586e0-1197-4345-96eb-45edc6cd72cd,13001249500011
19ab89e5-d863-43af-91ca-39117f2eacb5,92480644100011
1bc956c8-aa81-434d-89ad-60dcb3198226,
1e117b7c-7353-4d37-a167-a6832a97dc17,16002205900010
243a554e-7db9-458f-9c86-ccd74905aeec,
453ec9f8-3fe1-4471-8a51-5b3c6a1660a9,
84214eae-00be-443b-9270-93f18d5a5828,80284086800037
accc657e-14c8-4f65-9f06-8ca520aa807d,
ce6a4125-5cc0-403b-a57f-112184d9359a,
ddaccfc5-6b2f-489b-924a-bd4bcaba1a74,80071451100014
05ad940d-c13c-4530-9918-7510805873fc,
0b99fa34-0094-4853-b428-177278f78781,
13e67a80-69ad-489b-99d8-5988e1b1d3c8,49879975800012
2cbcace7-b300-4092-b355-556e895ebfb6,
32c4e2fb-0514-494b-9a3d-70ead87413fd,24180050700071
35c795c5-cf78-4ec3-b0e4-4f792d93a57b,
37858d6c-4e78-484f-81ee-f081bfd43867,
68f3f060-9bc3-4c8d-bfa9-c35409b1bac1,
8f4555b6-3fc7-4a74-ab85-7ababb411525,33151759900014
9e0792cb-40f7-49f5-b0ea-73e2af151fb2,
b5706988-3139-45d5-8130-69353aac838a,
b9d2f1b0-4703-4ae7-aff4-a1222eb6ff95,
c9e01c1a-f4b0-4c22-89f1-e883a225f802,
cfc1741c-8588-48e8-9a33-bac481fe76ab,
0b3d206a-4944-4fa1-9fc5-52551a946ce1,
118305fd-a7ba-4167-ad69-5453e0765372,
2d39c0b6-e584-42db-a76a-02727e92fc7a,
8d922bc0-dc85-49bb-8b47-22ac09f0512d,
8ddb7c62-d05d-4b05-9d1f-f76f76bc13a1,82141456200016
385c0206-1475-4ab0-a41c-e9ad85335405,
4c6dddd2-0107-4f6d-8ffc-84d5bffc881d,
58838e6c-ffef-46a2-8427-73f6ce062464,
746f5c60-5d57-443d-8b84-9bf760672842,
8a5c3204-467c-4076-9996-08ac7db24622,91998137300013
ad78b482-e2be-470f-9901-d5c413be2a5a,
b668ccfd-9d34-45a3-b28b-38042e4e659a,
b85eabb0-1afa-40f8-8c7d-331658f4b58b,16002206700278
c33c5612-3743-403f-92e0-42c2fc463288,
d50358f0-6611-4f27-9e2b-e17c740cd5f2,
ff786532-dabf-4f96-b5dd-c6462860cc15,
091f4406-69e2-4e07-ab6b-c600f5775dea,
194f6e49-fd7f-45aa-b04c-e9fd6bcbe63d,34061501200010
27c63762-75c7-4e76-87ac-2fefba9ae900,
3733f420-8edc-424c-a19c-95df89afd348,
37eb2b46-b5b7-45ff-ab2e-c8da2b95a63a,
447eebd5-0c1d-4f9d-b399-a89d3bf29d1a,92467829500016
578a6ed0-80ff-4699-99bb-54e2bdbe7428,
64845d9e-709f-4afb-8700-697c4c0b3072,16002205900010
697ac533-6619-45a1-81c9-2257f0f6261b,
77699937-ca81-4151-b381-7b9dd53fafa0,
835cd943-9cb9-4a04-9e90-06f0ac64f19a,
971821c3-61b6-44ff-9159-305e2c3bcba1,
cb634da1-e352-422c-a4bd-8410ee53ba41,
d8b138cd-b0c9-4bf6-9071-5feea2dff430,
dc2157f5-d180-43a3-83fe-d1dc9e31ff44,
f0743530-acfb-4aff-ac99-f2c1c5e6f8c3,
652278af-3703-4259-b006-ad695c4c4844,
21265bf9-0eec-4ae5-94af-b64ea632513a,30960902200095
2d975a52-c350-4159-95e4-227615179dbf,79914179100027
391f159f-81b3-45b1-bde0-ed7adfaf0ba3,
41c89b4a-0dbb-4b5b-92d3-fe7b21de99ff,
5ab9e63b-af41-4fd4-a7e4-83bfacc7729c,50790948900019
606e7869-c223-4913-8da6-b99251b057f1,
96261b60-9bc4-424e-a1eb-f55cde9cab08,42274109000019
a2abceba-c457-41dc-8532-5e9e0561905a,
a83b9f0f-3782-4ce5-8c2e-af0c2f020598,10200000700017
b952b304-a5ad-4955-b680-708116591975,
de69b676-cb2d-4a92-9bb8-979dcc9de93b,
0b346f70-65e0-47d3-967d-ce31675a052c,85322202400020
0efd6556-77c2-444d-a5ad-445481b2dfeb,
283f8a7b-9b4f-4caf-9135-22271dc2a53c,
3d8bd8d6-64d8-4eda-8028-36b4785ffa16,
406a118e-7087-4fbe-affc-dca51ec34a2d,
49114a30-a092-45ff-a04b-15aa5a8a345d,99454069800010
732bb700-2d3f-4c0b-ae1b-d876a71b8098,
83c51694-4e9c-468c-833c-3a7bd1f6a9c7,78440689400054
8d0078f0-999a-4b72-a515-613ef370e3bc,
a62996b6-70b3-4731-b2ba-cd2ac305d49a,81802734400022
a07dcaca-b3d1-41ba-9dce-489c8be483db,
24ccc225-bb04-41c2-a7b8-f6b3ebb476ce,
2d78db6c-07e1-4024-9c9c-0a510a44ebb2,
33cb031a-b503-422e-9ede-ef3fe79535b8,50979688400013
3f467bf8-6d7f-4026-97d2-9961da2ae528,
59ab01bd-2b76-4f4c-b9f3-dcddf1919b1e,
8ad1c3d5-e7e9-4784-9e02-ea7dfb904cc0,39267050100049
96562c63-be37-4121-ab7a-8c721292cd5b,
bb03c5a4-96e6-4bb9-86bb-248fb8b3b1a8,
dcbb4f37-711a-44e4-bbfc-d0cffde8f225,12000003900012
deea885a-b098-4e75-8fb3-f88b7e5f38ec,56288046800805
e6f82d87-8cd1-4793-9c32-abf38b4c787a,
0e738ae2-f732-45ca-b78e-f80555a64324,
ded4159d-1be3-4315-8cfd-f37f36471b7d,
ee4e5590-9597-4ad3-a89e-cb3925f022ac,
ee712099-b4cc-4d4d-9e64-ba88618decd0,19692459100015
ce1d0a73-aac7-4280-9db8-5aee062fe06a,
ab9410da-a329-487b-894e-fbc57a78c855,13000637200010
c5f4c026-cffa-4368-ab57-e573a5a34eee,
c0d688e0-f254-45bc-9474-d05e749aae4c,13002333600014
4599ce60-6097-42a4-b908-cf95db5939d7,13002631300010
862aeff9-c635-4d0b-bf7b-a193b4041f27,
885cd99d-0b4f-4cf9-b6b9-ebff87ae2805,17995100900010
886a6e0e-da19-4f0d-a421-22d8e89373f3,
8884e740-cc68-4d1f-a825-be7289da3c54,
e8b62547-9b72-40bc-8771-bc78240032dd,
532572b5-44ae-44d0-8181-be5577803a9c,13001184400011
12ff2bfa-a9ed-4534-955c-95a3c078f23f,91380961200017
793cc78c-bce8-4660-961a-970de8ea9dea,
6337aa1b-13f6-49d0-a397-9d81410c3cb8,13001954000025
d85bcdb2-25b1-407e-8cd1-e33dd39df30e,
d9c6db4d-48ab-4024-b0c3-34d2af643923,
daf4df1b-30be-468a-83cf-cafcde3c7f67,39267050100049
405451a4-9862-4bcf-a49c-c92e269fe6f1,
406c0a1e-f770-42e1-80ae-30266b3273eb,
e7c2a827-6efa-4cce-8f17-75b98d1ae6f9,
f461dedd-5fc7-4113-898f-e34e13ff899e,
8a9e64bb-7b4d-406e-a80c-53e1b938f0b3,
0444d689-f52f-4968-bd56-c5a0d08d4ea7,
4774bde9-0bf2-434c-8562-538f645a9467,
70328e5b-a92a-43e8-9433-af66ab99a342,13002632100013
c8ebd382-457b-416d-bda2-d5d4b1e7e709,13001125700016
c9189fd8-e21e-4177-981d-5a664204f321,13001971400018
f36fcff4-9170-4c92-a399-81f99855cacf,17994240400015
26d962d5-f77e-4086-b023-fb045c45dbc4,
4536be76-4089-45dc-bd38-833ab57da520,
45e488a2-c977-487f-b62f-19b4d6504d9c,11007001800012
5d3b1cd4-d629-4366-8bd3-52d101ff9ce2,17993260300014
5dbe0e5d-8149-4efe-859e-dd3845f71905,
5ded7df4-f9cf-4e09-85c7-3b21c6226258,
60ef52dc-624a-417e-838a-904531280e26,
61572de3-5c11-4b78-9298-065386bf69fd,
74935183-7042-4ffc-a6cc-32f3421a3b26,19940607500036
75a12b33-8ade-42bd-8205-574087602aaa,13002198300015
75ae95fe-a844-495e-a302-c09d3c819664,
7bde7afa-49a8-40c9-9464-d3bcd26c7e1c,13002591900015
be540240-4868-4702-b461-1e8b3eb7d0c2,33499373000012
c590450b-2d0c-4378-b259-370c6d9f2f53,
d352dc27-92e0-49ca-8503-13e7b868071c,10200000700017
d3bb7765-389c-488f-8f39-9a30f005c15b,11000029600274
dd8f2a08-d6f2-4128-a825-5aab64614438,17992230700014
e964e062-9621-4000-912a-0b09e8080266,13000509300013
2294b770-a69b-4699-8c04-9050d8acd6bc,
22c72c3c-0c07-480a-9669-0f779f7e6184,13000288400018
23c65a92-1b1d-4982-aade-dad40b8299fe,
a852d934-7855-4ce6-947e-1d1a471dc750,17992130900011
904b873e-448e-43bb-9821-e84a58228557,13002528100028
b864f0fb-97b4-44ec-84b3-8c6e84f31db4,17991270400014
4fa84ef9-e65b-4b8a-87f0-58567eaaed22,
6e4946e6-2cfa-4d99-b0cf-fdce47756162,
49262d2e-c261-4449-b23c-0f419b93e1d6,
418fbd08-080a-4038-b514-9283b395bd8d,
a35d5a8a-7f19-44c6-8db0-bf0281456100,13001232100068
57adb26f-a859-474c-9378-30cf7ffaa42d,
d47f0491-772e-4b16-b817-9dbf9c36029f,
8cc7e266-fd31-4048-8eaa-bf3e9b9c36cc,
a4fee886-b67f-4bc6-8516-a458889019a6,
a6d74115-e9e7-4d56-8cfa-f02c83e10b3e,
90fd2a5a-7fcf-43f0-afeb-9709eb2d6d4a,
bb12dfef-6cc8-437a-8636-0bc6d9bd57b5,17991230800014
bb1da712-15a3-4c84-a8c6-f8573250e218,
d24d1af2-c506-4b10-82e8-ab92b8e959d2,11009001600053
efbc814a-c865-441b-a832-7ce683f5203b,90483735800012
16104187-7468-4ab8-af1d-0d3a7fe38be0,
5d844ebb-0278-47d1-875c-9381dd02e445,13001183600025
6173ffd2-fc2e-4571-bbe9-1d79353e8c6b,
6f421f75-3877-46d5-b899-0d1d1127b290,
6e1743db-5623-472e-90ce-5dfb49e1c125,
9d58ff50-1216-4a94-b629-800691efea25,13001831000537
06e6696e-8a1a-4f84-a6dc-6499f9c827a0,13000115900016
625dfb9a-5ead-424e-8842-326b945aca9a,17993370000017
b3c59f25-805d-4e75-aef6-9c053a50f038,
7a23cdde-0ca4-4d09-b47d-465f270efcd1,
b988ccad-4d2a-4da3-ab44-6ba50f9dfdb8,12002001101155
ba1a0e00-3a3a-4fd3-860a-5b44a6d4ed4f,13001835100010
c4195774-f535-4d82-b03f-d5f0c6b08635,11002001300097
cd321a92-7646-4de6-89b6-62de8083a8f5,
8cef5db9-d700-4517-9d98-488842d26a03,17991400700010
8d4b1a11-1d26-4c00-ac4f-cf26b6f873a4,
92acbad9-77db-4d10-9e04-c716ab8748e5,13000279300011
e4d7899b-dfc5-46d5-a013-fe9c79ccef65,
f6ab91d0-7451-4297-af44-81c502feac95,
f6c989f4-63c0-4d3f-bc8d-0409ff988fb3,34132615500015
188a9334-2b59-4912-a134-d57592dc79d2,
2e6b0da7-0e52-4376-ad36-ec390925dff8,
3b9a0f16-98d8-4160-9956-5165d0518930,
1e14e803-0f5d-483c-b565-697d9aa1b543,
61536fa6-2ef2-40f3-ab01-56f7ec55eb41,
61979c11-3767-4822-bbf2-4aa42b730539,
63250bb0-f993-432e-9d17-6cb47b75bdcd,
4419aa02-21b1-49b6-bb1e-cd4072f7aee1,
4b18bcdc-26a2-4fc7-88bb-7fa81d7db736,
4b526c64-8873-4223-9e08-ae1198b61985,
4b670022-0276-434d-bffe-e37aa68dc2f5,
4c74da12-9c5a-411c-a6a4-13c2774a76b8,
68bbfa88-8a2a-43cc-b842-1ef37d1480ba,
98f64c13-8c90-4a1d-8bcb-22def107145d,
993088f3-ba82-453c-aecc-11966060b11b,17992470900019
dfc29b98-922a-4368-ab49-68e424d8f363,17993290000014
fbe2701c-0d8b-4344-9e03-7af12ae4235d,12000101100010
ca1e6da2-57f4-4c5c-9f7f-495bd8f0f454,
d56ca380-25d3-48a8-a03e-6613a7b0b313,94052026500015
d7e224e8-ca50-4258-b7ee-00f15e2dab25,13000207400149
d91ce191-5402-40e4-8f6f-200665f1e02b,
d9ee61e3-29cf-48f7-9a75-43f32982ca32,
2898a8bd-7e63-4421-a07c-9674862cfad9,
45c83b92-0bc7-4749-8131-94d02f512b92,13002810300013
461bed2c-27a8-4ded-bd61-b2818207db21,
7f0eec19-6402-4a43-ae18-c0fa1dbedd67,
7f39f65a-b9f6-4d8a-b992-bc85233f62a7,
aa5667db-650c-4685-a95f-28a45534b74c,
aaf254ce-1b49-4824-9c4a-2a2ba6337e1b,17992160600010
b499cd57-5818-4d5d-86cf-09922ace235d,40389209400034
b49fdaa3-c5d0-4b58-b8a8-61d28a88a0be,
bf1060f6-2d19-4462-a287-967e2eda7d39,
d93459d0-f0f4-4641-acf8-d7042dd8b7a9,
1a153c10-468d-4ffe-8a6e-53585a4cfda1,18009006000997
1f96c424-5b84-4324-a330-e17fb369e314,
2179401b-df4d-4fbd-a22b-7d38ea29e231,
33161357-2a15-45bc-91db-9fb3b225398f,13000496300026
4691ad9b-a0e8-4786-acde-cbfc4db73ca3,
47373c71-c82e-4ef0-a813-767c8bce1ab8,
580dcf5a-05ff-4b55-b250-a0b9503401e4,
5ecb0147-f941-4826-8908-24f130fff2de,
9c4c3738-3be5-4920-8bc2-adad1040159f,
9c4f2a01-d6e8-40bf-aa2d-d14e67493c9f,
b203040a-8c54-4b2d-8cac-2c78d2c16cfb,
fc29a803-44fb-4cc0-a54d-3409fbfbb639,17991320700017
fc4647b8-c457-47c9-8e57-434b3e891ec1,
119c8708-a2e1-4e31-b70b-b36172a36e5a,
312735f6-e7cc-48b5-96e9-585af6d24b7f,17993331200011
31a2b898-0118-4581-8069-23f9d4da2e27,
50e816bb-8a34-4426-8da5-1e006056c7c1,17991430400011
5b69cde7-bda1-4cbd-b12b-d4189e567449,
61adea49-ed63-477d-a16f-20ad63c71325,10105822000019
61b9d476-04bc-43a6-89d3-958e509da1fe,52161821500029
636737a4-937e-4555-ae3e-6e4f1371cd65,13001089500014
7aa65879-ccf9-40f1-8c09-8978e52ca7c5,17992230700014
823164fb-3419-4bde-a6cf-642ca4ec9d37,17993220700014
84e2ca17-aa50-4832-9338-1abcf48a9d47,
97e33d1e-efa8-460d-8410-d62f41b308ba,10636442500012
aa925d0a-4697-4218-b9e7-1e7023fc275b,15000003200022
ab5b6dd1-db98-4b51-aacd-641846c31c85,13001831000537
ab7ba91e-eb6e-4833-9e2b-e65189323eaa,
b75b5492-adde-4bb0-a0bd-864f826fc5b9,13000189400034
b7a66b00-9105-4e64-b69e-adae5d2185d7,
f8cf2f57-7cd9-4b90-9055-e6e8925d3787,18009226400225
5a417930-9e04-4b72-9ca1-ac12442d3a99,17990003000018
8e2eb014-2dd4-4af7-a766-e2d4c9c73477,
95be4f7f-196a-4541-91f6-8fe5b685d018,
9685deae-0b56-404f-8d56-1382944ea5f5,
96876ff2-e4e5-4b08-ae5e-62b1f491c23c,18004412500011
1221a8d4-a524-42ef-9767-add4d2b0cde5,13002111600012
15c373bd-3034-4296-a990-533d0238a6ab,57210489100013
245389cf-2973-4850-98ec-12f3f5518b41,17991271200017
05814148-526d-41c1-9430-c38c8c4df34d,17993410400011
309563bc-44df-483c-9478-ed72beb666dc,17993300700017
30f6ea5b-7db5-47ef-b053-7eaddd25992d,
49678c36-c663-4a25-81a7-2a80ea582f3a,13002485400015
49dbe7d1-0aa4-4477-8119-301b82b847e3,17993380900016
51e0cfa4-ab52-42d0-9e59-f61f509ae5b7,17994050700017
9680d71a-2744-4db4-8774-12a67b8a60d0,17994150500010
a0654394-44ef-43b1-94d6-3680f8b7b893,
a0e44306-21d2-4285-bf0d-75813afaed3e,18751275100038
e4b4744a-0161-4e64-b4eb-85e1d470feb9,
ff129b95-8613-45c2-aaf5-1c317274fd25,
1bf16098-bb59-4b3c-ac8d-cf47abae876a,
1cbce423-98fb-4fda-b500-a4b275c8e440,34853975000037
1d7ebc8e-b4a7-492a-819d-4f816b1da264,
24a1e4a2-2e9d-40a7-95d3-19a233aebaf5,
24ed5c3e-4bdf-4bef-b0a5-c02d6d34cb17,
a3260853-5204-425b-9dd5-74d6cfc90d2c,
5d636ecc-74b6-42a0-b4e1-b4a024a3fbec,13002333600014
62f6af59-1fa5-41d1-8c8b-73b79f3ec49c,
ce3dec94-dbba-493d-b8a4-c613e8a40df7,
ce6b3401-52a5-40eb-95af-1c612142e968,
a4a27088-ef75-40eb-ab5a-6476c22aa1f9,
d5deaabc-0ccf-429d-8a94-7a1709e2ed16,
16f70ca9-7d8b-416c-a88a-f7d53dfa47ab,13002504200016
171547bb-9d67-4c21-973a-843564f8ccf6,19211660600018
300b0091-e5d2-4aad-9a12-bcf6947ff78d,
d3f79c6a-c7ad-45ee-aae1-6c60f96f6830,
d4175c4a-3224-4836-b3b4-0f011c607e2d,
375eee62-1a39-4d4b-8b03-b3e2875b1f6a,78480968300484
442cf492-d33a-4091-828a-392386448223,
44bff0df-0833-4113-b4ad-5f14f2f08c52,
5b7d1de0-06cb-407c-9b9e-90d359fb24fb,13002810300013
6500faf5-8d63-4475-8849-efce3749547e,13002812900018
65c009e9-9900-46a4-b747-95f40d5c466e,
666d2577-a5c6-482b-b92f-c5803040a01a,
858af0f0-4b47-4b2c-b616-4f87c22cc739,
861212f5-2a87-4cd4-b990-4fde3961beb9,
9b240c4d-14e3-4066-8f14-de09c687d63a,11000027000014
a46981cc-51e8-47dd-8681-8faa8ea58e7b,89961480400016
a6c20943-f5af-4c06-ad30-34191a909f5b,
0dd547d8-44fb-4af8-8768-dc8a95614f0d,11001901500012
c26cd543-1069-4604-8916-7bfaeaf5caf4,
470a40e3-1211-4ce1-bdbe-bc98abcf3ac1,
f7f821a7-252b-4122-aac0-eb9efe40f608,
119347ae-3305-4d39-80d0-3b774d293395,
3a7e48e4-95fa-4048-a783-20e884c5de27,
3acedc1a-91ef-4ec3-8b13-c047cbfac03d,
4705e42a-1af3-4113-8bae-b8df67dd36d5,
54e28116-e18a-41e6-8b9d-f1b79c81d087,17993901200011
628b01bd-e2a9-4503-ab74-47d8ace7f4fa,
62d730cb-25b0-43ba-aa05-dca6a1cb1032,17993230600014
751f690a-ccdc-4fd9-aecf-25e8a0aa545f,
832e5ed4-9ca4-4e31-af1e-0643c27a7604,
83c9edc0-6d82-4b61-8982-dd154de9bfda,
86351a83-76ca-4d70-b063-3921a49a6b02,79155409000021
87edb27d-ccd5-4189-94f2-20f7b8b5eb68,16002301600282
a62bee61-4c7c-43dc-925f-3a506a006c2f,11000042900016
c9dd92ec-4f4c-4734-92f8-c063c9720a05,13001254500013
cb1ce028-ccf1-42e0-9381-6afc2b506ad8,
4aecd4ce-f50c-444d-9d60-6581a0156831,
e77afc60-d1be-4134-b198-9dff7d400d59,17991171400014
5ab11965-858e-4fb3-8240-bb9b0d5591d0,13003146100010
7cb438d1-1811-4e5d-9831-9e499f53d6a6,16006402800022
c1748fd2-01a9-4a66-990f-97666ea96c5d,
eac37324-3f04-4f29-a323-566aecbeb9d3,17993140700011
6db4921a-640c-4a20-bdda-0f496eb845ba,18140009400031
14f48ad2-5694-42d9-bfea-a5d6ff2d97ba,
7d83e046-aa06-40ff-b630-730bf3887865,17992350300017
7a8b8be3-0401-4419-952e-90602c2f2d3e,
0a81efa0-85f8-416e-8426-2320448b9f4d,90991222200017
8113a300-5272-41c4-bdfe-1da7a889b406,
816986e8-5f48-4ccb-89ed-cae31b38edd6,
83a16d19-45ea-4b7e-9b73-4cd4edd06dd6,17993150600010
788fbe81-0c4b-4cea-b43a-9074d6aebe01,13001436800018
8be4f0ae-0aff-47ad-92ae-c29232ebef25,17991250600013
46433482-64e4-4b89-91db-5705e17e7eb8,17991110200012
8a97f057-ffe8-4422-8505-24fcc41c4d03,17992160600010
31b58c40-e5ca-48a2-a1ba-b73663216612,17991220900014
fbddbc4f-6422-41b6-998f-cb88504bb1cf,18007003901803
5c09bcbc-06a3-4bc0-ae42-12f2ce9470b1,
5d907ae0-54cc-4399-93db-c82f2ab69e5a,17993950900016
dc5099d7-606a-4c2f-957b-23296df4811e,
b905e50a-1b86-4fca-9632-c96a8765c322,17991320700017
bceb53d1-fea9-4b39-a6a6-d15c88a14d3d,17991370200017
e5c74a17-d7da-49a5-a1a3-429a15471e88,
e5e14bb2-fda8-4c8a-9765-3046062c5461,
ebd066ce-b53c-4d15-a6b5-4047fc07fc70,
ec49ebfd-ffff-4a02-85d3-82ec5c1542db,
4a311845-47dd-4083-ace4-f3ab02cc6a76,18009226400225
55ade474-3175-489e-8583-f487b1df562b,
c5a8e1a3-13c6-4482-9234-306a44791055,
cafcf375-d154-42d0-b121-bd3c5086af45,
99ed16ba-a453-4f4b-b50c-6c2b93e511ba,
5c332e8f-4ee3-43bb-b9bc-bda68cce66ce,18009202500154
4c3ad3c8-4e3b-49b9-83fe-4c863327af88,
b7e186bc-4582-4365-b042-3f3dbaf23214,51885263700017
6de3d6e4-af77-43a2-ab74-96e92f2f7ed9,13000637200010
8beedb3c-1140-4cf3-b55c-860c8c27d164,12002001101155
19b02a83-b424-4bea-8959-0cea958b442f,12002001101155
42680d17-593a-4bf2-a4fe-adb01b308578,18004619500012
7989d49e-482f-472e-ad5c-05ff7c242177,
4ea48f8a-b98b-4dd0-8083-9e8f7722bae1,55208131766522
83bba193-fad1-4ee1-9cd9-8ef0d9cd2ec4,43385125000038
97f38c13-1b6a-42c5-aa57-be31cc135038,
98a3806e-e3a0-4b04-a878-b13e15df92a9,19332239300011
3dba9970-abfe-44c6-b26d-4d74914cecea,
6bc79413-620e-4fc2-a295-fdb907138a0c,80899346300013
6c4edabe-33b6-4085-8ea6-5a6dab4ccf36,
8e0325ee-213b-457f-aaf9-1a5451604178,
99abc58f-6a4e-492c-aad3-d44910c78089,
bb6473d9-b862-427e-b222-d470283a8a28,
46956425-f9c1-422b-935b-7fef101753d2,
4cbc0a51-fb2a-4390-96f6-1773282c8c9c,
3c2154ee-bca0-466a-a83e-88a9dfa84965,
b4d3bf41-240f-4118-a014-7c26524fd4c6,
b7a06a74-50a2-4e5e-9d77-db8bfa1070d3,
db2b74d4-4dbc-4d7d-ba1b-5762e2cb06b8,
dbb89184-5648-4cf6-8d8b-16fba419c68e,
59f7e856-f4d1-47fd-b5e8-1fb8aba68195,
e922b61d-8ab4-4263-a095-aca5c42dcdbd,
eaac22f0-39f1-450b-939a-398c2bda95f5,13000349400049
eb11c9a5-1112-4bb4-bb39-b659ac754a2b,17993500200016
03041079-fa6d-45b6-9961-6c9103209bd3,
049e887c-beba-4eef-b9c9-272911bfeb43,19753471200017
c4e52ac4-c203-4c5c-9c99-a201c2efa84b,19753501600020
c6d9b69b-44e6-4a53-84bd-992b51230d4f,
c7f35244-3c48-49f5-b16a-dbbb55a16232,17993120900011
5675a667-dab1-4b45-8046-2a81e25b84b0,
68f14ac8-eaa7-414e-afa6-5b76fb650555,
6d939a66-fc77-4e67-ad1d-1952a00c6a7f,88103571100012
6c0acb03-6f31-47d1-9391-40396fe785d4,
2d7d312b-269b-44b0-8269-9b32788a06e5,17992500300016
2e87d30e-6b82-4ca9-92cf-47e718950a06,17992240600014
2ed9a062-4e6f-496e-a68c-a273e83ae346,90991222200017
9b8189fb-9069-4286-9501-048d48a79a51,
2b3f2953-49d7-4934-976b-b111d827a066,
f83d3474-ee3a-40ba-9af6-608ec0d73544,19340112200026
ac13f3d1-c710-4230-8985-d7a0a40506bc,
